Session,Group,Recording Path,Model,BER
printer,p102,/media/storage/hadleigh/stegaphone_data/final_rec//p102/timbre/sample_7/watermarked_printer_recording_iPhone_Microphone.wav,timbre,0.6333
printer,p102,/media/storage/hadleigh/stegaphone_data/final_rec//p102/timbre/sample_7/watermarked_printer_recording_Fifine_USB_PnP_Audio_Device.wav,timbre,0.6333
printer,p102,/media/storage/hadleigh/stegaphone_data/final_rec//p102/timbre/sample_7/watermarked_printer_recording_USB_Lavalier_Microphone.wav,timbre,0.5667
printer,p102,/media/storage/hadleigh/stegaphone_data/final_rec//p102/timbre/sample_7/watermarked_printer_recording_Yeti_Stereo_Microphone.wav,timbre,0.6333
printer,p102,/media/storage/hadleigh/stegaphone_data/final_rec//p102/timbre/sample_2/watermarked_printer_recording_iPhone_Microphone.wav,timbre,0.5000
printer,p102,/media/storage/hadleigh/stegaphone_data/final_rec//p102/timbre/sample_2/watermarked_printer_recording_Fifine_USB_PnP_Audio_Device.wav,timbre,0.5000
printer,p102,/media/storage/hadleigh/stegaphone_data/final_rec//p102/timbre/sample_2/watermarked_printer_recording_USB_Lavalier_Microphone.wav,timbre,0.4333
printer,p102,/media/storage/hadleigh/stegaphone_data/final_rec//p102/timbre/sample_2/watermarked_printer_recording_Yeti_Stereo_Microphone.wav,timbre,0.3333
printer,p102,/media/storage/hadleigh/stegaphone_data/final_rec//p102/timbre/sample_3/watermarked_printer_recording_iPhone_Microphone.wav,timbre,0.5000
printer,p102,/media/storage/hadleigh/stegaphone_data/final_rec//p102/timbre/sample_3/watermarked_printer_recording_Fifine_USB_PnP_Audio_Device.wav,timbre,0.4000
printer,p102,/media/storage/hadleigh/stegaphone_data/final_rec//p102/timbre/sample_3/watermarked_printer_recording_USB_Lavalier_Microphone.wav,timbre,0.4667
printer,p102,/media/storage/hadleigh/stegaphone_data/final_rec//p102/timbre/sample_3/watermarked_printer_recording_Yeti_Stereo_Microphone.wav,timbre,0.4000
printer,p102,/media/storage/hadleigh/stegaphone_data/final_rec//p102/timbre/sample_5/watermarked_printer_recording_iPhone_Microphone.wav,timbre,0.4667
printer,p102,/media/storage/hadleigh/stegaphone_data/final_rec//p102/timbre/sample_5/watermarked_printer_recording_Fifine_USB_PnP_Audio_Device.wav,timbre,0.5000
printer,p102,/media/storage/hadleigh/stegaphone_data/final_rec//p102/timbre/sample_5/watermarked_printer_recording_USB_Lavalier_Microphone.wav,timbre,0.4667
printer,p102,/media/storage/hadleigh/stegaphone_data/final_rec//p102/timbre/sample_5/watermarked_printer_recording_Yeti_Stereo_Microphone.wav,timbre,0.4667
printer,p102,/media/storage/hadleigh/stegaphone_data/final_rec//p102/timbre/sample_8/watermarked_printer_recording_iPhone_Microphone.wav,timbre,0.3000
printer,p102,/media/storage/hadleigh/stegaphone_data/final_rec//p102/timbre/sample_8/watermarked_printer_recording_Fifine_USB_PnP_Audio_Device.wav,timbre,0.3000
printer,p102,/media/storage/hadleigh/stegaphone_data/final_rec//p102/timbre/sample_8/watermarked_printer_recording_USB_Lavalier_Microphone.wav,timbre,0.3000
printer,p102,/media/storage/hadleigh/stegaphone_data/final_rec//p102/timbre/sample_8/watermarked_printer_recording_Yeti_Stereo_Microphone.wav,timbre,0.3333
printer,p102,/media/storage/hadleigh/stegaphone_data/final_rec//p102/timbre/sample_10/watermarked_printer_recording_iPhone_Microphone.wav,timbre,0.4667
printer,p102,/media/storage/hadleigh/stegaphone_data/final_rec//p102/timbre/sample_10/watermarked_printer_recording_Fifine_USB_PnP_Audio_Device.wav,timbre,0.4667
printer,p102,/media/storage/hadleigh/stegaphone_data/final_rec//p102/timbre/sample_10/watermarked_printer_recording_USB_Lavalier_Microphone.wav,timbre,0.4000
printer,p102,/media/storage/hadleigh/stegaphone_data/final_rec//p102/timbre/sample_10/watermarked_printer_recording_Yeti_Stereo_Microphone.wav,timbre,0.4667
printer,p102,/media/storage/hadleigh/stegaphone_data/final_rec//p102/timbre/sample_4/watermarked_printer_recording_iPhone_Microphone.wav,timbre,0.6333
printer,p102,/media/storage/hadleigh/stegaphone_data/final_rec//p102/timbre/sample_4/watermarked_printer_recording_Fifine_USB_PnP_Audio_Device.wav,timbre,0.6333
printer,p102,/media/storage/hadleigh/stegaphone_data/final_rec//p102/timbre/sample_4/watermarked_printer_recording_USB_Lavalier_Microphone.wav,timbre,0.6000
printer,p102,/media/storage/hadleigh/stegaphone_data/final_rec//p102/timbre/sample_4/watermarked_printer_recording_Yeti_Stereo_Microphone.wav,timbre,0.6667
printer,p102,/media/storage/hadleigh/stegaphone_data/final_rec//p102/timbre/sample_9/watermarked_printer_recording_iPhone_Microphone.wav,timbre,0.3000
printer,p102,/media/storage/hadleigh/stegaphone_data/final_rec//p102/timbre/sample_9/watermarked_printer_recording_Fifine_USB_PnP_Audio_Device.wav,timbre,0.3000
printer,p102,/media/storage/hadleigh/stegaphone_data/final_rec//p102/timbre/sample_9/watermarked_printer_recording_USB_Lavalier_Microphone.wav,timbre,0.3333
printer,p102,/media/storage/hadleigh/stegaphone_data/final_rec//p102/timbre/sample_9/watermarked_printer_recording_Yeti_Stereo_Microphone.wav,timbre,0.3000
printer,p102,/media/storage/hadleigh/stegaphone_data/final_rec//p102/timbre/sample_6/watermarked_printer_recording_iPhone_Microphone.wav,timbre,0.5667
printer,p102,/media/storage/hadleigh/stegaphone_data/final_rec//p102/timbre/sample_6/watermarked_printer_recording_Fifine_USB_PnP_Audio_Device.wav,timbre,0.5333
printer,p102,/media/storage/hadleigh/stegaphone_data/final_rec//p102/timbre/sample_6/watermarked_printer_recording_USB_Lavalier_Microphone.wav,timbre,0.5333
printer,p102,/media/storage/hadleigh/stegaphone_data/final_rec//p102/timbre/sample_6/watermarked_printer_recording_Yeti_Stereo_Microphone.wav,timbre,0.5333
printer,p102,/media/storage/hadleigh/stegaphone_data/final_rec//p102/timbre/sample_1/watermarked_printer_recording_iPhone_Microphone.wav,timbre,0.6333
printer,p102,/media/storage/hadleigh/stegaphone_data/final_rec//p102/timbre/sample_1/watermarked_printer_recording_Fifine_USB_PnP_Audio_Device.wav,timbre,0.6333
printer,p102,/media/storage/hadleigh/stegaphone_data/final_rec//p102/timbre/sample_1/watermarked_printer_recording_USB_Lavalier_Microphone.wav,timbre,0.6000
printer,p102,/media/storage/hadleigh/stegaphone_data/final_rec//p102/timbre/sample_1/watermarked_printer_recording_Yeti_Stereo_Microphone.wav,timbre,0.6333
printer,p103,/media/storage/hadleigh/stegaphone_data/final_rec//p103/timbre/sample_7/watermarked_printer_recording_iPhone_Microphone.wav,timbre,0.4000
printer,p103,/media/storage/hadleigh/stegaphone_data/final_rec//p103/timbre/sample_7/watermarked_printer_recording_Fifine_USB_PnP_Audio_Device.wav,timbre,0.4000
printer,p103,/media/storage/hadleigh/stegaphone_data/final_rec//p103/timbre/sample_7/watermarked_printer_recording_USB_Lavalier_Microphone.wav,timbre,0.4000
printer,p103,/media/storage/hadleigh/stegaphone_data/final_rec//p103/timbre/sample_7/watermarked_printer_recording_Yeti_Stereo_Microphone.wav,timbre,0.3000
printer,p103,/media/storage/hadleigh/stegaphone_data/final_rec//p103/timbre/sample_2/watermarked_printer_recording_iPhone_Microphone.wav,timbre,0.4000
printer,p103,/media/storage/hadleigh/stegaphone_data/final_rec//p103/timbre/sample_2/watermarked_printer_recording_Fifine_USB_PnP_Audio_Device.wav,timbre,0.3333
printer,p103,/media/storage/hadleigh/stegaphone_data/final_rec//p103/timbre/sample_2/watermarked_printer_recording_USB_Lavalier_Microphone.wav,timbre,0.3333
printer,p103,/media/storage/hadleigh/stegaphone_data/final_rec//p103/timbre/sample_2/watermarked_printer_recording_Yeti_Stereo_Microphone.wav,timbre,0.2667
printer,p103,/media/storage/hadleigh/stegaphone_data/final_rec//p103/timbre/sample_3/watermarked_printer_recording_iPhone_Microphone.wav,timbre,0.5333
printer,p103,/media/storage/hadleigh/stegaphone_data/final_rec//p103/timbre/sample_3/watermarked_printer_recording_Fifine_USB_PnP_Audio_Device.wav,timbre,0.4667
printer,p103,/media/storage/hadleigh/stegaphone_data/final_rec//p103/timbre/sample_3/watermarked_printer_recording_USB_Lavalier_Microphone.wav,timbre,0.4667
printer,p103,/media/storage/hadleigh/stegaphone_data/final_rec//p103/timbre/sample_3/watermarked_printer_recording_Yeti_Stereo_Microphone.wav,timbre,0.4667
printer,p103,/media/storage/hadleigh/stegaphone_data/final_rec//p103/timbre/sample_5/watermarked_printer_recording_iPhone_Microphone.wav,timbre,0.5000
printer,p103,/media/storage/hadleigh/stegaphone_data/final_rec//p103/timbre/sample_5/watermarked_printer_recording_Fifine_USB_PnP_Audio_Device.wav,timbre,0.5000
printer,p103,/media/storage/hadleigh/stegaphone_data/final_rec//p103/timbre/sample_5/watermarked_printer_recording_USB_Lavalier_Microphone.wav,timbre,0.4333
printer,p103,/media/storage/hadleigh/stegaphone_data/final_rec//p103/timbre/sample_5/watermarked_printer_recording_Yeti_Stereo_Microphone.wav,timbre,0.5333
printer,p103,/media/storage/hadleigh/stegaphone_data/final_rec//p103/timbre/sample_8/watermarked_printer_recording_iPhone_Microphone.wav,timbre,0.3333
printer,p103,/media/storage/hadleigh/stegaphone_data/final_rec//p103/timbre/sample_8/watermarked_printer_recording_Fifine_USB_PnP_Audio_Device.wav,timbre,0.3000
printer,p103,/media/storage/hadleigh/stegaphone_data/final_rec//p103/timbre/sample_8/watermarked_printer_recording_USB_Lavalier_Microphone.wav,timbre,0.2667
printer,p103,/media/storage/hadleigh/stegaphone_data/final_rec//p103/timbre/sample_8/watermarked_printer_recording_Yeti_Stereo_Microphone.wav,timbre,0.3667
printer,p103,/media/storage/hadleigh/stegaphone_data/final_rec//p103/timbre/sample_10/watermarked_printer_recording_iPhone_Microphone.wav,timbre,0.3667
printer,p103,/media/storage/hadleigh/stegaphone_data/final_rec//p103/timbre/sample_10/watermarked_printer_recording_Fifine_USB_PnP_Audio_Device.wav,timbre,0.3667
printer,p103,/media/storage/hadleigh/stegaphone_data/final_rec//p103/timbre/sample_10/watermarked_printer_recording_USB_Lavalier_Microphone.wav,timbre,0.3667
printer,p103,/media/storage/hadleigh/stegaphone_data/final_rec//p103/timbre/sample_10/watermarked_printer_recording_Yeti_Stereo_Microphone.wav,timbre,0.3667
printer,p103,/media/storage/hadleigh/stegaphone_data/final_rec//p103/timbre/sample_4/watermarked_printer_recording_iPhone_Microphone.wav,timbre,0.4667
printer,p103,/media/storage/hadleigh/stegaphone_data/final_rec//p103/timbre/sample_4/watermarked_printer_recording_Fifine_USB_PnP_Audio_Device.wav,timbre,0.4333
printer,p103,/media/storage/hadleigh/stegaphone_data/final_rec//p103/timbre/sample_4/watermarked_printer_recording_USB_Lavalier_Microphone.wav,timbre,0.3333
printer,p103,/media/storage/hadleigh/stegaphone_data/final_rec//p103/timbre/sample_4/watermarked_printer_recording_Yeti_Stereo_Microphone.wav,timbre,0.4000
printer,p103,/media/storage/hadleigh/stegaphone_data/final_rec//p103/timbre/sample_9/watermarked_printer_recording_iPhone_Microphone.wav,timbre,0.5333
printer,p103,/media/storage/hadleigh/stegaphone_data/final_rec//p103/timbre/sample_9/watermarked_printer_recording_Fifine_USB_PnP_Audio_Device.wav,timbre,0.5333
printer,p103,/media/storage/hadleigh/stegaphone_data/final_rec//p103/timbre/sample_9/watermarked_printer_recording_USB_Lavalier_Microphone.wav,timbre,0.5333
printer,p103,/media/storage/hadleigh/stegaphone_data/final_rec//p103/timbre/sample_9/watermarked_printer_recording_Yeti_Stereo_Microphone.wav,timbre,0.4333
printer,p103,/media/storage/hadleigh/stegaphone_data/final_rec//p103/timbre/sample_6/watermarked_printer_recording_iPhone_Microphone.wav,timbre,0.5000
printer,p103,/media/storage/hadleigh/stegaphone_data/final_rec//p103/timbre/sample_6/watermarked_printer_recording_Fifine_USB_PnP_Audio_Device.wav,timbre,0.4667
printer,p103,/media/storage/hadleigh/stegaphone_data/final_rec//p103/timbre/sample_6/watermarked_printer_recording_USB_Lavalier_Microphone.wav,timbre,0.4667
printer,p103,/media/storage/hadleigh/stegaphone_data/final_rec//p103/timbre/sample_6/watermarked_printer_recording_Yeti_Stereo_Microphone.wav,timbre,0.4333
printer,p103,/media/storage/hadleigh/stegaphone_data/final_rec//p103/timbre/sample_1/watermarked_printer_recording_iPhone_Microphone.wav,timbre,0.3333
printer,p103,/media/storage/hadleigh/stegaphone_data/final_rec//p103/timbre/sample_1/watermarked_printer_recording_Fifine_USB_PnP_Audio_Device.wav,timbre,0.3000
printer,p103,/media/storage/hadleigh/stegaphone_data/final_rec//p103/timbre/sample_1/watermarked_printer_recording_USB_Lavalier_Microphone.wav,timbre,0.2333
printer,p103,/media/storage/hadleigh/stegaphone_data/final_rec//p103/timbre/sample_1/watermarked_printer_recording_Yeti_Stereo_Microphone.wav,timbre,0.3000
printer,p104,/media/storage/hadleigh/stegaphone_data/final_rec//p104/timbre/sample_7/watermarked_printer_recording_iPhone_Microphone.wav,timbre,0.6000
printer,p104,/media/storage/hadleigh/stegaphone_data/final_rec//p104/timbre/sample_7/watermarked_printer_recording_Fifine_USB_PnP_Audio_Device.wav,timbre,0.6000
printer,p104,/media/storage/hadleigh/stegaphone_data/final_rec//p104/timbre/sample_7/watermarked_printer_recording_USB_Lavalier_Microphone.wav,timbre,0.6000
printer,p104,/media/storage/hadleigh/stegaphone_data/final_rec//p104/timbre/sample_7/watermarked_printer_recording_Yeti_Stereo_Microphone.wav,timbre,0.6333
printer,p104,/media/storage/hadleigh/stegaphone_data/final_rec//p104/timbre/sample_2/watermarked_printer_recording_iPhone_Microphone.wav,timbre,0.4667
printer,p104,/media/storage/hadleigh/stegaphone_data/final_rec//p104/timbre/sample_2/watermarked_printer_recording_Fifine_USB_PnP_Audio_Device.wav,timbre,0.3667
printer,p104,/media/storage/hadleigh/stegaphone_data/final_rec//p104/timbre/sample_2/watermarked_printer_recording_USB_Lavalier_Microphone.wav,timbre,0.4000
printer,p104,/media/storage/hadleigh/stegaphone_data/final_rec//p104/timbre/sample_2/watermarked_printer_recording_Yeti_Stereo_Microphone.wav,timbre,0.4000
printer,p104,/media/storage/hadleigh/stegaphone_data/final_rec//p104/timbre/sample_3/watermarked_printer_recording_iPhone_Microphone.wav,timbre,0.6333
printer,p104,/media/storage/hadleigh/stegaphone_data/final_rec//p104/timbre/sample_3/watermarked_printer_recording_Fifine_USB_PnP_Audio_Device.wav,timbre,0.5667
printer,p104,/media/storage/hadleigh/stegaphone_data/final_rec//p104/timbre/sample_3/watermarked_printer_recording_USB_Lavalier_Microphone.wav,timbre,0.5333
printer,p104,/media/storage/hadleigh/stegaphone_data/final_rec//p104/timbre/sample_3/watermarked_printer_recording_Yeti_Stereo_Microphone.wav,timbre,0.6000
printer,p104,/media/storage/hadleigh/stegaphone_data/final_rec//p104/timbre/sample_5/watermarked_printer_recording_iPhone_Microphone.wav,timbre,0.6000
printer,p104,/media/storage/hadleigh/stegaphone_data/final_rec//p104/timbre/sample_5/watermarked_printer_recording_Fifine_USB_PnP_Audio_Device.wav,timbre,0.6333
printer,p104,/media/storage/hadleigh/stegaphone_data/final_rec//p104/timbre/sample_5/watermarked_printer_recording_USB_Lavalier_Microphone.wav,timbre,0.5667
printer,p104,/media/storage/hadleigh/stegaphone_data/final_rec//p104/timbre/sample_5/watermarked_printer_recording_Yeti_Stereo_Microphone.wav,timbre,0.6667
printer,p104,/media/storage/hadleigh/stegaphone_data/final_rec//p104/timbre/sample_8/watermarked_printer_recording_iPhone_Microphone.wav,timbre,0.6000
printer,p104,/media/storage/hadleigh/stegaphone_data/final_rec//p104/timbre/sample_8/watermarked_printer_recording_Fifine_USB_PnP_Audio_Device.wav,timbre,0.5333
printer,p104,/media/storage/hadleigh/stegaphone_data/final_rec//p104/timbre/sample_8/watermarked_printer_recording_USB_Lavalier_Microphone.wav,timbre,0.5667
printer,p104,/media/storage/hadleigh/stegaphone_data/final_rec//p104/timbre/sample_8/watermarked_printer_recording_Yeti_Stereo_Microphone.wav,timbre,0.5667
printer,p104,/media/storage/hadleigh/stegaphone_data/final_rec//p104/timbre/sample_10/watermarked_printer_recording_iPhone_Microphone.wav,timbre,0.4000
printer,p104,/media/storage/hadleigh/stegaphone_data/final_rec//p104/timbre/sample_10/watermarked_printer_recording_Fifine_USB_PnP_Audio_Device.wav,timbre,0.3667
printer,p104,/media/storage/hadleigh/stegaphone_data/final_rec//p104/timbre/sample_10/watermarked_printer_recording_USB_Lavalier_Microphone.wav,timbre,0.3667
printer,p104,/media/storage/hadleigh/stegaphone_data/final_rec//p104/timbre/sample_10/watermarked_printer_recording_Yeti_Stereo_Microphone.wav,timbre,0.4000
printer,p104,/media/storage/hadleigh/stegaphone_data/final_rec//p104/timbre/sample_4/watermarked_printer_recording_iPhone_Microphone.wav,timbre,0.4333
printer,p104,/media/storage/hadleigh/stegaphone_data/final_rec//p104/timbre/sample_4/watermarked_printer_recording_Fifine_USB_PnP_Audio_Device.wav,timbre,0.3667
printer,p104,/media/storage/hadleigh/stegaphone_data/final_rec//p104/timbre/sample_4/watermarked_printer_recording_USB_Lavalier_Microphone.wav,timbre,0.4000
printer,p104,/media/storage/hadleigh/stegaphone_data/final_rec//p104/timbre/sample_4/watermarked_printer_recording_Yeti_Stereo_Microphone.wav,timbre,0.4000
printer,p104,/media/storage/hadleigh/stegaphone_data/final_rec//p104/timbre/sample_9/watermarked_printer_recording_iPhone_Microphone.wav,timbre,0.3667
printer,p104,/media/storage/hadleigh/stegaphone_data/final_rec//p104/timbre/sample_9/watermarked_printer_recording_Fifine_USB_PnP_Audio_Device.wav,timbre,0.3667
printer,p104,/media/storage/hadleigh/stegaphone_data/final_rec//p104/timbre/sample_9/watermarked_printer_recording_USB_Lavalier_Microphone.wav,timbre,0.3333
printer,p104,/media/storage/hadleigh/stegaphone_data/final_rec//p104/timbre/sample_9/watermarked_printer_recording_Yeti_Stereo_Microphone.wav,timbre,0.3667
printer,p104,/media/storage/hadleigh/stegaphone_data/final_rec//p104/timbre/sample_6/watermarked_printer_recording_iPhone_Microphone.wav,timbre,0.4333
printer,p104,/media/storage/hadleigh/stegaphone_data/final_rec//p104/timbre/sample_6/watermarked_printer_recording_Fifine_USB_PnP_Audio_Device.wav,timbre,0.4000
printer,p104,/media/storage/hadleigh/stegaphone_data/final_rec//p104/timbre/sample_6/watermarked_printer_recording_USB_Lavalier_Microphone.wav,timbre,0.3667
printer,p104,/media/storage/hadleigh/stegaphone_data/final_rec//p104/timbre/sample_6/watermarked_printer_recording_Yeti_Stereo_Microphone.wav,timbre,0.3333
printer,p104,/media/storage/hadleigh/stegaphone_data/final_rec//p104/timbre/sample_1/watermarked_printer_recording_iPhone_Microphone.wav,timbre,0.4667
printer,p104,/media/storage/hadleigh/stegaphone_data/final_rec//p104/timbre/sample_1/watermarked_printer_recording_Fifine_USB_PnP_Audio_Device.wav,timbre,0.4667
printer,p104,/media/storage/hadleigh/stegaphone_data/final_rec//p104/timbre/sample_1/watermarked_printer_recording_USB_Lavalier_Microphone.wav,timbre,0.4000
printer,p104,/media/storage/hadleigh/stegaphone_data/final_rec//p104/timbre/sample_1/watermarked_printer_recording_Yeti_Stereo_Microphone.wav,timbre,0.4333
printer,p105,/media/storage/hadleigh/stegaphone_data/final_rec//p105/timbre/sample_7/watermarked_printer_recording_iPhone_Microphone.wav,timbre,0.6000
printer,p105,/media/storage/hadleigh/stegaphone_data/final_rec//p105/timbre/sample_7/watermarked_printer_recording_Fifine_USB_PnP_Audio_Device.wav,timbre,0.6000
printer,p105,/media/storage/hadleigh/stegaphone_data/final_rec//p105/timbre/sample_7/watermarked_printer_recording_USB_Lavalier_Microphone.wav,timbre,0.6000
printer,p105,/media/storage/hadleigh/stegaphone_data/final_rec//p105/timbre/sample_7/watermarked_printer_recording_Yeti_Stereo_Microphone.wav,timbre,0.6000
printer,p105,/media/storage/hadleigh/stegaphone_data/final_rec//p105/timbre/sample_2/watermarked_printer_recording_iPhone_Microphone.wav,timbre,0.4333
printer,p105,/media/storage/hadleigh/stegaphone_data/final_rec//p105/timbre/sample_2/watermarked_printer_recording_Fifine_USB_PnP_Audio_Device.wav,timbre,0.4333
printer,p105,/media/storage/hadleigh/stegaphone_data/final_rec//p105/timbre/sample_2/watermarked_printer_recording_USB_Lavalier_Microphone.wav,timbre,0.4000
printer,p105,/media/storage/hadleigh/stegaphone_data/final_rec//p105/timbre/sample_2/watermarked_printer_recording_Yeti_Stereo_Microphone.wav,timbre,0.4333
printer,p105,/media/storage/hadleigh/stegaphone_data/final_rec//p105/timbre/sample_3/watermarked_printer_recording_iPhone_Microphone.wav,timbre,0.6000
printer,p105,/media/storage/hadleigh/stegaphone_data/final_rec//p105/timbre/sample_3/watermarked_printer_recording_Fifine_USB_PnP_Audio_Device.wav,timbre,0.5333
printer,p105,/media/storage/hadleigh/stegaphone_data/final_rec//p105/timbre/sample_3/watermarked_printer_recording_USB_Lavalier_Microphone.wav,timbre,0.4667
printer,p105,/media/storage/hadleigh/stegaphone_data/final_rec//p105/timbre/sample_3/watermarked_printer_recording_Yeti_Stereo_Microphone.wav,timbre,0.5667
printer,p105,/media/storage/hadleigh/stegaphone_data/final_rec//p105/timbre/sample_5/watermarked_printer_recording_iPhone_Microphone.wav,timbre,0.3000
printer,p105,/media/storage/hadleigh/stegaphone_data/final_rec//p105/timbre/sample_5/watermarked_printer_recording_Fifine_USB_PnP_Audio_Device.wav,timbre,0.2667
printer,p105,/media/storage/hadleigh/stegaphone_data/final_rec//p105/timbre/sample_5/watermarked_printer_recording_USB_Lavalier_Microphone.wav,timbre,0.2667
printer,p105,/media/storage/hadleigh/stegaphone_data/final_rec//p105/timbre/sample_5/watermarked_printer_recording_Yeti_Stereo_Microphone.wav,timbre,0.3333
printer,p105,/media/storage/hadleigh/stegaphone_data/final_rec//p105/timbre/sample_8/watermarked_printer_recording_iPhone_Microphone.wav,timbre,0.4000
printer,p105,/media/storage/hadleigh/stegaphone_data/final_rec//p105/timbre/sample_8/watermarked_printer_recording_Fifine_USB_PnP_Audio_Device.wav,timbre,0.2667
printer,p105,/media/storage/hadleigh/stegaphone_data/final_rec//p105/timbre/sample_8/watermarked_printer_recording_USB_Lavalier_Microphone.wav,timbre,0.4000
printer,p105,/media/storage/hadleigh/stegaphone_data/final_rec//p105/timbre/sample_8/watermarked_printer_recording_Yeti_Stereo_Microphone.wav,timbre,0.2667
printer,p105,/media/storage/hadleigh/stegaphone_data/final_rec//p105/timbre/sample_10/watermarked_printer_recording_iPhone_Microphone.wav,timbre,0.5667
printer,p105,/media/storage/hadleigh/stegaphone_data/final_rec//p105/timbre/sample_10/watermarked_printer_recording_Fifine_USB_PnP_Audio_Device.wav,timbre,0.4333
printer,p105,/media/storage/hadleigh/stegaphone_data/final_rec//p105/timbre/sample_10/watermarked_printer_recording_USB_Lavalier_Microphone.wav,timbre,0.5000
printer,p105,/media/storage/hadleigh/stegaphone_data/final_rec//p105/timbre/sample_10/watermarked_printer_recording_Yeti_Stereo_Microphone.wav,timbre,0.4667
printer,p105,/media/storage/hadleigh/stegaphone_data/final_rec//p105/timbre/sample_4/watermarked_printer_recording_iPhone_Microphone.wav,timbre,0.5333
printer,p105,/media/storage/hadleigh/stegaphone_data/final_rec//p105/timbre/sample_4/watermarked_printer_recording_Fifine_USB_PnP_Audio_Device.wav,timbre,0.4333
printer,p105,/media/storage/hadleigh/stegaphone_data/final_rec//p105/timbre/sample_4/watermarked_printer_recording_USB_Lavalier_Microphone.wav,timbre,0.5000
printer,p105,/media/storage/hadleigh/stegaphone_data/final_rec//p105/timbre/sample_4/watermarked_printer_recording_Yeti_Stereo_Microphone.wav,timbre,0.4333
printer,p105,/media/storage/hadleigh/stegaphone_data/final_rec//p105/timbre/sample_9/watermarked_printer_recording_iPhone_Microphone.wav,timbre,0.3667
printer,p105,/media/storage/hadleigh/stegaphone_data/final_rec//p105/timbre/sample_9/watermarked_printer_recording_Fifine_USB_PnP_Audio_Device.wav,timbre,0.3667
printer,p105,/media/storage/hadleigh/stegaphone_data/final_rec//p105/timbre/sample_9/watermarked_printer_recording_USB_Lavalier_Microphone.wav,timbre,0.3333
printer,p105,/media/storage/hadleigh/stegaphone_data/final_rec//p105/timbre/sample_9/watermarked_printer_recording_Yeti_Stereo_Microphone.wav,timbre,0.3000
printer,p105,/media/storage/hadleigh/stegaphone_data/final_rec//p105/timbre/sample_6/watermarked_printer_recording_iPhone_Microphone.wav,timbre,0.4333
printer,p105,/media/storage/hadleigh/stegaphone_data/final_rec//p105/timbre/sample_6/watermarked_printer_recording_Fifine_USB_PnP_Audio_Device.wav,timbre,0.4000
printer,p105,/media/storage/hadleigh/stegaphone_data/final_rec//p105/timbre/sample_6/watermarked_printer_recording_USB_Lavalier_Microphone.wav,timbre,0.3333
printer,p105,/media/storage/hadleigh/stegaphone_data/final_rec//p105/timbre/sample_6/watermarked_printer_recording_Yeti_Stereo_Microphone.wav,timbre,0.4333
printer,p105,/media/storage/hadleigh/stegaphone_data/final_rec//p105/timbre/sample_1/watermarked_printer_recording_iPhone_Microphone.wav,timbre,0.3333
printer,p105,/media/storage/hadleigh/stegaphone_data/final_rec//p105/timbre/sample_1/watermarked_printer_recording_Fifine_USB_PnP_Audio_Device.wav,timbre,0.3000
printer,p105,/media/storage/hadleigh/stegaphone_data/final_rec//p105/timbre/sample_1/watermarked_printer_recording_USB_Lavalier_Microphone.wav,timbre,0.2667
printer,p105,/media/storage/hadleigh/stegaphone_data/final_rec//p105/timbre/sample_1/watermarked_printer_recording_Yeti_Stereo_Microphone.wav,timbre,0.3333
printer,p106,/media/storage/hadleigh/stegaphone_data/final_rec//p106/timbre/sample_7/watermarked_printer_recording_iPhone_Microphone.wav,timbre,0.5667
printer,p106,/media/storage/hadleigh/stegaphone_data/final_rec//p106/timbre/sample_7/watermarked_printer_recording_Fifine_USB_PnP_Audio_Device.wav,timbre,0.4667
printer,p106,/media/storage/hadleigh/stegaphone_data/final_rec//p106/timbre/sample_7/watermarked_printer_recording_USB_Lavalier_Microphone.wav,timbre,0.5333
printer,p106,/media/storage/hadleigh/stegaphone_data/final_rec//p106/timbre/sample_7/watermarked_printer_recording_Yeti_Stereo_Microphone.wav,timbre,0.4333
printer,p106,/media/storage/hadleigh/stegaphone_data/final_rec//p106/timbre/sample_2/watermarked_printer_recording_iPhone_Microphone.wav,timbre,0.5333
printer,p106,/media/storage/hadleigh/stegaphone_data/final_rec//p106/timbre/sample_2/watermarked_printer_recording_Fifine_USB_PnP_Audio_Device.wav,timbre,0.3667
printer,p106,/media/storage/hadleigh/stegaphone_data/final_rec//p106/timbre/sample_2/watermarked_printer_recording_USB_Lavalier_Microphone.wav,timbre,0.4333
printer,p106,/media/storage/hadleigh/stegaphone_data/final_rec//p106/timbre/sample_2/watermarked_printer_recording_Yeti_Stereo_Microphone.wav,timbre,0.5000
printer,p106,/media/storage/hadleigh/stegaphone_data/final_rec//p106/timbre/sample_3/watermarked_printer_recording_iPhone_Microphone.wav,timbre,0.5333
printer,p106,/media/storage/hadleigh/stegaphone_data/final_rec//p106/timbre/sample_3/watermarked_printer_recording_Fifine_USB_PnP_Audio_Device.wav,timbre,0.5333
printer,p106,/media/storage/hadleigh/stegaphone_data/final_rec//p106/timbre/sample_3/watermarked_printer_recording_USB_Lavalier_Microphone.wav,timbre,0.5667
printer,p106,/media/storage/hadleigh/stegaphone_data/final_rec//p106/timbre/sample_3/watermarked_printer_recording_Yeti_Stereo_Microphone.wav,timbre,0.5333
printer,p106,/media/storage/hadleigh/stegaphone_data/final_rec//p106/timbre/sample_5/watermarked_printer_recording_iPhone_Microphone.wav,timbre,0.3667
printer,p106,/media/storage/hadleigh/stegaphone_data/final_rec//p106/timbre/sample_5/watermarked_printer_recording_Fifine_USB_PnP_Audio_Device.wav,timbre,0.3667
printer,p106,/media/storage/hadleigh/stegaphone_data/final_rec//p106/timbre/sample_5/watermarked_printer_recording_USB_Lavalier_Microphone.wav,timbre,0.4000
printer,p106,/media/storage/hadleigh/stegaphone_data/final_rec//p106/timbre/sample_5/watermarked_printer_recording_Yeti_Stereo_Microphone.wav,timbre,0.4000
printer,p106,/media/storage/hadleigh/stegaphone_data/final_rec//p106/timbre/sample_8/watermarked_printer_recording_iPhone_Microphone.wav,timbre,0.4000
printer,p106,/media/storage/hadleigh/stegaphone_data/final_rec//p106/timbre/sample_8/watermarked_printer_recording_Fifine_USB_PnP_Audio_Device.wav,timbre,0.3667
printer,p106,/media/storage/hadleigh/stegaphone_data/final_rec//p106/timbre/sample_8/watermarked_printer_recording_USB_Lavalier_Microphone.wav,timbre,0.3667
printer,p106,/media/storage/hadleigh/stegaphone_data/final_rec//p106/timbre/sample_8/watermarked_printer_recording_Yeti_Stereo_Microphone.wav,timbre,0.4000
printer,p106,/media/storage/hadleigh/stegaphone_data/final_rec//p106/timbre/sample_10/watermarked_printer_recording_iPhone_Microphone.wav,timbre,0.5000
printer,p106,/media/storage/hadleigh/stegaphone_data/final_rec//p106/timbre/sample_10/watermarked_printer_recording_Fifine_USB_PnP_Audio_Device.wav,timbre,0.4667
printer,p106,/media/storage/hadleigh/stegaphone_data/final_rec//p106/timbre/sample_10/watermarked_printer_recording_USB_Lavalier_Microphone.wav,timbre,0.4000
printer,p106,/media/storage/hadleigh/stegaphone_data/final_rec//p106/timbre/sample_10/watermarked_printer_recording_Yeti_Stereo_Microphone.wav,timbre,0.4000
printer,p106,/media/storage/hadleigh/stegaphone_data/final_rec//p106/timbre/sample_4/watermarked_printer_recording_iPhone_Microphone.wav,timbre,0.5667
printer,p106,/media/storage/hadleigh/stegaphone_data/final_rec//p106/timbre/sample_4/watermarked_printer_recording_Fifine_USB_PnP_Audio_Device.wav,timbre,0.5667
printer,p106,/media/storage/hadleigh/stegaphone_data/final_rec//p106/timbre/sample_4/watermarked_printer_recording_USB_Lavalier_Microphone.wav,timbre,0.5000
printer,p106,/media/storage/hadleigh/stegaphone_data/final_rec//p106/timbre/sample_4/watermarked_printer_recording_Yeti_Stereo_Microphone.wav,timbre,0.5333
printer,p106,/media/storage/hadleigh/stegaphone_data/final_rec//p106/timbre/sample_9/watermarked_printer_recording_iPhone_Microphone.wav,timbre,0.4333
printer,p106,/media/storage/hadleigh/stegaphone_data/final_rec//p106/timbre/sample_9/watermarked_printer_recording_Fifine_USB_PnP_Audio_Device.wav,timbre,0.4000
printer,p106,/media/storage/hadleigh/stegaphone_data/final_rec//p106/timbre/sample_9/watermarked_printer_recording_USB_Lavalier_Microphone.wav,timbre,0.3667
printer,p106,/media/storage/hadleigh/stegaphone_data/final_rec//p106/timbre/sample_9/watermarked_printer_recording_Yeti_Stereo_Microphone.wav,timbre,0.4667
printer,p106,/media/storage/hadleigh/stegaphone_data/final_rec//p106/timbre/sample_6/watermarked_printer_recording_iPhone_Microphone.wav,timbre,0.2667
printer,p106,/media/storage/hadleigh/stegaphone_data/final_rec//p106/timbre/sample_6/watermarked_printer_recording_Fifine_USB_PnP_Audio_Device.wav,timbre,0.2333
printer,p106,/media/storage/hadleigh/stegaphone_data/final_rec//p106/timbre/sample_6/watermarked_printer_recording_USB_Lavalier_Microphone.wav,timbre,0.2667
printer,p106,/media/storage/hadleigh/stegaphone_data/final_rec//p106/timbre/sample_6/watermarked_printer_recording_Yeti_Stereo_Microphone.wav,timbre,0.2667
printer,p106,/media/storage/hadleigh/stegaphone_data/final_rec//p106/timbre/sample_1/watermarked_printer_recording_iPhone_Microphone.wav,timbre,0.4000
printer,p106,/media/storage/hadleigh/stegaphone_data/final_rec//p106/timbre/sample_1/watermarked_printer_recording_Fifine_USB_PnP_Audio_Device.wav,timbre,0.3000
printer,p106,/media/storage/hadleigh/stegaphone_data/final_rec//p106/timbre/sample_1/watermarked_printer_recording_USB_Lavalier_Microphone.wav,timbre,0.3000
printer,p106,/media/storage/hadleigh/stegaphone_data/final_rec//p106/timbre/sample_1/watermarked_printer_recording_Yeti_Stereo_Microphone.wav,timbre,0.3333
printer,p107,/media/storage/hadleigh/stegaphone_data/final_rec//p107/timbre/sample_7/watermarked_printer_recording_iPhone_Microphone.wav,timbre,0.4000
printer,p107,/media/storage/hadleigh/stegaphone_data/final_rec//p107/timbre/sample_7/watermarked_printer_recording_Fifine_USB_PnP_Audio_Device.wav,timbre,0.3667
printer,p107,/media/storage/hadleigh/stegaphone_data/final_rec//p107/timbre/sample_7/watermarked_printer_recording_USB_Lavalier_Microphone.wav,timbre,0.3667
printer,p107,/media/storage/hadleigh/stegaphone_data/final_rec//p107/timbre/sample_7/watermarked_printer_recording_Yeti_Stereo_Microphone.wav,timbre,0.3000
printer,p107,/media/storage/hadleigh/stegaphone_data/final_rec//p107/timbre/sample_2/watermarked_printer_recording_iPhone_Microphone.wav,timbre,0.5333
printer,p107,/media/storage/hadleigh/stegaphone_data/final_rec//p107/timbre/sample_2/watermarked_printer_recording_Fifine_USB_PnP_Audio_Device.wav,timbre,0.5000
printer,p107,/media/storage/hadleigh/stegaphone_data/final_rec//p107/timbre/sample_2/watermarked_printer_recording_USB_Lavalier_Microphone.wav,timbre,0.4667
printer,p107,/media/storage/hadleigh/stegaphone_data/final_rec//p107/timbre/sample_2/watermarked_printer_recording_Yeti_Stereo_Microphone.wav,timbre,0.5000
printer,p107,/media/storage/hadleigh/stegaphone_data/final_rec//p107/timbre/sample_3/watermarked_printer_recording_iPhone_Microphone.wav,timbre,0.2667
printer,p107,/media/storage/hadleigh/stegaphone_data/final_rec//p107/timbre/sample_3/watermarked_printer_recording_Fifine_USB_PnP_Audio_Device.wav,timbre,0.3000
printer,p107,/media/storage/hadleigh/stegaphone_data/final_rec//p107/timbre/sample_3/watermarked_printer_recording_USB_Lavalier_Microphone.wav,timbre,0.3000
printer,p107,/media/storage/hadleigh/stegaphone_data/final_rec//p107/timbre/sample_3/watermarked_printer_recording_Yeti_Stereo_Microphone.wav,timbre,0.2667
printer,p107,/media/storage/hadleigh/stegaphone_data/final_rec//p107/timbre/sample_5/watermarked_printer_recording_iPhone_Microphone.wav,timbre,0.5667
printer,p107,/media/storage/hadleigh/stegaphone_data/final_rec//p107/timbre/sample_5/watermarked_printer_recording_Fifine_USB_PnP_Audio_Device.wav,timbre,0.5333
printer,p107,/media/storage/hadleigh/stegaphone_data/final_rec//p107/timbre/sample_5/watermarked_printer_recording_USB_Lavalier_Microphone.wav,timbre,0.5333
printer,p107,/media/storage/hadleigh/stegaphone_data/final_rec//p107/timbre/sample_5/watermarked_printer_recording_Yeti_Stereo_Microphone.wav,timbre,0.5000
printer,p107,/media/storage/hadleigh/stegaphone_data/final_rec//p107/timbre/sample_8/watermarked_printer_recording_iPhone_Microphone.wav,timbre,0.3667
printer,p107,/media/storage/hadleigh/stegaphone_data/final_rec//p107/timbre/sample_8/watermarked_printer_recording_Fifine_USB_PnP_Audio_Device.wav,timbre,0.2667
printer,p107,/media/storage/hadleigh/stegaphone_data/final_rec//p107/timbre/sample_8/watermarked_printer_recording_USB_Lavalier_Microphone.wav,timbre,0.3667
printer,p107,/media/storage/hadleigh/stegaphone_data/final_rec//p107/timbre/sample_8/watermarked_printer_recording_Yeti_Stereo_Microphone.wav,timbre,0.3000
printer,p107,/media/storage/hadleigh/stegaphone_data/final_rec//p107/timbre/sample_10/watermarked_printer_recording_iPhone_Microphone.wav,timbre,0.3333
printer,p107,/media/storage/hadleigh/stegaphone_data/final_rec//p107/timbre/sample_10/watermarked_printer_recording_Fifine_USB_PnP_Audio_Device.wav,timbre,0.3000
printer,p107,/media/storage/hadleigh/stegaphone_data/final_rec//p107/timbre/sample_10/watermarked_printer_recording_USB_Lavalier_Microphone.wav,timbre,0.3667
printer,p107,/media/storage/hadleigh/stegaphone_data/final_rec//p107/timbre/sample_10/watermarked_printer_recording_Yeti_Stereo_Microphone.wav,timbre,0.3333
printer,p107,/media/storage/hadleigh/stegaphone_data/final_rec//p107/timbre/sample_4/watermarked_printer_recording_iPhone_Microphone.wav,timbre,0.5333
printer,p107,/media/storage/hadleigh/stegaphone_data/final_rec//p107/timbre/sample_4/watermarked_printer_recording_Fifine_USB_PnP_Audio_Device.wav,timbre,0.5000
printer,p107,/media/storage/hadleigh/stegaphone_data/final_rec//p107/timbre/sample_4/watermarked_printer_recording_USB_Lavalier_Microphone.wav,timbre,0.4667
printer,p107,/media/storage/hadleigh/stegaphone_data/final_rec//p107/timbre/sample_4/watermarked_printer_recording_Yeti_Stereo_Microphone.wav,timbre,0.5667
printer,p107,/media/storage/hadleigh/stegaphone_data/final_rec//p107/timbre/sample_9/watermarked_printer_recording_iPhone_Microphone.wav,timbre,0.5667
printer,p107,/media/storage/hadleigh/stegaphone_data/final_rec//p107/timbre/sample_9/watermarked_printer_recording_Fifine_USB_PnP_Audio_Device.wav,timbre,0.5333
printer,p107,/media/storage/hadleigh/stegaphone_data/final_rec//p107/timbre/sample_9/watermarked_printer_recording_USB_Lavalier_Microphone.wav,timbre,0.5667
printer,p107,/media/storage/hadleigh/stegaphone_data/final_rec//p107/timbre/sample_9/watermarked_printer_recording_Yeti_Stereo_Microphone.wav,timbre,0.5667
printer,p107,/media/storage/hadleigh/stegaphone_data/final_rec//p107/timbre/sample_6/watermarked_printer_recording_iPhone_Microphone.wav,timbre,0.6333
printer,p107,/media/storage/hadleigh/stegaphone_data/final_rec//p107/timbre/sample_6/watermarked_printer_recording_Fifine_USB_PnP_Audio_Device.wav,timbre,0.5667
printer,p107,/media/storage/hadleigh/stegaphone_data/final_rec//p107/timbre/sample_6/watermarked_printer_recording_USB_Lavalier_Microphone.wav,timbre,0.5667
printer,p107,/media/storage/hadleigh/stegaphone_data/final_rec//p107/timbre/sample_6/watermarked_printer_recording_Yeti_Stereo_Microphone.wav,timbre,0.5667
printer,p107,/media/storage/hadleigh/stegaphone_data/final_rec//p107/timbre/sample_1/watermarked_printer_recording_iPhone_Microphone.wav,timbre,0.5333
printer,p107,/media/storage/hadleigh/stegaphone_data/final_rec//p107/timbre/sample_1/watermarked_printer_recording_Fifine_USB_PnP_Audio_Device.wav,timbre,0.5000
printer,p107,/media/storage/hadleigh/stegaphone_data/final_rec//p107/timbre/sample_1/watermarked_printer_recording_USB_Lavalier_Microphone.wav,timbre,0.4000
printer,p107,/media/storage/hadleigh/stegaphone_data/final_rec//p107/timbre/sample_1/watermarked_printer_recording_Yeti_Stereo_Microphone.wav,timbre,0.4333
lounge,p102,/media/storage/hadleigh/stegaphone_data/final_rec//p102/timbre/sample_7/watermarked_lounge_recording_iPhone_Microphone.wav,timbre,0.3667
lounge,p102,/media/storage/hadleigh/stegaphone_data/final_rec//p102/timbre/sample_7/watermarked_lounge_recording_Fifine_USB_PnP_Audio_Device.wav,timbre,0.2667
lounge,p102,/media/storage/hadleigh/stegaphone_data/final_rec//p102/timbre/sample_7/watermarked_lounge_recording_Yeti_Stereo_Microphone.wav,timbre,0.4000
lounge,p102,/media/storage/hadleigh/stegaphone_data/final_rec//p102/timbre/sample_7/watermarked_lounge_recording_USB_Lavalier_Microphone.wav,timbre,0.6000
lounge,p102,/media/storage/hadleigh/stegaphone_data/final_rec//p102/timbre/sample_2/watermarked_lounge_recording_iPhone_Microphone.wav,timbre,0.2333
lounge,p102,/media/storage/hadleigh/stegaphone_data/final_rec//p102/timbre/sample_2/watermarked_lounge_recording_Fifine_USB_PnP_Audio_Device.wav,timbre,0.1667
lounge,p102,/media/storage/hadleigh/stegaphone_data/final_rec//p102/timbre/sample_2/watermarked_lounge_recording_Yeti_Stereo_Microphone.wav,timbre,0.2333
lounge,p102,/media/storage/hadleigh/stegaphone_data/final_rec//p102/timbre/sample_2/watermarked_lounge_recording_USB_Lavalier_Microphone.wav,timbre,0.2333
lounge,p102,/media/storage/hadleigh/stegaphone_data/final_rec//p102/timbre/sample_3/watermarked_lounge_recording_iPhone_Microphone.wav,timbre,0.2333
lounge,p102,/media/storage/hadleigh/stegaphone_data/final_rec//p102/timbre/sample_3/watermarked_lounge_recording_Fifine_USB_PnP_Audio_Device.wav,timbre,0.3667
lounge,p102,/media/storage/hadleigh/stegaphone_data/final_rec//p102/timbre/sample_3/watermarked_lounge_recording_Yeti_Stereo_Microphone.wav,timbre,0.2000
lounge,p102,/media/storage/hadleigh/stegaphone_data/final_rec//p102/timbre/sample_3/watermarked_lounge_recording_USB_Lavalier_Microphone.wav,timbre,0.3333
lounge,p102,/media/storage/hadleigh/stegaphone_data/final_rec//p102/timbre/sample_5/watermarked_lounge_recording_iPhone_Microphone.wav,timbre,0.4333
lounge,p102,/media/storage/hadleigh/stegaphone_data/final_rec//p102/timbre/sample_5/watermarked_lounge_recording_Fifine_USB_PnP_Audio_Device.wav,timbre,0.3000
lounge,p102,/media/storage/hadleigh/stegaphone_data/final_rec//p102/timbre/sample_5/watermarked_lounge_recording_Yeti_Stereo_Microphone.wav,timbre,0.3333
lounge,p102,/media/storage/hadleigh/stegaphone_data/final_rec//p102/timbre/sample_5/watermarked_lounge_recording_USB_Lavalier_Microphone.wav,timbre,0.3333
lounge,p102,/media/storage/hadleigh/stegaphone_data/final_rec//p102/timbre/sample_8/watermarked_lounge_recording_iPhone_Microphone.wav,timbre,0.2333
lounge,p102,/media/storage/hadleigh/stegaphone_data/final_rec//p102/timbre/sample_8/watermarked_lounge_recording_Fifine_USB_PnP_Audio_Device.wav,timbre,0.1667
lounge,p102,/media/storage/hadleigh/stegaphone_data/final_rec//p102/timbre/sample_8/watermarked_lounge_recording_Yeti_Stereo_Microphone.wav,timbre,0.2000
lounge,p102,/media/storage/hadleigh/stegaphone_data/final_rec//p102/timbre/sample_8/watermarked_lounge_recording_USB_Lavalier_Microphone.wav,timbre,0.1667
lounge,p102,/media/storage/hadleigh/stegaphone_data/final_rec//p102/timbre/sample_10/watermarked_lounge_recording_iPhone_Microphone.wav,timbre,0.2667
lounge,p102,/media/storage/hadleigh/stegaphone_data/final_rec//p102/timbre/sample_10/watermarked_lounge_recording_Fifine_USB_PnP_Audio_Device.wav,timbre,0.2667
lounge,p102,/media/storage/hadleigh/stegaphone_data/final_rec//p102/timbre/sample_10/watermarked_lounge_recording_Yeti_Stereo_Microphone.wav,timbre,0.2667
lounge,p102,/media/storage/hadleigh/stegaphone_data/final_rec//p102/timbre/sample_10/watermarked_lounge_recording_USB_Lavalier_Microphone.wav,timbre,0.3000
lounge,p102,/media/storage/hadleigh/stegaphone_data/final_rec//p102/timbre/sample_4/watermarked_lounge_recording_iPhone_Microphone.wav,timbre,0.4000
lounge,p102,/media/storage/hadleigh/stegaphone_data/final_rec//p102/timbre/sample_4/watermarked_lounge_recording_Fifine_USB_PnP_Audio_Device.wav,timbre,0.4000
lounge,p102,/media/storage/hadleigh/stegaphone_data/final_rec//p102/timbre/sample_4/watermarked_lounge_recording_Yeti_Stereo_Microphone.wav,timbre,0.4333
lounge,p102,/media/storage/hadleigh/stegaphone_data/final_rec//p102/timbre/sample_4/watermarked_lounge_recording_USB_Lavalier_Microphone.wav,timbre,0.3667
lounge,p102,/media/storage/hadleigh/stegaphone_data/final_rec//p102/timbre/sample_9/watermarked_lounge_recording_iPhone_Microphone.wav,timbre,0.2667
lounge,p102,/media/storage/hadleigh/stegaphone_data/final_rec//p102/timbre/sample_9/watermarked_lounge_recording_Fifine_USB_PnP_Audio_Device.wav,timbre,0.1667
lounge,p102,/media/storage/hadleigh/stegaphone_data/final_rec//p102/timbre/sample_9/watermarked_lounge_recording_Yeti_Stereo_Microphone.wav,timbre,0.1333
lounge,p102,/media/storage/hadleigh/stegaphone_data/final_rec//p102/timbre/sample_9/watermarked_lounge_recording_USB_Lavalier_Microphone.wav,timbre,0.1333
lounge,p102,/media/storage/hadleigh/stegaphone_data/final_rec//p102/timbre/sample_6/watermarked_lounge_recording_iPhone_Microphone.wav,timbre,0.4000
lounge,p102,/media/storage/hadleigh/stegaphone_data/final_rec//p102/timbre/sample_6/watermarked_lounge_recording_Fifine_USB_PnP_Audio_Device.wav,timbre,0.3667
lounge,p102,/media/storage/hadleigh/stegaphone_data/final_rec//p102/timbre/sample_6/watermarked_lounge_recording_Yeti_Stereo_Microphone.wav,timbre,0.4000
lounge,p102,/media/storage/hadleigh/stegaphone_data/final_rec//p102/timbre/sample_6/watermarked_lounge_recording_USB_Lavalier_Microphone.wav,timbre,0.4000
lounge,p102,/media/storage/hadleigh/stegaphone_data/final_rec//p102/timbre/sample_1/watermarked_lounge_recording_iPhone_Microphone.wav,timbre,0.2667
lounge,p102,/media/storage/hadleigh/stegaphone_data/final_rec//p102/timbre/sample_1/watermarked_lounge_recording_Fifine_USB_PnP_Audio_Device.wav,timbre,0.3000
lounge,p102,/media/storage/hadleigh/stegaphone_data/final_rec//p102/timbre/sample_1/watermarked_lounge_recording_Yeti_Stereo_Microphone.wav,timbre,0.3667
lounge,p102,/media/storage/hadleigh/stegaphone_data/final_rec//p102/timbre/sample_1/watermarked_lounge_recording_USB_Lavalier_Microphone.wav,timbre,0.3000
lounge,p103,/media/storage/hadleigh/stegaphone_data/final_rec//p103/timbre/sample_7/watermarked_lounge_recording_iPhone_Microphone.wav,timbre,0.2667
lounge,p103,/media/storage/hadleigh/stegaphone_data/final_rec//p103/timbre/sample_7/watermarked_lounge_recording_Fifine_USB_PnP_Audio_Device.wav,timbre,0.1667
lounge,p103,/media/storage/hadleigh/stegaphone_data/final_rec//p103/timbre/sample_7/watermarked_lounge_recording_Yeti_Stereo_Microphone.wav,timbre,0.2667
lounge,p103,/media/storage/hadleigh/stegaphone_data/final_rec//p103/timbre/sample_7/watermarked_lounge_recording_USB_Lavalier_Microphone.wav,timbre,0.2000
lounge,p103,/media/storage/hadleigh/stegaphone_data/final_rec//p103/timbre/sample_2/watermarked_lounge_recording_iPhone_Microphone.wav,timbre,0.2000
lounge,p103,/media/storage/hadleigh/stegaphone_data/final_rec//p103/timbre/sample_2/watermarked_lounge_recording_Fifine_USB_PnP_Audio_Device.wav,timbre,0.2333
lounge,p103,/media/storage/hadleigh/stegaphone_data/final_rec//p103/timbre/sample_2/watermarked_lounge_recording_Yeti_Stereo_Microphone.wav,timbre,0.2333
lounge,p103,/media/storage/hadleigh/stegaphone_data/final_rec//p103/timbre/sample_2/watermarked_lounge_recording_USB_Lavalier_Microphone.wav,timbre,0.2333
lounge,p103,/media/storage/hadleigh/stegaphone_data/final_rec//p103/timbre/sample_3/watermarked_lounge_recording_iPhone_Microphone.wav,timbre,0.2333
lounge,p103,/media/storage/hadleigh/stegaphone_data/final_rec//p103/timbre/sample_3/watermarked_lounge_recording_Fifine_USB_PnP_Audio_Device.wav,timbre,0.1667
lounge,p103,/media/storage/hadleigh/stegaphone_data/final_rec//p103/timbre/sample_3/watermarked_lounge_recording_Yeti_Stereo_Microphone.wav,timbre,0.2667
lounge,p103,/media/storage/hadleigh/stegaphone_data/final_rec//p103/timbre/sample_3/watermarked_lounge_recording_USB_Lavalier_Microphone.wav,timbre,0.3000
lounge,p103,/media/storage/hadleigh/stegaphone_data/final_rec//p103/timbre/sample_5/watermarked_lounge_recording_iPhone_Microphone.wav,timbre,0.3333
lounge,p103,/media/storage/hadleigh/stegaphone_data/final_rec//p103/timbre/sample_5/watermarked_lounge_recording_Fifine_USB_PnP_Audio_Device.wav,timbre,0.2667
lounge,p103,/media/storage/hadleigh/stegaphone_data/final_rec//p103/timbre/sample_5/watermarked_lounge_recording_Yeti_Stereo_Microphone.wav,timbre,0.3667
lounge,p103,/media/storage/hadleigh/stegaphone_data/final_rec//p103/timbre/sample_5/watermarked_lounge_recording_USB_Lavalier_Microphone.wav,timbre,0.3000
lounge,p103,/media/storage/hadleigh/stegaphone_data/final_rec//p103/timbre/sample_8/watermarked_lounge_recording_iPhone_Microphone.wav,timbre,0.1667
lounge,p103,/media/storage/hadleigh/stegaphone_data/final_rec//p103/timbre/sample_8/watermarked_lounge_recording_Fifine_USB_PnP_Audio_Device.wav,timbre,0.1000
lounge,p103,/media/storage/hadleigh/stegaphone_data/final_rec//p103/timbre/sample_8/watermarked_lounge_recording_Yeti_Stereo_Microphone.wav,timbre,0.1000
lounge,p103,/media/storage/hadleigh/stegaphone_data/final_rec//p103/timbre/sample_8/watermarked_lounge_recording_USB_Lavalier_Microphone.wav,timbre,0.1667
lounge,p103,/media/storage/hadleigh/stegaphone_data/final_rec//p103/timbre/sample_10/watermarked_lounge_recording_iPhone_Microphone.wav,timbre,0.1667
lounge,p103,/media/storage/hadleigh/stegaphone_data/final_rec//p103/timbre/sample_10/watermarked_lounge_recording_Fifine_USB_PnP_Audio_Device.wav,timbre,0.2667
lounge,p103,/media/storage/hadleigh/stegaphone_data/final_rec//p103/timbre/sample_10/watermarked_lounge_recording_Yeti_Stereo_Microphone.wav,timbre,0.2667
lounge,p103,/media/storage/hadleigh/stegaphone_data/final_rec//p103/timbre/sample_10/watermarked_lounge_recording_USB_Lavalier_Microphone.wav,timbre,0.1667
lounge,p103,/media/storage/hadleigh/stegaphone_data/final_rec//p103/timbre/sample_4/watermarked_lounge_recording_iPhone_Microphone.wav,timbre,0.1667
lounge,p103,/media/storage/hadleigh/stegaphone_data/final_rec//p103/timbre/sample_4/watermarked_lounge_recording_Fifine_USB_PnP_Audio_Device.wav,timbre,0.2667
lounge,p103,/media/storage/hadleigh/stegaphone_data/final_rec//p103/timbre/sample_4/watermarked_lounge_recording_Yeti_Stereo_Microphone.wav,timbre,0.2667
lounge,p103,/media/storage/hadleigh/stegaphone_data/final_rec//p103/timbre/sample_4/watermarked_lounge_recording_USB_Lavalier_Microphone.wav,timbre,0.2667
lounge,p103,/media/storage/hadleigh/stegaphone_data/final_rec//p103/timbre/sample_9/watermarked_lounge_recording_iPhone_Microphone.wav,timbre,0.4000
lounge,p103,/media/storage/hadleigh/stegaphone_data/final_rec//p103/timbre/sample_9/watermarked_lounge_recording_Fifine_USB_PnP_Audio_Device.wav,timbre,0.2333
lounge,p103,/media/storage/hadleigh/stegaphone_data/final_rec//p103/timbre/sample_9/watermarked_lounge_recording_Yeti_Stereo_Microphone.wav,timbre,0.3667
lounge,p103,/media/storage/hadleigh/stegaphone_data/final_rec//p103/timbre/sample_9/watermarked_lounge_recording_USB_Lavalier_Microphone.wav,timbre,0.2667
lounge,p103,/media/storage/hadleigh/stegaphone_data/final_rec//p103/timbre/sample_6/watermarked_lounge_recording_iPhone_Microphone.wav,timbre,0.2333
lounge,p103,/media/storage/hadleigh/stegaphone_data/final_rec//p103/timbre/sample_6/watermarked_lounge_recording_Fifine_USB_PnP_Audio_Device.wav,timbre,0.2333
lounge,p103,/media/storage/hadleigh/stegaphone_data/final_rec//p103/timbre/sample_6/watermarked_lounge_recording_Yeti_Stereo_Microphone.wav,timbre,0.3000
lounge,p103,/media/storage/hadleigh/stegaphone_data/final_rec//p103/timbre/sample_6/watermarked_lounge_recording_USB_Lavalier_Microphone.wav,timbre,0.2333
lounge,p103,/media/storage/hadleigh/stegaphone_data/final_rec//p103/timbre/sample_1/watermarked_lounge_recording_iPhone_Microphone.wav,timbre,0.2333
lounge,p103,/media/storage/hadleigh/stegaphone_data/final_rec//p103/timbre/sample_1/watermarked_lounge_recording_Fifine_USB_PnP_Audio_Device.wav,timbre,0.2000
lounge,p103,/media/storage/hadleigh/stegaphone_data/final_rec//p103/timbre/sample_1/watermarked_lounge_recording_Yeti_Stereo_Microphone.wav,timbre,0.1667
lounge,p103,/media/storage/hadleigh/stegaphone_data/final_rec//p103/timbre/sample_1/watermarked_lounge_recording_USB_Lavalier_Microphone.wav,timbre,0.2333
lounge,p104,/media/storage/hadleigh/stegaphone_data/final_rec//p104/timbre/sample_7/watermarked_lounge_recording_iPhone_Microphone.wav,timbre,0.4333
lounge,p104,/media/storage/hadleigh/stegaphone_data/final_rec//p104/timbre/sample_7/watermarked_lounge_recording_Fifine_USB_PnP_Audio_Device.wav,timbre,0.3000
lounge,p104,/media/storage/hadleigh/stegaphone_data/final_rec//p104/timbre/sample_7/watermarked_lounge_recording_Yeti_Stereo_Microphone.wav,timbre,0.5000
lounge,p104,/media/storage/hadleigh/stegaphone_data/final_rec//p104/timbre/sample_7/watermarked_lounge_recording_USB_Lavalier_Microphone.wav,timbre,0.4000
lounge,p104,/media/storage/hadleigh/stegaphone_data/final_rec//p104/timbre/sample_2/watermarked_lounge_recording_iPhone_Microphone.wav,timbre,0.1667
lounge,p104,/media/storage/hadleigh/stegaphone_data/final_rec//p104/timbre/sample_2/watermarked_lounge_recording_Fifine_USB_PnP_Audio_Device.wav,timbre,0.1667
lounge,p104,/media/storage/hadleigh/stegaphone_data/final_rec//p104/timbre/sample_2/watermarked_lounge_recording_Yeti_Stereo_Microphone.wav,timbre,0.3667
lounge,p104,/media/storage/hadleigh/stegaphone_data/final_rec//p104/timbre/sample_2/watermarked_lounge_recording_USB_Lavalier_Microphone.wav,timbre,0.2333
lounge,p104,/media/storage/hadleigh/stegaphone_data/final_rec//p104/timbre/sample_3/watermarked_lounge_recording_iPhone_Microphone.wav,timbre,0.4000
lounge,p104,/media/storage/hadleigh/stegaphone_data/final_rec//p104/timbre/sample_3/watermarked_lounge_recording_Fifine_USB_PnP_Audio_Device.wav,timbre,0.4333
lounge,p104,/media/storage/hadleigh/stegaphone_data/final_rec//p104/timbre/sample_3/watermarked_lounge_recording_Yeti_Stereo_Microphone.wav,timbre,0.4333
lounge,p104,/media/storage/hadleigh/stegaphone_data/final_rec//p104/timbre/sample_3/watermarked_lounge_recording_USB_Lavalier_Microphone.wav,timbre,0.5333
lounge,p104,/media/storage/hadleigh/stegaphone_data/final_rec//p104/timbre/sample_5/watermarked_lounge_recording_iPhone_Microphone.wav,timbre,0.3667
lounge,p104,/media/storage/hadleigh/stegaphone_data/final_rec//p104/timbre/sample_5/watermarked_lounge_recording_Fifine_USB_PnP_Audio_Device.wav,timbre,0.4333
lounge,p104,/media/storage/hadleigh/stegaphone_data/final_rec//p104/timbre/sample_5/watermarked_lounge_recording_Yeti_Stereo_Microphone.wav,timbre,0.3667
lounge,p104,/media/storage/hadleigh/stegaphone_data/final_rec//p104/timbre/sample_5/watermarked_lounge_recording_USB_Lavalier_Microphone.wav,timbre,0.4333
lounge,p104,/media/storage/hadleigh/stegaphone_data/final_rec//p104/timbre/sample_8/watermarked_lounge_recording_iPhone_Microphone.wav,timbre,0.4333
lounge,p104,/media/storage/hadleigh/stegaphone_data/final_rec//p104/timbre/sample_8/watermarked_lounge_recording_Fifine_USB_PnP_Audio_Device.wav,timbre,0.3667
lounge,p104,/media/storage/hadleigh/stegaphone_data/final_rec//p104/timbre/sample_8/watermarked_lounge_recording_Yeti_Stereo_Microphone.wav,timbre,0.5000
lounge,p104,/media/storage/hadleigh/stegaphone_data/final_rec//p104/timbre/sample_8/watermarked_lounge_recording_USB_Lavalier_Microphone.wav,timbre,0.4667
lounge,p104,/media/storage/hadleigh/stegaphone_data/final_rec//p104/timbre/sample_10/watermarked_lounge_recording_iPhone_Microphone.wav,timbre,0.2333
lounge,p104,/media/storage/hadleigh/stegaphone_data/final_rec//p104/timbre/sample_10/watermarked_lounge_recording_Fifine_USB_PnP_Audio_Device.wav,timbre,0.2000
lounge,p104,/media/storage/hadleigh/stegaphone_data/final_rec//p104/timbre/sample_10/watermarked_lounge_recording_Yeti_Stereo_Microphone.wav,timbre,0.2667
lounge,p104,/media/storage/hadleigh/stegaphone_data/final_rec//p104/timbre/sample_10/watermarked_lounge_recording_USB_Lavalier_Microphone.wav,timbre,0.2000
lounge,p104,/media/storage/hadleigh/stegaphone_data/final_rec//p104/timbre/sample_4/watermarked_lounge_recording_iPhone_Microphone.wav,timbre,0.3000
lounge,p104,/media/storage/hadleigh/stegaphone_data/final_rec//p104/timbre/sample_4/watermarked_lounge_recording_Fifine_USB_PnP_Audio_Device.wav,timbre,0.3000
lounge,p104,/media/storage/hadleigh/stegaphone_data/final_rec//p104/timbre/sample_4/watermarked_lounge_recording_Yeti_Stereo_Microphone.wav,timbre,0.3000
lounge,p104,/media/storage/hadleigh/stegaphone_data/final_rec//p104/timbre/sample_4/watermarked_lounge_recording_USB_Lavalier_Microphone.wav,timbre,0.3333
lounge,p104,/media/storage/hadleigh/stegaphone_data/final_rec//p104/timbre/sample_9/watermarked_lounge_recording_iPhone_Microphone.wav,timbre,0.3000
lounge,p104,/media/storage/hadleigh/stegaphone_data/final_rec//p104/timbre/sample_9/watermarked_lounge_recording_Fifine_USB_PnP_Audio_Device.wav,timbre,0.2333
lounge,p104,/media/storage/hadleigh/stegaphone_data/final_rec//p104/timbre/sample_9/watermarked_lounge_recording_Yeti_Stereo_Microphone.wav,timbre,0.3000
lounge,p104,/media/storage/hadleigh/stegaphone_data/final_rec//p104/timbre/sample_9/watermarked_lounge_recording_USB_Lavalier_Microphone.wav,timbre,0.3667
lounge,p104,/media/storage/hadleigh/stegaphone_data/final_rec//p104/timbre/sample_6/watermarked_lounge_recording_iPhone_Microphone.wav,timbre,0.2333
lounge,p104,/media/storage/hadleigh/stegaphone_data/final_rec//p104/timbre/sample_6/watermarked_lounge_recording_Fifine_USB_PnP_Audio_Device.wav,timbre,0.2667
lounge,p104,/media/storage/hadleigh/stegaphone_data/final_rec//p104/timbre/sample_6/watermarked_lounge_recording_Yeti_Stereo_Microphone.wav,timbre,0.2333
lounge,p104,/media/storage/hadleigh/stegaphone_data/final_rec//p104/timbre/sample_6/watermarked_lounge_recording_USB_Lavalier_Microphone.wav,timbre,0.2667
lounge,p104,/media/storage/hadleigh/stegaphone_data/final_rec//p104/timbre/sample_1/watermarked_lounge_recording_iPhone_Microphone.wav,timbre,0.2333
lounge,p104,/media/storage/hadleigh/stegaphone_data/final_rec//p104/timbre/sample_1/watermarked_lounge_recording_Fifine_USB_PnP_Audio_Device.wav,timbre,0.2667
lounge,p104,/media/storage/hadleigh/stegaphone_data/final_rec//p104/timbre/sample_1/watermarked_lounge_recording_Yeti_Stereo_Microphone.wav,timbre,0.2667
lounge,p104,/media/storage/hadleigh/stegaphone_data/final_rec//p104/timbre/sample_1/watermarked_lounge_recording_USB_Lavalier_Microphone.wav,timbre,0.4000
lounge,p105,/media/storage/hadleigh/stegaphone_data/final_rec//p105/timbre/sample_7/watermarked_lounge_recording_iPhone_Microphone.wav,timbre,0.4000
lounge,p105,/media/storage/hadleigh/stegaphone_data/final_rec//p105/timbre/sample_7/watermarked_lounge_recording_Fifine_USB_PnP_Audio_Device.wav,timbre,0.3333
lounge,p105,/media/storage/hadleigh/stegaphone_data/final_rec//p105/timbre/sample_7/watermarked_lounge_recording_Yeti_Stereo_Microphone.wav,timbre,0.3667
lounge,p105,/media/storage/hadleigh/stegaphone_data/final_rec//p105/timbre/sample_7/watermarked_lounge_recording_USB_Lavalier_Microphone.wav,timbre,0.4000
lounge,p105,/media/storage/hadleigh/stegaphone_data/final_rec//p105/timbre/sample_2/watermarked_lounge_recording_iPhone_Microphone.wav,timbre,0.4000
lounge,p105,/media/storage/hadleigh/stegaphone_data/final_rec//p105/timbre/sample_2/watermarked_lounge_recording_Fifine_USB_PnP_Audio_Device.wav,timbre,0.2333
lounge,p105,/media/storage/hadleigh/stegaphone_data/final_rec//p105/timbre/sample_2/watermarked_lounge_recording_Yeti_Stereo_Microphone.wav,timbre,0.3333
lounge,p105,/media/storage/hadleigh/stegaphone_data/final_rec//p105/timbre/sample_2/watermarked_lounge_recording_USB_Lavalier_Microphone.wav,timbre,0.3333
lounge,p105,/media/storage/hadleigh/stegaphone_data/final_rec//p105/timbre/sample_3/watermarked_lounge_recording_iPhone_Microphone.wav,timbre,0.4667
lounge,p105,/media/storage/hadleigh/stegaphone_data/final_rec//p105/timbre/sample_3/watermarked_lounge_recording_Fifine_USB_PnP_Audio_Device.wav,timbre,0.3333
lounge,p105,/media/storage/hadleigh/stegaphone_data/final_rec//p105/timbre/sample_3/watermarked_lounge_recording_Yeti_Stereo_Microphone.wav,timbre,0.3667
lounge,p105,/media/storage/hadleigh/stegaphone_data/final_rec//p105/timbre/sample_3/watermarked_lounge_recording_USB_Lavalier_Microphone.wav,timbre,0.4333
lounge,p105,/media/storage/hadleigh/stegaphone_data/final_rec//p105/timbre/sample_5/watermarked_lounge_recording_iPhone_Microphone.wav,timbre,0.2333
lounge,p105,/media/storage/hadleigh/stegaphone_data/final_rec//p105/timbre/sample_5/watermarked_lounge_recording_Fifine_USB_PnP_Audio_Device.wav,timbre,0.2000
lounge,p105,/media/storage/hadleigh/stegaphone_data/final_rec//p105/timbre/sample_5/watermarked_lounge_recording_Yeti_Stereo_Microphone.wav,timbre,0.2333
lounge,p105,/media/storage/hadleigh/stegaphone_data/final_rec//p105/timbre/sample_5/watermarked_lounge_recording_USB_Lavalier_Microphone.wav,timbre,0.2667
lounge,p105,/media/storage/hadleigh/stegaphone_data/final_rec//p105/timbre/sample_8/watermarked_lounge_recording_iPhone_Microphone.wav,timbre,0.2667
lounge,p105,/media/storage/hadleigh/stegaphone_data/final_rec//p105/timbre/sample_8/watermarked_lounge_recording_Fifine_USB_PnP_Audio_Device.wav,timbre,0.1667
lounge,p105,/media/storage/hadleigh/stegaphone_data/final_rec//p105/timbre/sample_8/watermarked_lounge_recording_Yeti_Stereo_Microphone.wav,timbre,0.2333
lounge,p105,/media/storage/hadleigh/stegaphone_data/final_rec//p105/timbre/sample_8/watermarked_lounge_recording_USB_Lavalier_Microphone.wav,timbre,0.2333
lounge,p105,/media/storage/hadleigh/stegaphone_data/final_rec//p105/timbre/sample_10/watermarked_lounge_recording_iPhone_Microphone.wav,timbre,0.3333
lounge,p105,/media/storage/hadleigh/stegaphone_data/final_rec//p105/timbre/sample_10/watermarked_lounge_recording_Fifine_USB_PnP_Audio_Device.wav,timbre,0.3667
lounge,p105,/media/storage/hadleigh/stegaphone_data/final_rec//p105/timbre/sample_10/watermarked_lounge_recording_Yeti_Stereo_Microphone.wav,timbre,0.3333
lounge,p105,/media/storage/hadleigh/stegaphone_data/final_rec//p105/timbre/sample_10/watermarked_lounge_recording_USB_Lavalier_Microphone.wav,timbre,0.2333
lounge,p105,/media/storage/hadleigh/stegaphone_data/final_rec//p105/timbre/sample_4/watermarked_lounge_recording_iPhone_Microphone.wav,timbre,0.3667
lounge,p105,/media/storage/hadleigh/stegaphone_data/final_rec//p105/timbre/sample_4/watermarked_lounge_recording_Fifine_USB_PnP_Audio_Device.wav,timbre,0.3667
lounge,p105,/media/storage/hadleigh/stegaphone_data/final_rec//p105/timbre/sample_4/watermarked_lounge_recording_Yeti_Stereo_Microphone.wav,timbre,0.3667
lounge,p105,/media/storage/hadleigh/stegaphone_data/final_rec//p105/timbre/sample_4/watermarked_lounge_recording_USB_Lavalier_Microphone.wav,timbre,0.3667
lounge,p105,/media/storage/hadleigh/stegaphone_data/final_rec//p105/timbre/sample_9/watermarked_lounge_recording_iPhone_Microphone.wav,timbre,0.1000
lounge,p105,/media/storage/hadleigh/stegaphone_data/final_rec//p105/timbre/sample_9/watermarked_lounge_recording_Fifine_USB_PnP_Audio_Device.wav,timbre,0.1333
lounge,p105,/media/storage/hadleigh/stegaphone_data/final_rec//p105/timbre/sample_9/watermarked_lounge_recording_Yeti_Stereo_Microphone.wav,timbre,0.2333
lounge,p105,/media/storage/hadleigh/stegaphone_data/final_rec//p105/timbre/sample_9/watermarked_lounge_recording_USB_Lavalier_Microphone.wav,timbre,0.2667
lounge,p105,/media/storage/hadleigh/stegaphone_data/final_rec//p105/timbre/sample_6/watermarked_lounge_recording_iPhone_Microphone.wav,timbre,0.3333
lounge,p105,/media/storage/hadleigh/stegaphone_data/final_rec//p105/timbre/sample_6/watermarked_lounge_recording_Fifine_USB_PnP_Audio_Device.wav,timbre,0.2000
lounge,p105,/media/storage/hadleigh/stegaphone_data/final_rec//p105/timbre/sample_6/watermarked_lounge_recording_Yeti_Stereo_Microphone.wav,timbre,0.3000
lounge,p105,/media/storage/hadleigh/stegaphone_data/final_rec//p105/timbre/sample_6/watermarked_lounge_recording_USB_Lavalier_Microphone.wav,timbre,0.2667
lounge,p105,/media/storage/hadleigh/stegaphone_data/final_rec//p105/timbre/sample_1/watermarked_lounge_recording_iPhone_Microphone.wav,timbre,0.2333
lounge,p105,/media/storage/hadleigh/stegaphone_data/final_rec//p105/timbre/sample_1/watermarked_lounge_recording_Fifine_USB_PnP_Audio_Device.wav,timbre,0.2000
lounge,p105,/media/storage/hadleigh/stegaphone_data/final_rec//p105/timbre/sample_1/watermarked_lounge_recording_Yeti_Stereo_Microphone.wav,timbre,0.2333
lounge,p105,/media/storage/hadleigh/stegaphone_data/final_rec//p105/timbre/sample_1/watermarked_lounge_recording_USB_Lavalier_Microphone.wav,timbre,0.1667
lounge,p106,/media/storage/hadleigh/stegaphone_data/final_rec//p106/timbre/sample_7/watermarked_lounge_recording_iPhone_Microphone.wav,timbre,0.2667
lounge,p106,/media/storage/hadleigh/stegaphone_data/final_rec//p106/timbre/sample_7/watermarked_lounge_recording_Fifine_USB_PnP_Audio_Device.wav,timbre,0.3333
lounge,p106,/media/storage/hadleigh/stegaphone_data/final_rec//p106/timbre/sample_7/watermarked_lounge_recording_Yeti_Stereo_Microphone.wav,timbre,0.3667
lounge,p106,/media/storage/hadleigh/stegaphone_data/final_rec//p106/timbre/sample_7/watermarked_lounge_recording_USB_Lavalier_Microphone.wav,timbre,0.4000
lounge,p106,/media/storage/hadleigh/stegaphone_data/final_rec//p106/timbre/sample_2/watermarked_lounge_recording_iPhone_Microphone.wav,timbre,0.2000
lounge,p106,/media/storage/hadleigh/stegaphone_data/final_rec//p106/timbre/sample_2/watermarked_lounge_recording_Fifine_USB_PnP_Audio_Device.wav,timbre,0.2667
lounge,p106,/media/storage/hadleigh/stegaphone_data/final_rec//p106/timbre/sample_2/watermarked_lounge_recording_Yeti_Stereo_Microphone.wav,timbre,0.2333
lounge,p106,/media/storage/hadleigh/stegaphone_data/final_rec//p106/timbre/sample_2/watermarked_lounge_recording_USB_Lavalier_Microphone.wav,timbre,0.2000
lounge,p106,/media/storage/hadleigh/stegaphone_data/final_rec//p106/timbre/sample_3/watermarked_lounge_recording_iPhone_Microphone.wav,timbre,0.4000
lounge,p106,/media/storage/hadleigh/stegaphone_data/final_rec//p106/timbre/sample_3/watermarked_lounge_recording_Fifine_USB_PnP_Audio_Device.wav,timbre,0.3000
lounge,p106,/media/storage/hadleigh/stegaphone_data/final_rec//p106/timbre/sample_3/watermarked_lounge_recording_Yeti_Stereo_Microphone.wav,timbre,0.3333
lounge,p106,/media/storage/hadleigh/stegaphone_data/final_rec//p106/timbre/sample_3/watermarked_lounge_recording_USB_Lavalier_Microphone.wav,timbre,0.4000
lounge,p106,/media/storage/hadleigh/stegaphone_data/final_rec//p106/timbre/sample_5/watermarked_lounge_recording_iPhone_Microphone.wav,timbre,0.2000
lounge,p106,/media/storage/hadleigh/stegaphone_data/final_rec//p106/timbre/sample_5/watermarked_lounge_recording_Fifine_USB_PnP_Audio_Device.wav,timbre,0.1333
lounge,p106,/media/storage/hadleigh/stegaphone_data/final_rec//p106/timbre/sample_5/watermarked_lounge_recording_Yeti_Stereo_Microphone.wav,timbre,0.3000
lounge,p106,/media/storage/hadleigh/stegaphone_data/final_rec//p106/timbre/sample_5/watermarked_lounge_recording_USB_Lavalier_Microphone.wav,timbre,0.2000
lounge,p106,/media/storage/hadleigh/stegaphone_data/final_rec//p106/timbre/sample_8/watermarked_lounge_recording_iPhone_Microphone.wav,timbre,0.2000
lounge,p106,/media/storage/hadleigh/stegaphone_data/final_rec//p106/timbre/sample_8/watermarked_lounge_recording_Fifine_USB_PnP_Audio_Device.wav,timbre,0.1333
lounge,p106,/media/storage/hadleigh/stegaphone_data/final_rec//p106/timbre/sample_8/watermarked_lounge_recording_Yeti_Stereo_Microphone.wav,timbre,0.2000
lounge,p106,/media/storage/hadleigh/stegaphone_data/final_rec//p106/timbre/sample_8/watermarked_lounge_recording_USB_Lavalier_Microphone.wav,timbre,0.2667
lounge,p106,/media/storage/hadleigh/stegaphone_data/final_rec//p106/timbre/sample_10/watermarked_lounge_recording_iPhone_Microphone.wav,timbre,0.2333
lounge,p106,/media/storage/hadleigh/stegaphone_data/final_rec//p106/timbre/sample_10/watermarked_lounge_recording_Fifine_USB_PnP_Audio_Device.wav,timbre,0.4333
lounge,p106,/media/storage/hadleigh/stegaphone_data/final_rec//p106/timbre/sample_10/watermarked_lounge_recording_Yeti_Stereo_Microphone.wav,timbre,0.3333
lounge,p106,/media/storage/hadleigh/stegaphone_data/final_rec//p106/timbre/sample_10/watermarked_lounge_recording_USB_Lavalier_Microphone.wav,timbre,0.3667
lounge,p106,/media/storage/hadleigh/stegaphone_data/final_rec//p106/timbre/sample_4/watermarked_lounge_recording_iPhone_Microphone.wav,timbre,0.4667
lounge,p106,/media/storage/hadleigh/stegaphone_data/final_rec//p106/timbre/sample_4/watermarked_lounge_recording_Fifine_USB_PnP_Audio_Device.wav,timbre,0.2667
lounge,p106,/media/storage/hadleigh/stegaphone_data/final_rec//p106/timbre/sample_4/watermarked_lounge_recording_Yeti_Stereo_Microphone.wav,timbre,0.3667
lounge,p106,/media/storage/hadleigh/stegaphone_data/final_rec//p106/timbre/sample_4/watermarked_lounge_recording_USB_Lavalier_Microphone.wav,timbre,0.4000
lounge,p106,/media/storage/hadleigh/stegaphone_data/final_rec//p106/timbre/sample_9/watermarked_lounge_recording_iPhone_Microphone.wav,timbre,0.2000
lounge,p106,/media/storage/hadleigh/stegaphone_data/final_rec//p106/timbre/sample_9/watermarked_lounge_recording_Fifine_USB_PnP_Audio_Device.wav,timbre,0.2667
lounge,p106,/media/storage/hadleigh/stegaphone_data/final_rec//p106/timbre/sample_9/watermarked_lounge_recording_Yeti_Stereo_Microphone.wav,timbre,0.3000
lounge,p106,/media/storage/hadleigh/stegaphone_data/final_rec//p106/timbre/sample_9/watermarked_lounge_recording_USB_Lavalier_Microphone.wav,timbre,0.2000
lounge,p106,/media/storage/hadleigh/stegaphone_data/final_rec//p106/timbre/sample_6/watermarked_lounge_recording_iPhone_Microphone.wav,timbre,0.2667
lounge,p106,/media/storage/hadleigh/stegaphone_data/final_rec//p106/timbre/sample_6/watermarked_lounge_recording_Fifine_USB_PnP_Audio_Device.wav,timbre,0.1333
lounge,p106,/media/storage/hadleigh/stegaphone_data/final_rec//p106/timbre/sample_6/watermarked_lounge_recording_Yeti_Stereo_Microphone.wav,timbre,0.2333
lounge,p106,/media/storage/hadleigh/stegaphone_data/final_rec//p106/timbre/sample_6/watermarked_lounge_recording_USB_Lavalier_Microphone.wav,timbre,0.2000
lounge,p106,/media/storage/hadleigh/stegaphone_data/final_rec//p106/timbre/sample_1/watermarked_lounge_recording_iPhone_Microphone.wav,timbre,0.3667
lounge,p106,/media/storage/hadleigh/stegaphone_data/final_rec//p106/timbre/sample_1/watermarked_lounge_recording_Fifine_USB_PnP_Audio_Device.wav,timbre,0.1333
lounge,p106,/media/storage/hadleigh/stegaphone_data/final_rec//p106/timbre/sample_1/watermarked_lounge_recording_Yeti_Stereo_Microphone.wav,timbre,0.2667
lounge,p106,/media/storage/hadleigh/stegaphone_data/final_rec//p106/timbre/sample_1/watermarked_lounge_recording_USB_Lavalier_Microphone.wav,timbre,0.3333
lounge,p107,/media/storage/hadleigh/stegaphone_data/final_rec//p107/timbre/sample_7/watermarked_lounge_recording_iPhone_Microphone.wav,timbre,0.2333
lounge,p107,/media/storage/hadleigh/stegaphone_data/final_rec//p107/timbre/sample_7/watermarked_lounge_recording_Fifine_USB_PnP_Audio_Device.wav,timbre,0.2000
lounge,p107,/media/storage/hadleigh/stegaphone_data/final_rec//p107/timbre/sample_7/watermarked_lounge_recording_Yeti_Stereo_Microphone.wav,timbre,0.2667
lounge,p107,/media/storage/hadleigh/stegaphone_data/final_rec//p107/timbre/sample_7/watermarked_lounge_recording_USB_Lavalier_Microphone.wav,timbre,0.1667
lounge,p107,/media/storage/hadleigh/stegaphone_data/final_rec//p107/timbre/sample_2/watermarked_lounge_recording_iPhone_Microphone.wav,timbre,0.2000
lounge,p107,/media/storage/hadleigh/stegaphone_data/final_rec//p107/timbre/sample_2/watermarked_lounge_recording_Fifine_USB_PnP_Audio_Device.wav,timbre,0.2667
lounge,p107,/media/storage/hadleigh/stegaphone_data/final_rec//p107/timbre/sample_2/watermarked_lounge_recording_Yeti_Stereo_Microphone.wav,timbre,0.2333
lounge,p107,/media/storage/hadleigh/stegaphone_data/final_rec//p107/timbre/sample_2/watermarked_lounge_recording_USB_Lavalier_Microphone.wav,timbre,0.2667
lounge,p107,/media/storage/hadleigh/stegaphone_data/final_rec//p107/timbre/sample_3/watermarked_lounge_recording_iPhone_Microphone.wav,timbre,0.2000
lounge,p107,/media/storage/hadleigh/stegaphone_data/final_rec//p107/timbre/sample_3/watermarked_lounge_recording_Fifine_USB_PnP_Audio_Device.wav,timbre,0.1333
lounge,p107,/media/storage/hadleigh/stegaphone_data/final_rec//p107/timbre/sample_3/watermarked_lounge_recording_Yeti_Stereo_Microphone.wav,timbre,0.1333
lounge,p107,/media/storage/hadleigh/stegaphone_data/final_rec//p107/timbre/sample_3/watermarked_lounge_recording_USB_Lavalier_Microphone.wav,timbre,0.3000
lounge,p107,/media/storage/hadleigh/stegaphone_data/final_rec//p107/timbre/sample_5/watermarked_lounge_recording_iPhone_Microphone.wav,timbre,0.3333
lounge,p107,/media/storage/hadleigh/stegaphone_data/final_rec//p107/timbre/sample_5/watermarked_lounge_recording_Fifine_USB_PnP_Audio_Device.wav,timbre,0.3333
lounge,p107,/media/storage/hadleigh/stegaphone_data/final_rec//p107/timbre/sample_5/watermarked_lounge_recording_Yeti_Stereo_Microphone.wav,timbre,0.3667
lounge,p107,/media/storage/hadleigh/stegaphone_data/final_rec//p107/timbre/sample_5/watermarked_lounge_recording_USB_Lavalier_Microphone.wav,timbre,0.4000
lounge,p107,/media/storage/hadleigh/stegaphone_data/final_rec//p107/timbre/sample_8/watermarked_lounge_recording_iPhone_Microphone.wav,timbre,0.1000
lounge,p107,/media/storage/hadleigh/stegaphone_data/final_rec//p107/timbre/sample_8/watermarked_lounge_recording_Fifine_USB_PnP_Audio_Device.wav,timbre,0.2000
lounge,p107,/media/storage/hadleigh/stegaphone_data/final_rec//p107/timbre/sample_8/watermarked_lounge_recording_Yeti_Stereo_Microphone.wav,timbre,0.1667
lounge,p107,/media/storage/hadleigh/stegaphone_data/final_rec//p107/timbre/sample_8/watermarked_lounge_recording_USB_Lavalier_Microphone.wav,timbre,0.1000
lounge,p107,/media/storage/hadleigh/stegaphone_data/final_rec//p107/timbre/sample_10/watermarked_lounge_recording_iPhone_Microphone.wav,timbre,0.2000
lounge,p107,/media/storage/hadleigh/stegaphone_data/final_rec//p107/timbre/sample_10/watermarked_lounge_recording_Fifine_USB_PnP_Audio_Device.wav,timbre,0.2667
lounge,p107,/media/storage/hadleigh/stegaphone_data/final_rec//p107/timbre/sample_10/watermarked_lounge_recording_Yeti_Stereo_Microphone.wav,timbre,0.2333
lounge,p107,/media/storage/hadleigh/stegaphone_data/final_rec//p107/timbre/sample_10/watermarked_lounge_recording_USB_Lavalier_Microphone.wav,timbre,0.2000
lounge,p107,/media/storage/hadleigh/stegaphone_data/final_rec//p107/timbre/sample_4/watermarked_lounge_recording_iPhone_Microphone.wav,timbre,0.3000
lounge,p107,/media/storage/hadleigh/stegaphone_data/final_rec//p107/timbre/sample_4/watermarked_lounge_recording_Fifine_USB_PnP_Audio_Device.wav,timbre,0.2000
lounge,p107,/media/storage/hadleigh/stegaphone_data/final_rec//p107/timbre/sample_4/watermarked_lounge_recording_Yeti_Stereo_Microphone.wav,timbre,0.3000
lounge,p107,/media/storage/hadleigh/stegaphone_data/final_rec//p107/timbre/sample_4/watermarked_lounge_recording_USB_Lavalier_Microphone.wav,timbre,0.4000
lounge,p107,/media/storage/hadleigh/stegaphone_data/final_rec//p107/timbre/sample_9/watermarked_lounge_recording_iPhone_Microphone.wav,timbre,0.3667
lounge,p107,/media/storage/hadleigh/stegaphone_data/final_rec//p107/timbre/sample_9/watermarked_lounge_recording_Fifine_USB_PnP_Audio_Device.wav,timbre,0.3667
lounge,p107,/media/storage/hadleigh/stegaphone_data/final_rec//p107/timbre/sample_9/watermarked_lounge_recording_Yeti_Stereo_Microphone.wav,timbre,0.4333
lounge,p107,/media/storage/hadleigh/stegaphone_data/final_rec//p107/timbre/sample_9/watermarked_lounge_recording_USB_Lavalier_Microphone.wav,timbre,0.4333
lounge,p107,/media/storage/hadleigh/stegaphone_data/final_rec//p107/timbre/sample_6/watermarked_lounge_recording_iPhone_Microphone.wav,timbre,0.3333
lounge,p107,/media/storage/hadleigh/stegaphone_data/final_rec//p107/timbre/sample_6/watermarked_lounge_recording_Fifine_USB_PnP_Audio_Device.wav,timbre,0.3333
lounge,p107,/media/storage/hadleigh/stegaphone_data/final_rec//p107/timbre/sample_6/watermarked_lounge_recording_Yeti_Stereo_Microphone.wav,timbre,0.3667
lounge,p107,/media/storage/hadleigh/stegaphone_data/final_rec//p107/timbre/sample_6/watermarked_lounge_recording_USB_Lavalier_Microphone.wav,timbre,0.3667
lounge,p107,/media/storage/hadleigh/stegaphone_data/final_rec//p107/timbre/sample_1/watermarked_lounge_recording_iPhone_Microphone.wav,timbre,0.2333
lounge,p107,/media/storage/hadleigh/stegaphone_data/final_rec//p107/timbre/sample_1/watermarked_lounge_recording_Fifine_USB_PnP_Audio_Device.wav,timbre,0.3000
lounge,p107,/media/storage/hadleigh/stegaphone_data/final_rec//p107/timbre/sample_1/watermarked_lounge_recording_Yeti_Stereo_Microphone.wav,timbre,0.3667
lounge,p107,/media/storage/hadleigh/stegaphone_data/final_rec//p107/timbre/sample_1/watermarked_lounge_recording_USB_Lavalier_Microphone.wav,timbre,0.2667
auditorium,p102,/media/storage/hadleigh/stegaphone_data/final_rec//p102/timbre/sample_7/watermarked_auditorium_recording_Yeti_Stereo_Microphone.wav,timbre,0.5667
auditorium,p102,/media/storage/hadleigh/stegaphone_data/final_rec//p102/timbre/sample_7/watermarked_auditorium_recording_iPhone_Microphone.wav,timbre,0.5000
auditorium,p102,/media/storage/hadleigh/stegaphone_data/final_rec//p102/timbre/sample_7/watermarked_auditorium_recording_Fifine_USB_PnP_Audio_Device.wav,timbre,0.6000
auditorium,p102,/media/storage/hadleigh/stegaphone_data/final_rec//p102/timbre/sample_7/watermarked_auditorium_recording_USB_Lavalier_Microphone.wav,timbre,0.6667
auditorium,p102,/media/storage/hadleigh/stegaphone_data/final_rec//p102/timbre/sample_2/watermarked_auditorium_recording_Yeti_Stereo_Microphone.wav,timbre,0.4667
auditorium,p102,/media/storage/hadleigh/stegaphone_data/final_rec//p102/timbre/sample_2/watermarked_auditorium_recording_iPhone_Microphone.wav,timbre,0.3333
auditorium,p102,/media/storage/hadleigh/stegaphone_data/final_rec//p102/timbre/sample_2/watermarked_auditorium_recording_Fifine_USB_PnP_Audio_Device.wav,timbre,0.4667
auditorium,p102,/media/storage/hadleigh/stegaphone_data/final_rec//p102/timbre/sample_2/watermarked_auditorium_recording_USB_Lavalier_Microphone.wav,timbre,0.4000
auditorium,p102,/media/storage/hadleigh/stegaphone_data/final_rec//p102/timbre/sample_3/watermarked_auditorium_recording_Yeti_Stereo_Microphone.wav,timbre,0.4667
auditorium,p102,/media/storage/hadleigh/stegaphone_data/final_rec//p102/timbre/sample_3/watermarked_auditorium_recording_iPhone_Microphone.wav,timbre,0.3000
auditorium,p102,/media/storage/hadleigh/stegaphone_data/final_rec//p102/timbre/sample_3/watermarked_auditorium_recording_Fifine_USB_PnP_Audio_Device.wav,timbre,0.3333
auditorium,p102,/media/storage/hadleigh/stegaphone_data/final_rec//p102/timbre/sample_3/watermarked_auditorium_recording_USB_Lavalier_Microphone.wav,timbre,0.4667
auditorium,p102,/media/storage/hadleigh/stegaphone_data/final_rec//p102/timbre/sample_5/watermarked_auditorium_recording_Yeti_Stereo_Microphone.wav,timbre,0.4000
auditorium,p102,/media/storage/hadleigh/stegaphone_data/final_rec//p102/timbre/sample_5/watermarked_auditorium_recording_iPhone_Microphone.wav,timbre,0.4000
auditorium,p102,/media/storage/hadleigh/stegaphone_data/final_rec//p102/timbre/sample_5/watermarked_auditorium_recording_Fifine_USB_PnP_Audio_Device.wav,timbre,0.4000
auditorium,p102,/media/storage/hadleigh/stegaphone_data/final_rec//p102/timbre/sample_5/watermarked_auditorium_recording_USB_Lavalier_Microphone.wav,timbre,0.4333
auditorium,p102,/media/storage/hadleigh/stegaphone_data/final_rec//p102/timbre/sample_8/watermarked_auditorium_recording_Yeti_Stereo_Microphone.wav,timbre,0.2667
auditorium,p102,/media/storage/hadleigh/stegaphone_data/final_rec//p102/timbre/sample_8/watermarked_auditorium_recording_iPhone_Microphone.wav,timbre,0.2333
auditorium,p102,/media/storage/hadleigh/stegaphone_data/final_rec//p102/timbre/sample_8/watermarked_auditorium_recording_Fifine_USB_PnP_Audio_Device.wav,timbre,0.3000
auditorium,p102,/media/storage/hadleigh/stegaphone_data/final_rec//p102/timbre/sample_8/watermarked_auditorium_recording_USB_Lavalier_Microphone.wav,timbre,0.3000
auditorium,p102,/media/storage/hadleigh/stegaphone_data/final_rec//p102/timbre/sample_10/watermarked_auditorium_recording_Yeti_Stereo_Microphone.wav,timbre,0.4333
auditorium,p102,/media/storage/hadleigh/stegaphone_data/final_rec//p102/timbre/sample_10/watermarked_auditorium_recording_iPhone_Microphone.wav,timbre,0.3667
auditorium,p102,/media/storage/hadleigh/stegaphone_data/final_rec//p102/timbre/sample_10/watermarked_auditorium_recording_Fifine_USB_PnP_Audio_Device.wav,timbre,0.4333
auditorium,p102,/media/storage/hadleigh/stegaphone_data/final_rec//p102/timbre/sample_10/watermarked_auditorium_recording_USB_Lavalier_Microphone.wav,timbre,0.5000
auditorium,p102,/media/storage/hadleigh/stegaphone_data/final_rec//p102/timbre/sample_4/watermarked_auditorium_recording_Yeti_Stereo_Microphone.wav,timbre,0.5333
auditorium,p102,/media/storage/hadleigh/stegaphone_data/final_rec//p102/timbre/sample_4/watermarked_auditorium_recording_iPhone_Microphone.wav,timbre,0.6000
auditorium,p102,/media/storage/hadleigh/stegaphone_data/final_rec//p102/timbre/sample_4/watermarked_auditorium_recording_Fifine_USB_PnP_Audio_Device.wav,timbre,0.5667
auditorium,p102,/media/storage/hadleigh/stegaphone_data/final_rec//p102/timbre/sample_4/watermarked_auditorium_recording_USB_Lavalier_Microphone.wav,timbre,0.6000
auditorium,p102,/media/storage/hadleigh/stegaphone_data/final_rec//p102/timbre/sample_9/watermarked_auditorium_recording_Yeti_Stereo_Microphone.wav,timbre,0.2333
auditorium,p102,/media/storage/hadleigh/stegaphone_data/final_rec//p102/timbre/sample_9/watermarked_auditorium_recording_iPhone_Microphone.wav,timbre,0.2667
auditorium,p102,/media/storage/hadleigh/stegaphone_data/final_rec//p102/timbre/sample_9/watermarked_auditorium_recording_Fifine_USB_PnP_Audio_Device.wav,timbre,0.2667
auditorium,p102,/media/storage/hadleigh/stegaphone_data/final_rec//p102/timbre/sample_9/watermarked_auditorium_recording_USB_Lavalier_Microphone.wav,timbre,0.3000
auditorium,p102,/media/storage/hadleigh/stegaphone_data/final_rec//p102/timbre/sample_6/watermarked_auditorium_recording_Yeti_Stereo_Microphone.wav,timbre,0.5667
auditorium,p102,/media/storage/hadleigh/stegaphone_data/final_rec//p102/timbre/sample_6/watermarked_auditorium_recording_iPhone_Microphone.wav,timbre,0.4667
auditorium,p102,/media/storage/hadleigh/stegaphone_data/final_rec//p102/timbre/sample_6/watermarked_auditorium_recording_Fifine_USB_PnP_Audio_Device.wav,timbre,0.5333
auditorium,p102,/media/storage/hadleigh/stegaphone_data/final_rec//p102/timbre/sample_6/watermarked_auditorium_recording_USB_Lavalier_Microphone.wav,timbre,0.6000
auditorium,p102,/media/storage/hadleigh/stegaphone_data/final_rec//p102/timbre/sample_1/watermarked_auditorium_recording_Yeti_Stereo_Microphone.wav,timbre,0.5667
auditorium,p102,/media/storage/hadleigh/stegaphone_data/final_rec//p102/timbre/sample_1/watermarked_auditorium_recording_iPhone_Microphone.wav,timbre,0.5333
auditorium,p102,/media/storage/hadleigh/stegaphone_data/final_rec//p102/timbre/sample_1/watermarked_auditorium_recording_Fifine_USB_PnP_Audio_Device.wav,timbre,0.6000
auditorium,p102,/media/storage/hadleigh/stegaphone_data/final_rec//p102/timbre/sample_1/watermarked_auditorium_recording_USB_Lavalier_Microphone.wav,timbre,0.5667
auditorium,p103,/media/storage/hadleigh/stegaphone_data/final_rec//p103/timbre/sample_7/watermarked_auditorium_recording_Yeti_Stereo_Microphone.wav,timbre,0.4000
auditorium,p103,/media/storage/hadleigh/stegaphone_data/final_rec//p103/timbre/sample_7/watermarked_auditorium_recording_iPhone_Microphone.wav,timbre,0.3667
auditorium,p103,/media/storage/hadleigh/stegaphone_data/final_rec//p103/timbre/sample_7/watermarked_auditorium_recording_Fifine_USB_PnP_Audio_Device.wav,timbre,0.4000
auditorium,p103,/media/storage/hadleigh/stegaphone_data/final_rec//p103/timbre/sample_7/watermarked_auditorium_recording_USB_Lavalier_Microphone.wav,timbre,0.4333
auditorium,p103,/media/storage/hadleigh/stegaphone_data/final_rec//p103/timbre/sample_2/watermarked_auditorium_recording_Yeti_Stereo_Microphone.wav,timbre,0.4000
auditorium,p103,/media/storage/hadleigh/stegaphone_data/final_rec//p103/timbre/sample_2/watermarked_auditorium_recording_iPhone_Microphone.wav,timbre,0.3333
auditorium,p103,/media/storage/hadleigh/stegaphone_data/final_rec//p103/timbre/sample_2/watermarked_auditorium_recording_Fifine_USB_PnP_Audio_Device.wav,timbre,0.2667
auditorium,p103,/media/storage/hadleigh/stegaphone_data/final_rec//p103/timbre/sample_2/watermarked_auditorium_recording_USB_Lavalier_Microphone.wav,timbre,0.3000
auditorium,p103,/media/storage/hadleigh/stegaphone_data/final_rec//p103/timbre/sample_3/watermarked_auditorium_recording_Yeti_Stereo_Microphone.wav,timbre,0.4333
auditorium,p103,/media/storage/hadleigh/stegaphone_data/final_rec//p103/timbre/sample_3/watermarked_auditorium_recording_iPhone_Microphone.wav,timbre,0.4333
auditorium,p103,/media/storage/hadleigh/stegaphone_data/final_rec//p103/timbre/sample_3/watermarked_auditorium_recording_Fifine_USB_PnP_Audio_Device.wav,timbre,0.4667
auditorium,p103,/media/storage/hadleigh/stegaphone_data/final_rec//p103/timbre/sample_3/watermarked_auditorium_recording_USB_Lavalier_Microphone.wav,timbre,0.3667
auditorium,p103,/media/storage/hadleigh/stegaphone_data/final_rec//p103/timbre/sample_5/watermarked_auditorium_recording_Yeti_Stereo_Microphone.wav,timbre,0.5000
auditorium,p103,/media/storage/hadleigh/stegaphone_data/final_rec//p103/timbre/sample_5/watermarked_auditorium_recording_iPhone_Microphone.wav,timbre,0.5667
auditorium,p103,/media/storage/hadleigh/stegaphone_data/final_rec//p103/timbre/sample_5/watermarked_auditorium_recording_Fifine_USB_PnP_Audio_Device.wav,timbre,0.5000
auditorium,p103,/media/storage/hadleigh/stegaphone_data/final_rec//p103/timbre/sample_5/watermarked_auditorium_recording_USB_Lavalier_Microphone.wav,timbre,0.4667
auditorium,p103,/media/storage/hadleigh/stegaphone_data/final_rec//p103/timbre/sample_8/watermarked_auditorium_recording_Yeti_Stereo_Microphone.wav,timbre,0.2667
auditorium,p103,/media/storage/hadleigh/stegaphone_data/final_rec//p103/timbre/sample_8/watermarked_auditorium_recording_iPhone_Microphone.wav,timbre,0.3000
auditorium,p103,/media/storage/hadleigh/stegaphone_data/final_rec//p103/timbre/sample_8/watermarked_auditorium_recording_Fifine_USB_PnP_Audio_Device.wav,timbre,0.2667
auditorium,p103,/media/storage/hadleigh/stegaphone_data/final_rec//p103/timbre/sample_8/watermarked_auditorium_recording_USB_Lavalier_Microphone.wav,timbre,0.2333
auditorium,p103,/media/storage/hadleigh/stegaphone_data/final_rec//p103/timbre/sample_10/watermarked_auditorium_recording_Yeti_Stereo_Microphone.wav,timbre,0.3333
auditorium,p103,/media/storage/hadleigh/stegaphone_data/final_rec//p103/timbre/sample_10/watermarked_auditorium_recording_iPhone_Microphone.wav,timbre,0.3333
auditorium,p103,/media/storage/hadleigh/stegaphone_data/final_rec//p103/timbre/sample_10/watermarked_auditorium_recording_Fifine_USB_PnP_Audio_Device.wav,timbre,0.3333
auditorium,p103,/media/storage/hadleigh/stegaphone_data/final_rec//p103/timbre/sample_10/watermarked_auditorium_recording_USB_Lavalier_Microphone.wav,timbre,0.3667
auditorium,p103,/media/storage/hadleigh/stegaphone_data/final_rec//p103/timbre/sample_4/watermarked_auditorium_recording_Yeti_Stereo_Microphone.wav,timbre,0.4000
auditorium,p103,/media/storage/hadleigh/stegaphone_data/final_rec//p103/timbre/sample_4/watermarked_auditorium_recording_iPhone_Microphone.wav,timbre,0.3333
auditorium,p103,/media/storage/hadleigh/stegaphone_data/final_rec//p103/timbre/sample_4/watermarked_auditorium_recording_Fifine_USB_PnP_Audio_Device.wav,timbre,0.3333
auditorium,p103,/media/storage/hadleigh/stegaphone_data/final_rec//p103/timbre/sample_4/watermarked_auditorium_recording_USB_Lavalier_Microphone.wav,timbre,0.4333
auditorium,p103,/media/storage/hadleigh/stegaphone_data/final_rec//p103/timbre/sample_9/watermarked_auditorium_recording_Yeti_Stereo_Microphone.wav,timbre,0.5000
auditorium,p103,/media/storage/hadleigh/stegaphone_data/final_rec//p103/timbre/sample_9/watermarked_auditorium_recording_iPhone_Microphone.wav,timbre,0.5000
auditorium,p103,/media/storage/hadleigh/stegaphone_data/final_rec//p103/timbre/sample_9/watermarked_auditorium_recording_Fifine_USB_PnP_Audio_Device.wav,timbre,0.4667
auditorium,p103,/media/storage/hadleigh/stegaphone_data/final_rec//p103/timbre/sample_9/watermarked_auditorium_recording_USB_Lavalier_Microphone.wav,timbre,0.4667
auditorium,p103,/media/storage/hadleigh/stegaphone_data/final_rec//p103/timbre/sample_6/watermarked_auditorium_recording_Yeti_Stereo_Microphone.wav,timbre,0.4667
auditorium,p103,/media/storage/hadleigh/stegaphone_data/final_rec//p103/timbre/sample_6/watermarked_auditorium_recording_iPhone_Microphone.wav,timbre,0.4667
auditorium,p103,/media/storage/hadleigh/stegaphone_data/final_rec//p103/timbre/sample_6/watermarked_auditorium_recording_Fifine_USB_PnP_Audio_Device.wav,timbre,0.4667
auditorium,p103,/media/storage/hadleigh/stegaphone_data/final_rec//p103/timbre/sample_6/watermarked_auditorium_recording_USB_Lavalier_Microphone.wav,timbre,0.5000
auditorium,p103,/media/storage/hadleigh/stegaphone_data/final_rec//p103/timbre/sample_1/watermarked_auditorium_recording_Yeti_Stereo_Microphone.wav,timbre,0.3000
auditorium,p103,/media/storage/hadleigh/stegaphone_data/final_rec//p103/timbre/sample_1/watermarked_auditorium_recording_iPhone_Microphone.wav,timbre,0.3333
auditorium,p103,/media/storage/hadleigh/stegaphone_data/final_rec//p103/timbre/sample_1/watermarked_auditorium_recording_Fifine_USB_PnP_Audio_Device.wav,timbre,0.3000
auditorium,p103,/media/storage/hadleigh/stegaphone_data/final_rec//p103/timbre/sample_1/watermarked_auditorium_recording_USB_Lavalier_Microphone.wav,timbre,0.3000
auditorium,p104,/media/storage/hadleigh/stegaphone_data/final_rec//p104/timbre/sample_7/watermarked_auditorium_recording_Yeti_Stereo_Microphone.wav,timbre,0.4667
auditorium,p104,/media/storage/hadleigh/stegaphone_data/final_rec//p104/timbre/sample_7/watermarked_auditorium_recording_iPhone_Microphone.wav,timbre,0.5667
auditorium,p104,/media/storage/hadleigh/stegaphone_data/final_rec//p104/timbre/sample_7/watermarked_auditorium_recording_Fifine_USB_PnP_Audio_Device.wav,timbre,0.5333
auditorium,p104,/media/storage/hadleigh/stegaphone_data/final_rec//p104/timbre/sample_7/watermarked_auditorium_recording_USB_Lavalier_Microphone.wav,timbre,0.6000
auditorium,p104,/media/storage/hadleigh/stegaphone_data/final_rec//p104/timbre/sample_2/watermarked_auditorium_recording_Yeti_Stereo_Microphone.wav,timbre,0.3667
auditorium,p104,/media/storage/hadleigh/stegaphone_data/final_rec//p104/timbre/sample_2/watermarked_auditorium_recording_iPhone_Microphone.wav,timbre,0.4667
auditorium,p104,/media/storage/hadleigh/stegaphone_data/final_rec//p104/timbre/sample_2/watermarked_auditorium_recording_Fifine_USB_PnP_Audio_Device.wav,timbre,0.3667
auditorium,p104,/media/storage/hadleigh/stegaphone_data/final_rec//p104/timbre/sample_2/watermarked_auditorium_recording_USB_Lavalier_Microphone.wav,timbre,0.4000
auditorium,p104,/media/storage/hadleigh/stegaphone_data/final_rec//p104/timbre/sample_3/watermarked_auditorium_recording_Yeti_Stereo_Microphone.wav,timbre,0.6000
auditorium,p104,/media/storage/hadleigh/stegaphone_data/final_rec//p104/timbre/sample_3/watermarked_auditorium_recording_iPhone_Microphone.wav,timbre,0.6000
auditorium,p104,/media/storage/hadleigh/stegaphone_data/final_rec//p104/timbre/sample_3/watermarked_auditorium_recording_Fifine_USB_PnP_Audio_Device.wav,timbre,0.5333
auditorium,p104,/media/storage/hadleigh/stegaphone_data/final_rec//p104/timbre/sample_3/watermarked_auditorium_recording_USB_Lavalier_Microphone.wav,timbre,0.6667
auditorium,p104,/media/storage/hadleigh/stegaphone_data/final_rec//p104/timbre/sample_5/watermarked_auditorium_recording_Yeti_Stereo_Microphone.wav,timbre,0.6000
auditorium,p104,/media/storage/hadleigh/stegaphone_data/final_rec//p104/timbre/sample_5/watermarked_auditorium_recording_iPhone_Microphone.wav,timbre,0.5333
auditorium,p104,/media/storage/hadleigh/stegaphone_data/final_rec//p104/timbre/sample_5/watermarked_auditorium_recording_Fifine_USB_PnP_Audio_Device.wav,timbre,0.5333
auditorium,p104,/media/storage/hadleigh/stegaphone_data/final_rec//p104/timbre/sample_5/watermarked_auditorium_recording_USB_Lavalier_Microphone.wav,timbre,0.6000
auditorium,p104,/media/storage/hadleigh/stegaphone_data/final_rec//p104/timbre/sample_8/watermarked_auditorium_recording_Yeti_Stereo_Microphone.wav,timbre,0.6333
auditorium,p104,/media/storage/hadleigh/stegaphone_data/final_rec//p104/timbre/sample_8/watermarked_auditorium_recording_iPhone_Microphone.wav,timbre,0.6667
auditorium,p104,/media/storage/hadleigh/stegaphone_data/final_rec//p104/timbre/sample_8/watermarked_auditorium_recording_Fifine_USB_PnP_Audio_Device.wav,timbre,0.5000
auditorium,p104,/media/storage/hadleigh/stegaphone_data/final_rec//p104/timbre/sample_8/watermarked_auditorium_recording_USB_Lavalier_Microphone.wav,timbre,0.6000
auditorium,p104,/media/storage/hadleigh/stegaphone_data/final_rec//p104/timbre/sample_10/watermarked_auditorium_recording_Yeti_Stereo_Microphone.wav,timbre,0.3333
auditorium,p104,/media/storage/hadleigh/stegaphone_data/final_rec//p104/timbre/sample_10/watermarked_auditorium_recording_iPhone_Microphone.wav,timbre,0.4000
auditorium,p104,/media/storage/hadleigh/stegaphone_data/final_rec//p104/timbre/sample_10/watermarked_auditorium_recording_Fifine_USB_PnP_Audio_Device.wav,timbre,0.3667
auditorium,p104,/media/storage/hadleigh/stegaphone_data/final_rec//p104/timbre/sample_10/watermarked_auditorium_recording_USB_Lavalier_Microphone.wav,timbre,0.3333
auditorium,p104,/media/storage/hadleigh/stegaphone_data/final_rec//p104/timbre/sample_4/watermarked_auditorium_recording_Yeti_Stereo_Microphone.wav,timbre,0.4000
auditorium,p104,/media/storage/hadleigh/stegaphone_data/final_rec//p104/timbre/sample_4/watermarked_auditorium_recording_iPhone_Microphone.wav,timbre,0.3667
auditorium,p104,/media/storage/hadleigh/stegaphone_data/final_rec//p104/timbre/sample_4/watermarked_auditorium_recording_Fifine_USB_PnP_Audio_Device.wav,timbre,0.4000
auditorium,p104,/media/storage/hadleigh/stegaphone_data/final_rec//p104/timbre/sample_4/watermarked_auditorium_recording_USB_Lavalier_Microphone.wav,timbre,0.4000
auditorium,p104,/media/storage/hadleigh/stegaphone_data/final_rec//p104/timbre/sample_9/watermarked_auditorium_recording_Yeti_Stereo_Microphone.wav,timbre,0.3333
auditorium,p104,/media/storage/hadleigh/stegaphone_data/final_rec//p104/timbre/sample_9/watermarked_auditorium_recording_iPhone_Microphone.wav,timbre,0.3667
auditorium,p104,/media/storage/hadleigh/stegaphone_data/final_rec//p104/timbre/sample_9/watermarked_auditorium_recording_Fifine_USB_PnP_Audio_Device.wav,timbre,0.3667
auditorium,p104,/media/storage/hadleigh/stegaphone_data/final_rec//p104/timbre/sample_9/watermarked_auditorium_recording_USB_Lavalier_Microphone.wav,timbre,0.3667
auditorium,p104,/media/storage/hadleigh/stegaphone_data/final_rec//p104/timbre/sample_6/watermarked_auditorium_recording_Yeti_Stereo_Microphone.wav,timbre,0.3667
auditorium,p104,/media/storage/hadleigh/stegaphone_data/final_rec//p104/timbre/sample_6/watermarked_auditorium_recording_iPhone_Microphone.wav,timbre,0.3667
auditorium,p104,/media/storage/hadleigh/stegaphone_data/final_rec//p104/timbre/sample_6/watermarked_auditorium_recording_Fifine_USB_PnP_Audio_Device.wav,timbre,0.3333
auditorium,p104,/media/storage/hadleigh/stegaphone_data/final_rec//p104/timbre/sample_6/watermarked_auditorium_recording_USB_Lavalier_Microphone.wav,timbre,0.3000
auditorium,p104,/media/storage/hadleigh/stegaphone_data/final_rec//p104/timbre/sample_1/watermarked_auditorium_recording_Yeti_Stereo_Microphone.wav,timbre,0.4333
auditorium,p104,/media/storage/hadleigh/stegaphone_data/final_rec//p104/timbre/sample_1/watermarked_auditorium_recording_iPhone_Microphone.wav,timbre,0.4667
auditorium,p104,/media/storage/hadleigh/stegaphone_data/final_rec//p104/timbre/sample_1/watermarked_auditorium_recording_Fifine_USB_PnP_Audio_Device.wav,timbre,0.3667
auditorium,p104,/media/storage/hadleigh/stegaphone_data/final_rec//p104/timbre/sample_1/watermarked_auditorium_recording_USB_Lavalier_Microphone.wav,timbre,0.4333
auditorium,p105,/media/storage/hadleigh/stegaphone_data/final_rec//p105/timbre/sample_7/watermarked_auditorium_recording_Yeti_Stereo_Microphone.wav,timbre,0.4667
auditorium,p105,/media/storage/hadleigh/stegaphone_data/final_rec//p105/timbre/sample_7/watermarked_auditorium_recording_iPhone_Microphone.wav,timbre,0.6000
auditorium,p105,/media/storage/hadleigh/stegaphone_data/final_rec//p105/timbre/sample_7/watermarked_auditorium_recording_Fifine_USB_PnP_Audio_Device.wav,timbre,0.5000
auditorium,p105,/media/storage/hadleigh/stegaphone_data/final_rec//p105/timbre/sample_7/watermarked_auditorium_recording_USB_Lavalier_Microphone.wav,timbre,0.6000
auditorium,p105,/media/storage/hadleigh/stegaphone_data/final_rec//p105/timbre/sample_2/watermarked_auditorium_recording_Yeti_Stereo_Microphone.wav,timbre,0.3667
auditorium,p105,/media/storage/hadleigh/stegaphone_data/final_rec//p105/timbre/sample_2/watermarked_auditorium_recording_iPhone_Microphone.wav,timbre,0.4000
auditorium,p105,/media/storage/hadleigh/stegaphone_data/final_rec//p105/timbre/sample_2/watermarked_auditorium_recording_Fifine_USB_PnP_Audio_Device.wav,timbre,0.4000
auditorium,p105,/media/storage/hadleigh/stegaphone_data/final_rec//p105/timbre/sample_2/watermarked_auditorium_recording_USB_Lavalier_Microphone.wav,timbre,0.4000
auditorium,p105,/media/storage/hadleigh/stegaphone_data/final_rec//p105/timbre/sample_3/watermarked_auditorium_recording_Yeti_Stereo_Microphone.wav,timbre,0.3333
auditorium,p105,/media/storage/hadleigh/stegaphone_data/final_rec//p105/timbre/sample_3/watermarked_auditorium_recording_iPhone_Microphone.wav,timbre,0.5333
auditorium,p105,/media/storage/hadleigh/stegaphone_data/final_rec//p105/timbre/sample_3/watermarked_auditorium_recording_Fifine_USB_PnP_Audio_Device.wav,timbre,0.4667
auditorium,p105,/media/storage/hadleigh/stegaphone_data/final_rec//p105/timbre/sample_3/watermarked_auditorium_recording_USB_Lavalier_Microphone.wav,timbre,0.6000
auditorium,p105,/media/storage/hadleigh/stegaphone_data/final_rec//p105/timbre/sample_5/watermarked_auditorium_recording_Yeti_Stereo_Microphone.wav,timbre,0.1667
auditorium,p105,/media/storage/hadleigh/stegaphone_data/final_rec//p105/timbre/sample_5/watermarked_auditorium_recording_iPhone_Microphone.wav,timbre,0.2667
auditorium,p105,/media/storage/hadleigh/stegaphone_data/final_rec//p105/timbre/sample_5/watermarked_auditorium_recording_Fifine_USB_PnP_Audio_Device.wav,timbre,0.2667
auditorium,p105,/media/storage/hadleigh/stegaphone_data/final_rec//p105/timbre/sample_5/watermarked_auditorium_recording_USB_Lavalier_Microphone.wav,timbre,0.2667
auditorium,p105,/media/storage/hadleigh/stegaphone_data/final_rec//p105/timbre/sample_8/watermarked_auditorium_recording_Yeti_Stereo_Microphone.wav,timbre,0.3000
auditorium,p105,/media/storage/hadleigh/stegaphone_data/final_rec//p105/timbre/sample_8/watermarked_auditorium_recording_iPhone_Microphone.wav,timbre,0.3667
auditorium,p105,/media/storage/hadleigh/stegaphone_data/final_rec//p105/timbre/sample_8/watermarked_auditorium_recording_Fifine_USB_PnP_Audio_Device.wav,timbre,0.3333
auditorium,p105,/media/storage/hadleigh/stegaphone_data/final_rec//p105/timbre/sample_8/watermarked_auditorium_recording_USB_Lavalier_Microphone.wav,timbre,0.3667
auditorium,p105,/media/storage/hadleigh/stegaphone_data/final_rec//p105/timbre/sample_10/watermarked_auditorium_recording_Yeti_Stereo_Microphone.wav,timbre,0.4000
auditorium,p105,/media/storage/hadleigh/stegaphone_data/final_rec//p105/timbre/sample_10/watermarked_auditorium_recording_iPhone_Microphone.wav,timbre,0.4667
auditorium,p105,/media/storage/hadleigh/stegaphone_data/final_rec//p105/timbre/sample_10/watermarked_auditorium_recording_Fifine_USB_PnP_Audio_Device.wav,timbre,0.3667
auditorium,p105,/media/storage/hadleigh/stegaphone_data/final_rec//p105/timbre/sample_10/watermarked_auditorium_recording_USB_Lavalier_Microphone.wav,timbre,0.4667
auditorium,p105,/media/storage/hadleigh/stegaphone_data/final_rec//p105/timbre/sample_4/watermarked_auditorium_recording_Yeti_Stereo_Microphone.wav,timbre,0.3667
auditorium,p105,/media/storage/hadleigh/stegaphone_data/final_rec//p105/timbre/sample_4/watermarked_auditorium_recording_iPhone_Microphone.wav,timbre,0.4333
auditorium,p105,/media/storage/hadleigh/stegaphone_data/final_rec//p105/timbre/sample_4/watermarked_auditorium_recording_Fifine_USB_PnP_Audio_Device.wav,timbre,0.3667
auditorium,p105,/media/storage/hadleigh/stegaphone_data/final_rec//p105/timbre/sample_4/watermarked_auditorium_recording_USB_Lavalier_Microphone.wav,timbre,0.4333
auditorium,p105,/media/storage/hadleigh/stegaphone_data/final_rec//p105/timbre/sample_9/watermarked_auditorium_recording_Yeti_Stereo_Microphone.wav,timbre,0.2667
auditorium,p105,/media/storage/hadleigh/stegaphone_data/final_rec//p105/timbre/sample_9/watermarked_auditorium_recording_iPhone_Microphone.wav,timbre,0.3000
auditorium,p105,/media/storage/hadleigh/stegaphone_data/final_rec//p105/timbre/sample_9/watermarked_auditorium_recording_Fifine_USB_PnP_Audio_Device.wav,timbre,0.2000
auditorium,p105,/media/storage/hadleigh/stegaphone_data/final_rec//p105/timbre/sample_9/watermarked_auditorium_recording_USB_Lavalier_Microphone.wav,timbre,0.3667
auditorium,p105,/media/storage/hadleigh/stegaphone_data/final_rec//p105/timbre/sample_6/watermarked_auditorium_recording_Yeti_Stereo_Microphone.wav,timbre,0.3667
auditorium,p105,/media/storage/hadleigh/stegaphone_data/final_rec//p105/timbre/sample_6/watermarked_auditorium_recording_iPhone_Microphone.wav,timbre,0.4000
auditorium,p105,/media/storage/hadleigh/stegaphone_data/final_rec//p105/timbre/sample_6/watermarked_auditorium_recording_Fifine_USB_PnP_Audio_Device.wav,timbre,0.3000
auditorium,p105,/media/storage/hadleigh/stegaphone_data/final_rec//p105/timbre/sample_6/watermarked_auditorium_recording_USB_Lavalier_Microphone.wav,timbre,0.4000
auditorium,p105,/media/storage/hadleigh/stegaphone_data/final_rec//p105/timbre/sample_1/watermarked_auditorium_recording_Yeti_Stereo_Microphone.wav,timbre,0.3000
auditorium,p105,/media/storage/hadleigh/stegaphone_data/final_rec//p105/timbre/sample_1/watermarked_auditorium_recording_iPhone_Microphone.wav,timbre,0.3333
auditorium,p105,/media/storage/hadleigh/stegaphone_data/final_rec//p105/timbre/sample_1/watermarked_auditorium_recording_Fifine_USB_PnP_Audio_Device.wav,timbre,0.3333
auditorium,p105,/media/storage/hadleigh/stegaphone_data/final_rec//p105/timbre/sample_1/watermarked_auditorium_recording_USB_Lavalier_Microphone.wav,timbre,0.3000
auditorium,p106,/media/storage/hadleigh/stegaphone_data/final_rec//p106/timbre/sample_7/watermarked_auditorium_recording_Yeti_Stereo_Microphone.wav,timbre,0.5333
auditorium,p106,/media/storage/hadleigh/stegaphone_data/final_rec//p106/timbre/sample_7/watermarked_auditorium_recording_iPhone_Microphone.wav,timbre,0.3667
auditorium,p106,/media/storage/hadleigh/stegaphone_data/final_rec//p106/timbre/sample_7/watermarked_auditorium_recording_Fifine_USB_PnP_Audio_Device.wav,timbre,0.4667
auditorium,p106,/media/storage/hadleigh/stegaphone_data/final_rec//p106/timbre/sample_7/watermarked_auditorium_recording_USB_Lavalier_Microphone.wav,timbre,0.4000
auditorium,p106,/media/storage/hadleigh/stegaphone_data/final_rec//p106/timbre/sample_2/watermarked_auditorium_recording_Yeti_Stereo_Microphone.wav,timbre,0.4000
auditorium,p106,/media/storage/hadleigh/stegaphone_data/final_rec//p106/timbre/sample_2/watermarked_auditorium_recording_iPhone_Microphone.wav,timbre,0.4333
auditorium,p106,/media/storage/hadleigh/stegaphone_data/final_rec//p106/timbre/sample_2/watermarked_auditorium_recording_Fifine_USB_PnP_Audio_Device.wav,timbre,0.4667
auditorium,p106,/media/storage/hadleigh/stegaphone_data/final_rec//p106/timbre/sample_2/watermarked_auditorium_recording_USB_Lavalier_Microphone.wav,timbre,0.4667
auditorium,p106,/media/storage/hadleigh/stegaphone_data/final_rec//p106/timbre/sample_3/watermarked_auditorium_recording_Yeti_Stereo_Microphone.wav,timbre,0.5000
auditorium,p106,/media/storage/hadleigh/stegaphone_data/final_rec//p106/timbre/sample_3/watermarked_auditorium_recording_iPhone_Microphone.wav,timbre,0.4667
auditorium,p106,/media/storage/hadleigh/stegaphone_data/final_rec//p106/timbre/sample_3/watermarked_auditorium_recording_Fifine_USB_PnP_Audio_Device.wav,timbre,0.4667
auditorium,p106,/media/storage/hadleigh/stegaphone_data/final_rec//p106/timbre/sample_3/watermarked_auditorium_recording_USB_Lavalier_Microphone.wav,timbre,0.4667
auditorium,p106,/media/storage/hadleigh/stegaphone_data/final_rec//p106/timbre/sample_5/watermarked_auditorium_recording_Yeti_Stereo_Microphone.wav,timbre,0.3000
auditorium,p106,/media/storage/hadleigh/stegaphone_data/final_rec//p106/timbre/sample_5/watermarked_auditorium_recording_iPhone_Microphone.wav,timbre,0.3333
auditorium,p106,/media/storage/hadleigh/stegaphone_data/final_rec//p106/timbre/sample_5/watermarked_auditorium_recording_Fifine_USB_PnP_Audio_Device.wav,timbre,0.3333
auditorium,p106,/media/storage/hadleigh/stegaphone_data/final_rec//p106/timbre/sample_5/watermarked_auditorium_recording_USB_Lavalier_Microphone.wav,timbre,0.2667
auditorium,p106,/media/storage/hadleigh/stegaphone_data/final_rec//p106/timbre/sample_8/watermarked_auditorium_recording_Yeti_Stereo_Microphone.wav,timbre,0.3667
auditorium,p106,/media/storage/hadleigh/stegaphone_data/final_rec//p106/timbre/sample_8/watermarked_auditorium_recording_iPhone_Microphone.wav,timbre,0.3333
auditorium,p106,/media/storage/hadleigh/stegaphone_data/final_rec//p106/timbre/sample_8/watermarked_auditorium_recording_Fifine_USB_PnP_Audio_Device.wav,timbre,0.2667
auditorium,p106,/media/storage/hadleigh/stegaphone_data/final_rec//p106/timbre/sample_8/watermarked_auditorium_recording_USB_Lavalier_Microphone.wav,timbre,0.3333
auditorium,p106,/media/storage/hadleigh/stegaphone_data/final_rec//p106/timbre/sample_10/watermarked_auditorium_recording_Yeti_Stereo_Microphone.wav,timbre,0.4333
auditorium,p106,/media/storage/hadleigh/stegaphone_data/final_rec//p106/timbre/sample_10/watermarked_auditorium_recording_iPhone_Microphone.wav,timbre,0.4000
auditorium,p106,/media/storage/hadleigh/stegaphone_data/final_rec//p106/timbre/sample_10/watermarked_auditorium_recording_Fifine_USB_PnP_Audio_Device.wav,timbre,0.5333
auditorium,p106,/media/storage/hadleigh/stegaphone_data/final_rec//p106/timbre/sample_10/watermarked_auditorium_recording_USB_Lavalier_Microphone.wav,timbre,0.4667
auditorium,p106,/media/storage/hadleigh/stegaphone_data/final_rec//p106/timbre/sample_4/watermarked_auditorium_recording_Yeti_Stereo_Microphone.wav,timbre,0.6000
auditorium,p106,/media/storage/hadleigh/stegaphone_data/final_rec//p106/timbre/sample_4/watermarked_auditorium_recording_iPhone_Microphone.wav,timbre,0.5000
auditorium,p106,/media/storage/hadleigh/stegaphone_data/final_rec//p106/timbre/sample_4/watermarked_auditorium_recording_Fifine_USB_PnP_Audio_Device.wav,timbre,0.4333
auditorium,p106,/media/storage/hadleigh/stegaphone_data/final_rec//p106/timbre/sample_4/watermarked_auditorium_recording_USB_Lavalier_Microphone.wav,timbre,0.5000
auditorium,p106,/media/storage/hadleigh/stegaphone_data/final_rec//p106/timbre/sample_9/watermarked_auditorium_recording_Yeti_Stereo_Microphone.wav,timbre,0.4000
auditorium,p106,/media/storage/hadleigh/stegaphone_data/final_rec//p106/timbre/sample_9/watermarked_auditorium_recording_iPhone_Microphone.wav,timbre,0.3667
auditorium,p106,/media/storage/hadleigh/stegaphone_data/final_rec//p106/timbre/sample_9/watermarked_auditorium_recording_Fifine_USB_PnP_Audio_Device.wav,timbre,0.4000
auditorium,p106,/media/storage/hadleigh/stegaphone_data/final_rec//p106/timbre/sample_9/watermarked_auditorium_recording_USB_Lavalier_Microphone.wav,timbre,0.4333
auditorium,p106,/media/storage/hadleigh/stegaphone_data/final_rec//p106/timbre/sample_6/watermarked_auditorium_recording_Yeti_Stereo_Microphone.wav,timbre,0.2667
auditorium,p106,/media/storage/hadleigh/stegaphone_data/final_rec//p106/timbre/sample_6/watermarked_auditorium_recording_iPhone_Microphone.wav,timbre,0.2667
auditorium,p106,/media/storage/hadleigh/stegaphone_data/final_rec//p106/timbre/sample_6/watermarked_auditorium_recording_Fifine_USB_PnP_Audio_Device.wav,timbre,0.2667
auditorium,p106,/media/storage/hadleigh/stegaphone_data/final_rec//p106/timbre/sample_6/watermarked_auditorium_recording_USB_Lavalier_Microphone.wav,timbre,0.2667
auditorium,p106,/media/storage/hadleigh/stegaphone_data/final_rec//p106/timbre/sample_1/watermarked_auditorium_recording_Yeti_Stereo_Microphone.wav,timbre,0.4667
auditorium,p106,/media/storage/hadleigh/stegaphone_data/final_rec//p106/timbre/sample_1/watermarked_auditorium_recording_iPhone_Microphone.wav,timbre,0.3000
auditorium,p106,/media/storage/hadleigh/stegaphone_data/final_rec//p106/timbre/sample_1/watermarked_auditorium_recording_Fifine_USB_PnP_Audio_Device.wav,timbre,0.3000
auditorium,p106,/media/storage/hadleigh/stegaphone_data/final_rec//p106/timbre/sample_1/watermarked_auditorium_recording_USB_Lavalier_Microphone.wav,timbre,0.4333
auditorium,p107,/media/storage/hadleigh/stegaphone_data/final_rec//p107/timbre/sample_7/watermarked_auditorium_recording_Yeti_Stereo_Microphone.wav,timbre,0.3667
auditorium,p107,/media/storage/hadleigh/stegaphone_data/final_rec//p107/timbre/sample_7/watermarked_auditorium_recording_iPhone_Microphone.wav,timbre,0.2667
auditorium,p107,/media/storage/hadleigh/stegaphone_data/final_rec//p107/timbre/sample_7/watermarked_auditorium_recording_Fifine_USB_PnP_Audio_Device.wav,timbre,0.3667
auditorium,p107,/media/storage/hadleigh/stegaphone_data/final_rec//p107/timbre/sample_7/watermarked_auditorium_recording_USB_Lavalier_Microphone.wav,timbre,0.3667
auditorium,p107,/media/storage/hadleigh/stegaphone_data/final_rec//p107/timbre/sample_2/watermarked_auditorium_recording_Yeti_Stereo_Microphone.wav,timbre,0.5000
auditorium,p107,/media/storage/hadleigh/stegaphone_data/final_rec//p107/timbre/sample_2/watermarked_auditorium_recording_iPhone_Microphone.wav,timbre,0.4333
auditorium,p107,/media/storage/hadleigh/stegaphone_data/final_rec//p107/timbre/sample_2/watermarked_auditorium_recording_Fifine_USB_PnP_Audio_Device.wav,timbre,0.4667
auditorium,p107,/media/storage/hadleigh/stegaphone_data/final_rec//p107/timbre/sample_2/watermarked_auditorium_recording_USB_Lavalier_Microphone.wav,timbre,0.4667
auditorium,p107,/media/storage/hadleigh/stegaphone_data/final_rec//p107/timbre/sample_3/watermarked_auditorium_recording_Yeti_Stereo_Microphone.wav,timbre,0.3000
auditorium,p107,/media/storage/hadleigh/stegaphone_data/final_rec//p107/timbre/sample_3/watermarked_auditorium_recording_iPhone_Microphone.wav,timbre,0.2667
auditorium,p107,/media/storage/hadleigh/stegaphone_data/final_rec//p107/timbre/sample_3/watermarked_auditorium_recording_Fifine_USB_PnP_Audio_Device.wav,timbre,0.2667
auditorium,p107,/media/storage/hadleigh/stegaphone_data/final_rec//p107/timbre/sample_3/watermarked_auditorium_recording_USB_Lavalier_Microphone.wav,timbre,0.2667
auditorium,p107,/media/storage/hadleigh/stegaphone_data/final_rec//p107/timbre/sample_5/watermarked_auditorium_recording_Yeti_Stereo_Microphone.wav,timbre,0.5000
auditorium,p107,/media/storage/hadleigh/stegaphone_data/final_rec//p107/timbre/sample_5/watermarked_auditorium_recording_iPhone_Microphone.wav,timbre,0.4333
auditorium,p107,/media/storage/hadleigh/stegaphone_data/final_rec//p107/timbre/sample_5/watermarked_auditorium_recording_Fifine_USB_PnP_Audio_Device.wav,timbre,0.5333
auditorium,p107,/media/storage/hadleigh/stegaphone_data/final_rec//p107/timbre/sample_5/watermarked_auditorium_recording_USB_Lavalier_Microphone.wav,timbre,0.5000
auditorium,p107,/media/storage/hadleigh/stegaphone_data/final_rec//p107/timbre/sample_8/watermarked_auditorium_recording_Yeti_Stereo_Microphone.wav,timbre,0.3333
auditorium,p107,/media/storage/hadleigh/stegaphone_data/final_rec//p107/timbre/sample_8/watermarked_auditorium_recording_iPhone_Microphone.wav,timbre,0.3000
auditorium,p107,/media/storage/hadleigh/stegaphone_data/final_rec//p107/timbre/sample_8/watermarked_auditorium_recording_Fifine_USB_PnP_Audio_Device.wav,timbre,0.3000
auditorium,p107,/media/storage/hadleigh/stegaphone_data/final_rec//p107/timbre/sample_8/watermarked_auditorium_recording_USB_Lavalier_Microphone.wav,timbre,0.3333
auditorium,p107,/media/storage/hadleigh/stegaphone_data/final_rec//p107/timbre/sample_10/watermarked_auditorium_recording_Yeti_Stereo_Microphone.wav,timbre,0.3333
auditorium,p107,/media/storage/hadleigh/stegaphone_data/final_rec//p107/timbre/sample_10/watermarked_auditorium_recording_iPhone_Microphone.wav,timbre,0.3000
auditorium,p107,/media/storage/hadleigh/stegaphone_data/final_rec//p107/timbre/sample_10/watermarked_auditorium_recording_Fifine_USB_PnP_Audio_Device.wav,timbre,0.3000
auditorium,p107,/media/storage/hadleigh/stegaphone_data/final_rec//p107/timbre/sample_10/watermarked_auditorium_recording_USB_Lavalier_Microphone.wav,timbre,0.3000
auditorium,p107,/media/storage/hadleigh/stegaphone_data/final_rec//p107/timbre/sample_4/watermarked_auditorium_recording_Yeti_Stereo_Microphone.wav,timbre,0.4667
auditorium,p107,/media/storage/hadleigh/stegaphone_data/final_rec//p107/timbre/sample_4/watermarked_auditorium_recording_iPhone_Microphone.wav,timbre,0.4333
auditorium,p107,/media/storage/hadleigh/stegaphone_data/final_rec//p107/timbre/sample_4/watermarked_auditorium_recording_Fifine_USB_PnP_Audio_Device.wav,timbre,0.4000
auditorium,p107,/media/storage/hadleigh/stegaphone_data/final_rec//p107/timbre/sample_4/watermarked_auditorium_recording_USB_Lavalier_Microphone.wav,timbre,0.5000
auditorium,p107,/media/storage/hadleigh/stegaphone_data/final_rec//p107/timbre/sample_9/watermarked_auditorium_recording_Yeti_Stereo_Microphone.wav,timbre,0.4667
auditorium,p107,/media/storage/hadleigh/stegaphone_data/final_rec//p107/timbre/sample_9/watermarked_auditorium_recording_iPhone_Microphone.wav,timbre,0.4667
auditorium,p107,/media/storage/hadleigh/stegaphone_data/final_rec//p107/timbre/sample_9/watermarked_auditorium_recording_Fifine_USB_PnP_Audio_Device.wav,timbre,0.5667
auditorium,p107,/media/storage/hadleigh/stegaphone_data/final_rec//p107/timbre/sample_9/watermarked_auditorium_recording_USB_Lavalier_Microphone.wav,timbre,0.4000
auditorium,p107,/media/storage/hadleigh/stegaphone_data/final_rec//p107/timbre/sample_6/watermarked_auditorium_recording_Yeti_Stereo_Microphone.wav,timbre,0.6000
auditorium,p107,/media/storage/hadleigh/stegaphone_data/final_rec//p107/timbre/sample_6/watermarked_auditorium_recording_iPhone_Microphone.wav,timbre,0.3333
auditorium,p107,/media/storage/hadleigh/stegaphone_data/final_rec//p107/timbre/sample_6/watermarked_auditorium_recording_Fifine_USB_PnP_Audio_Device.wav,timbre,0.4667
auditorium,p107,/media/storage/hadleigh/stegaphone_data/final_rec//p107/timbre/sample_6/watermarked_auditorium_recording_USB_Lavalier_Microphone.wav,timbre,0.4667
auditorium,p107,/media/storage/hadleigh/stegaphone_data/final_rec//p107/timbre/sample_1/watermarked_auditorium_recording_Yeti_Stereo_Microphone.wav,timbre,0.4667
auditorium,p107,/media/storage/hadleigh/stegaphone_data/final_rec//p107/timbre/sample_1/watermarked_auditorium_recording_iPhone_Microphone.wav,timbre,0.3333
auditorium,p107,/media/storage/hadleigh/stegaphone_data/final_rec//p107/timbre/sample_1/watermarked_auditorium_recording_Fifine_USB_PnP_Audio_Device.wav,timbre,0.4333
auditorium,p107,/media/storage/hadleigh/stegaphone_data/final_rec//p107/timbre/sample_1/watermarked_auditorium_recording_USB_Lavalier_Microphone.wav,timbre,0.4667
group_office,p102,/media/storage/hadleigh/stegaphone_data/final_rec//p102/timbre/sample_7/watermarked_group_office_recording_iPhone_Microphone.wav,timbre,0.4000
group_office,p102,/media/storage/hadleigh/stegaphone_data/final_rec//p102/timbre/sample_7/watermarked_group_office_recording_USB_Lavalier_Microphone.wav,timbre,0.4667
group_office,p102,/media/storage/hadleigh/stegaphone_data/final_rec//p102/timbre/sample_7/watermarked_group_office_recording_Yeti_Stereo_Microphone.wav,timbre,0.1333
group_office,p102,/media/storage/hadleigh/stegaphone_data/final_rec//p102/timbre/sample_7/watermarked_group_office_recording_Fifine_USB_PnP_Audio_Device.wav,timbre,0.1667
group_office,p102,/media/storage/hadleigh/stegaphone_data/final_rec//p102/timbre/sample_2/watermarked_group_office_recording_iPhone_Microphone.wav,timbre,0.3667
group_office,p102,/media/storage/hadleigh/stegaphone_data/final_rec//p102/timbre/sample_2/watermarked_group_office_recording_USB_Lavalier_Microphone.wav,timbre,0.2667
group_office,p102,/media/storage/hadleigh/stegaphone_data/final_rec//p102/timbre/sample_2/watermarked_group_office_recording_Yeti_Stereo_Microphone.wav,timbre,0.1333
group_office,p102,/media/storage/hadleigh/stegaphone_data/final_rec//p102/timbre/sample_2/watermarked_group_office_recording_Fifine_USB_PnP_Audio_Device.wav,timbre,0.0667
group_office,p102,/media/storage/hadleigh/stegaphone_data/final_rec//p102/timbre/sample_3/watermarked_group_office_recording_iPhone_Microphone.wav,timbre,0.1667
group_office,p102,/media/storage/hadleigh/stegaphone_data/final_rec//p102/timbre/sample_3/watermarked_group_office_recording_USB_Lavalier_Microphone.wav,timbre,0.1667
group_office,p102,/media/storage/hadleigh/stegaphone_data/final_rec//p102/timbre/sample_3/watermarked_group_office_recording_Yeti_Stereo_Microphone.wav,timbre,0.1667
group_office,p102,/media/storage/hadleigh/stegaphone_data/final_rec//p102/timbre/sample_3/watermarked_group_office_recording_Fifine_USB_PnP_Audio_Device.wav,timbre,0.1667
group_office,p102,/media/storage/hadleigh/stegaphone_data/final_rec//p102/timbre/sample_5/watermarked_group_office_recording_iPhone_Microphone.wav,timbre,0.1333
group_office,p102,/media/storage/hadleigh/stegaphone_data/final_rec//p102/timbre/sample_5/watermarked_group_office_recording_USB_Lavalier_Microphone.wav,timbre,0.2000
group_office,p102,/media/storage/hadleigh/stegaphone_data/final_rec//p102/timbre/sample_5/watermarked_group_office_recording_Yeti_Stereo_Microphone.wav,timbre,0.1000
group_office,p102,/media/storage/hadleigh/stegaphone_data/final_rec//p102/timbre/sample_5/watermarked_group_office_recording_Fifine_USB_PnP_Audio_Device.wav,timbre,0.0333
group_office,p102,/media/storage/hadleigh/stegaphone_data/final_rec//p102/timbre/sample_8/watermarked_group_office_recording_iPhone_Microphone.wav,timbre,0.1333
group_office,p102,/media/storage/hadleigh/stegaphone_data/final_rec//p102/timbre/sample_8/watermarked_group_office_recording_USB_Lavalier_Microphone.wav,timbre,0.0667
group_office,p102,/media/storage/hadleigh/stegaphone_data/final_rec//p102/timbre/sample_8/watermarked_group_office_recording_Yeti_Stereo_Microphone.wav,timbre,0.0667
group_office,p102,/media/storage/hadleigh/stegaphone_data/final_rec//p102/timbre/sample_8/watermarked_group_office_recording_Fifine_USB_PnP_Audio_Device.wav,timbre,0.0667
group_office,p102,/media/storage/hadleigh/stegaphone_data/final_rec//p102/timbre/sample_10/watermarked_group_office_recording_iPhone_Microphone.wav,timbre,0.2667
group_office,p102,/media/storage/hadleigh/stegaphone_data/final_rec//p102/timbre/sample_10/watermarked_group_office_recording_USB_Lavalier_Microphone.wav,timbre,0.2333
group_office,p102,/media/storage/hadleigh/stegaphone_data/final_rec//p102/timbre/sample_10/watermarked_group_office_recording_Yeti_Stereo_Microphone.wav,timbre,0.1667
group_office,p102,/media/storage/hadleigh/stegaphone_data/final_rec//p102/timbre/sample_10/watermarked_group_office_recording_Fifine_USB_PnP_Audio_Device.wav,timbre,0.2000
group_office,p102,/media/storage/hadleigh/stegaphone_data/final_rec//p102/timbre/sample_4/watermarked_group_office_recording_iPhone_Microphone.wav,timbre,0.2333
group_office,p102,/media/storage/hadleigh/stegaphone_data/final_rec//p102/timbre/sample_4/watermarked_group_office_recording_USB_Lavalier_Microphone.wav,timbre,0.2000
group_office,p102,/media/storage/hadleigh/stegaphone_data/final_rec//p102/timbre/sample_4/watermarked_group_office_recording_Yeti_Stereo_Microphone.wav,timbre,0.3667
group_office,p102,/media/storage/hadleigh/stegaphone_data/final_rec//p102/timbre/sample_4/watermarked_group_office_recording_Fifine_USB_PnP_Audio_Device.wav,timbre,0.2000
group_office,p102,/media/storage/hadleigh/stegaphone_data/final_rec//p102/timbre/sample_9/watermarked_group_office_recording_iPhone_Microphone.wav,timbre,0.2667
group_office,p102,/media/storage/hadleigh/stegaphone_data/final_rec//p102/timbre/sample_9/watermarked_group_office_recording_USB_Lavalier_Microphone.wav,timbre,0.1667
group_office,p102,/media/storage/hadleigh/stegaphone_data/final_rec//p102/timbre/sample_9/watermarked_group_office_recording_Yeti_Stereo_Microphone.wav,timbre,0.1667
group_office,p102,/media/storage/hadleigh/stegaphone_data/final_rec//p102/timbre/sample_9/watermarked_group_office_recording_Fifine_USB_PnP_Audio_Device.wav,timbre,0.1333
group_office,p102,/media/storage/hadleigh/stegaphone_data/final_rec//p102/timbre/sample_6/watermarked_group_office_recording_iPhone_Microphone.wav,timbre,0.4000
group_office,p102,/media/storage/hadleigh/stegaphone_data/final_rec//p102/timbre/sample_6/watermarked_group_office_recording_USB_Lavalier_Microphone.wav,timbre,0.2667
group_office,p102,/media/storage/hadleigh/stegaphone_data/final_rec//p102/timbre/sample_6/watermarked_group_office_recording_Yeti_Stereo_Microphone.wav,timbre,0.1000
group_office,p102,/media/storage/hadleigh/stegaphone_data/final_rec//p102/timbre/sample_6/watermarked_group_office_recording_Fifine_USB_PnP_Audio_Device.wav,timbre,0.3000
group_office,p102,/media/storage/hadleigh/stegaphone_data/final_rec//p102/timbre/sample_1/watermarked_group_office_recording_iPhone_Microphone.wav,timbre,0.3000
group_office,p102,/media/storage/hadleigh/stegaphone_data/final_rec//p102/timbre/sample_1/watermarked_group_office_recording_USB_Lavalier_Microphone.wav,timbre,0.2333
group_office,p102,/media/storage/hadleigh/stegaphone_data/final_rec//p102/timbre/sample_1/watermarked_group_office_recording_Yeti_Stereo_Microphone.wav,timbre,0.1000
group_office,p102,/media/storage/hadleigh/stegaphone_data/final_rec//p102/timbre/sample_1/watermarked_group_office_recording_Fifine_USB_PnP_Audio_Device.wav,timbre,0.2000
group_office,p103,/media/storage/hadleigh/stegaphone_data/final_rec//p103/timbre/sample_7/watermarked_group_office_recording_iPhone_Microphone.wav,timbre,0.2333
group_office,p103,/media/storage/hadleigh/stegaphone_data/final_rec//p103/timbre/sample_7/watermarked_group_office_recording_USB_Lavalier_Microphone.wav,timbre,0.2333
group_office,p103,/media/storage/hadleigh/stegaphone_data/final_rec//p103/timbre/sample_7/watermarked_group_office_recording_Yeti_Stereo_Microphone.wav,timbre,0.0667
group_office,p103,/media/storage/hadleigh/stegaphone_data/final_rec//p103/timbre/sample_7/watermarked_group_office_recording_Fifine_USB_PnP_Audio_Device.wav,timbre,0.1000
group_office,p103,/media/storage/hadleigh/stegaphone_data/final_rec//p103/timbre/sample_2/watermarked_group_office_recording_iPhone_Microphone.wav,timbre,0.3000
group_office,p103,/media/storage/hadleigh/stegaphone_data/final_rec//p103/timbre/sample_2/watermarked_group_office_recording_USB_Lavalier_Microphone.wav,timbre,0.2000
group_office,p103,/media/storage/hadleigh/stegaphone_data/final_rec//p103/timbre/sample_2/watermarked_group_office_recording_Yeti_Stereo_Microphone.wav,timbre,0.0333
group_office,p103,/media/storage/hadleigh/stegaphone_data/final_rec//p103/timbre/sample_2/watermarked_group_office_recording_Fifine_USB_PnP_Audio_Device.wav,timbre,0.1333
group_office,p103,/media/storage/hadleigh/stegaphone_data/final_rec//p103/timbre/sample_3/watermarked_group_office_recording_iPhone_Microphone.wav,timbre,0.2333
group_office,p103,/media/storage/hadleigh/stegaphone_data/final_rec//p103/timbre/sample_3/watermarked_group_office_recording_USB_Lavalier_Microphone.wav,timbre,0.2000
group_office,p103,/media/storage/hadleigh/stegaphone_data/final_rec//p103/timbre/sample_3/watermarked_group_office_recording_Yeti_Stereo_Microphone.wav,timbre,0.1000
group_office,p103,/media/storage/hadleigh/stegaphone_data/final_rec//p103/timbre/sample_3/watermarked_group_office_recording_Fifine_USB_PnP_Audio_Device.wav,timbre,0.1667
group_office,p103,/media/storage/hadleigh/stegaphone_data/final_rec//p103/timbre/sample_5/watermarked_group_office_recording_iPhone_Microphone.wav,timbre,0.3333
group_office,p103,/media/storage/hadleigh/stegaphone_data/final_rec//p103/timbre/sample_5/watermarked_group_office_recording_USB_Lavalier_Microphone.wav,timbre,0.2667
group_office,p103,/media/storage/hadleigh/stegaphone_data/final_rec//p103/timbre/sample_5/watermarked_group_office_recording_Yeti_Stereo_Microphone.wav,timbre,0.2000
group_office,p103,/media/storage/hadleigh/stegaphone_data/final_rec//p103/timbre/sample_5/watermarked_group_office_recording_Fifine_USB_PnP_Audio_Device.wav,timbre,0.1000
group_office,p103,/media/storage/hadleigh/stegaphone_data/final_rec//p103/timbre/sample_8/watermarked_group_office_recording_iPhone_Microphone.wav,timbre,0.1000
group_office,p103,/media/storage/hadleigh/stegaphone_data/final_rec//p103/timbre/sample_8/watermarked_group_office_recording_USB_Lavalier_Microphone.wav,timbre,0.0333
group_office,p103,/media/storage/hadleigh/stegaphone_data/final_rec//p103/timbre/sample_8/watermarked_group_office_recording_Yeti_Stereo_Microphone.wav,timbre,0.0000
group_office,p103,/media/storage/hadleigh/stegaphone_data/final_rec//p103/timbre/sample_8/watermarked_group_office_recording_Fifine_USB_PnP_Audio_Device.wav,timbre,0.0000
group_office,p103,/media/storage/hadleigh/stegaphone_data/final_rec//p103/timbre/sample_10/watermarked_group_office_recording_iPhone_Microphone.wav,timbre,0.2333
group_office,p103,/media/storage/hadleigh/stegaphone_data/final_rec//p103/timbre/sample_10/watermarked_group_office_recording_USB_Lavalier_Microphone.wav,timbre,0.2000
group_office,p103,/media/storage/hadleigh/stegaphone_data/final_rec//p103/timbre/sample_10/watermarked_group_office_recording_Yeti_Stereo_Microphone.wav,timbre,0.1000
group_office,p103,/media/storage/hadleigh/stegaphone_data/final_rec//p103/timbre/sample_10/watermarked_group_office_recording_Fifine_USB_PnP_Audio_Device.wav,timbre,0.1333
group_office,p103,/media/storage/hadleigh/stegaphone_data/final_rec//p103/timbre/sample_4/watermarked_group_office_recording_iPhone_Microphone.wav,timbre,0.1667
group_office,p103,/media/storage/hadleigh/stegaphone_data/final_rec//p103/timbre/sample_4/watermarked_group_office_recording_USB_Lavalier_Microphone.wav,timbre,0.1667
group_office,p103,/media/storage/hadleigh/stegaphone_data/final_rec//p103/timbre/sample_4/watermarked_group_office_recording_Yeti_Stereo_Microphone.wav,timbre,0.1333
group_office,p103,/media/storage/hadleigh/stegaphone_data/final_rec//p103/timbre/sample_4/watermarked_group_office_recording_Fifine_USB_PnP_Audio_Device.wav,timbre,0.1667
group_office,p103,/media/storage/hadleigh/stegaphone_data/final_rec//p103/timbre/sample_9/watermarked_group_office_recording_iPhone_Microphone.wav,timbre,0.3333
group_office,p103,/media/storage/hadleigh/stegaphone_data/final_rec//p103/timbre/sample_9/watermarked_group_office_recording_USB_Lavalier_Microphone.wav,timbre,0.2333
group_office,p103,/media/storage/hadleigh/stegaphone_data/final_rec//p103/timbre/sample_9/watermarked_group_office_recording_Yeti_Stereo_Microphone.wav,timbre,0.0667
group_office,p103,/media/storage/hadleigh/stegaphone_data/final_rec//p103/timbre/sample_9/watermarked_group_office_recording_Fifine_USB_PnP_Audio_Device.wav,timbre,0.1333
group_office,p103,/media/storage/hadleigh/stegaphone_data/final_rec//p103/timbre/sample_6/watermarked_group_office_recording_iPhone_Microphone.wav,timbre,0.3000
group_office,p103,/media/storage/hadleigh/stegaphone_data/final_rec//p103/timbre/sample_6/watermarked_group_office_recording_USB_Lavalier_Microphone.wav,timbre,0.0667
group_office,p103,/media/storage/hadleigh/stegaphone_data/final_rec//p103/timbre/sample_6/watermarked_group_office_recording_Yeti_Stereo_Microphone.wav,timbre,0.1000
group_office,p103,/media/storage/hadleigh/stegaphone_data/final_rec//p103/timbre/sample_6/watermarked_group_office_recording_Fifine_USB_PnP_Audio_Device.wav,timbre,0.1333
group_office,p103,/media/storage/hadleigh/stegaphone_data/final_rec//p103/timbre/sample_1/watermarked_group_office_recording_iPhone_Microphone.wav,timbre,0.1333
group_office,p103,/media/storage/hadleigh/stegaphone_data/final_rec//p103/timbre/sample_1/watermarked_group_office_recording_USB_Lavalier_Microphone.wav,timbre,0.0333
group_office,p103,/media/storage/hadleigh/stegaphone_data/final_rec//p103/timbre/sample_1/watermarked_group_office_recording_Yeti_Stereo_Microphone.wav,timbre,0.1000
group_office,p103,/media/storage/hadleigh/stegaphone_data/final_rec//p103/timbre/sample_1/watermarked_group_office_recording_Fifine_USB_PnP_Audio_Device.wav,timbre,0.0333
group_office,p104,/media/storage/hadleigh/stegaphone_data/final_rec//p104/timbre/sample_7/watermarked_group_office_recording_iPhone_Microphone.wav,timbre,0.3000
group_office,p104,/media/storage/hadleigh/stegaphone_data/final_rec//p104/timbre/sample_7/watermarked_group_office_recording_USB_Lavalier_Microphone.wav,timbre,0.3333
group_office,p104,/media/storage/hadleigh/stegaphone_data/final_rec//p104/timbre/sample_7/watermarked_group_office_recording_Yeti_Stereo_Microphone.wav,timbre,0.1333
group_office,p104,/media/storage/hadleigh/stegaphone_data/final_rec//p104/timbre/sample_7/watermarked_group_office_recording_Fifine_USB_PnP_Audio_Device.wav,timbre,0.3000
group_office,p104,/media/storage/hadleigh/stegaphone_data/final_rec//p104/timbre/sample_2/watermarked_group_office_recording_iPhone_Microphone.wav,timbre,0.2667
group_office,p104,/media/storage/hadleigh/stegaphone_data/final_rec//p104/timbre/sample_2/watermarked_group_office_recording_USB_Lavalier_Microphone.wav,timbre,0.2667
group_office,p104,/media/storage/hadleigh/stegaphone_data/final_rec//p104/timbre/sample_2/watermarked_group_office_recording_Yeti_Stereo_Microphone.wav,timbre,0.2333
group_office,p104,/media/storage/hadleigh/stegaphone_data/final_rec//p104/timbre/sample_2/watermarked_group_office_recording_Fifine_USB_PnP_Audio_Device.wav,timbre,0.2000
group_office,p104,/media/storage/hadleigh/stegaphone_data/final_rec//p104/timbre/sample_3/watermarked_group_office_recording_iPhone_Microphone.wav,timbre,0.4667
group_office,p104,/media/storage/hadleigh/stegaphone_data/final_rec//p104/timbre/sample_3/watermarked_group_office_recording_USB_Lavalier_Microphone.wav,timbre,0.4000
group_office,p104,/media/storage/hadleigh/stegaphone_data/final_rec//p104/timbre/sample_3/watermarked_group_office_recording_Yeti_Stereo_Microphone.wav,timbre,0.1667
group_office,p104,/media/storage/hadleigh/stegaphone_data/final_rec//p104/timbre/sample_3/watermarked_group_office_recording_Fifine_USB_PnP_Audio_Device.wav,timbre,0.3333
group_office,p104,/media/storage/hadleigh/stegaphone_data/final_rec//p104/timbre/sample_5/watermarked_group_office_recording_iPhone_Microphone.wav,timbre,0.3667
group_office,p104,/media/storage/hadleigh/stegaphone_data/final_rec//p104/timbre/sample_5/watermarked_group_office_recording_USB_Lavalier_Microphone.wav,timbre,0.3333
group_office,p104,/media/storage/hadleigh/stegaphone_data/final_rec//p104/timbre/sample_5/watermarked_group_office_recording_Yeti_Stereo_Microphone.wav,timbre,0.2000
group_office,p104,/media/storage/hadleigh/stegaphone_data/final_rec//p104/timbre/sample_5/watermarked_group_office_recording_Fifine_USB_PnP_Audio_Device.wav,timbre,0.3000
group_office,p104,/media/storage/hadleigh/stegaphone_data/final_rec//p104/timbre/sample_8/watermarked_group_office_recording_iPhone_Microphone.wav,timbre,0.4000
group_office,p104,/media/storage/hadleigh/stegaphone_data/final_rec//p104/timbre/sample_8/watermarked_group_office_recording_USB_Lavalier_Microphone.wav,timbre,0.3667
group_office,p104,/media/storage/hadleigh/stegaphone_data/final_rec//p104/timbre/sample_8/watermarked_group_office_recording_Yeti_Stereo_Microphone.wav,timbre,0.2667
group_office,p104,/media/storage/hadleigh/stegaphone_data/final_rec//p104/timbre/sample_8/watermarked_group_office_recording_Fifine_USB_PnP_Audio_Device.wav,timbre,0.1667
group_office,p104,/media/storage/hadleigh/stegaphone_data/final_rec//p104/timbre/sample_10/watermarked_group_office_recording_iPhone_Microphone.wav,timbre,0.1667
group_office,p104,/media/storage/hadleigh/stegaphone_data/final_rec//p104/timbre/sample_10/watermarked_group_office_recording_USB_Lavalier_Microphone.wav,timbre,0.2000
group_office,p104,/media/storage/hadleigh/stegaphone_data/final_rec//p104/timbre/sample_10/watermarked_group_office_recording_Yeti_Stereo_Microphone.wav,timbre,0.1000
group_office,p104,/media/storage/hadleigh/stegaphone_data/final_rec//p104/timbre/sample_10/watermarked_group_office_recording_Fifine_USB_PnP_Audio_Device.wav,timbre,0.0667
group_office,p104,/media/storage/hadleigh/stegaphone_data/final_rec//p104/timbre/sample_4/watermarked_group_office_recording_iPhone_Microphone.wav,timbre,0.3000
group_office,p104,/media/storage/hadleigh/stegaphone_data/final_rec//p104/timbre/sample_4/watermarked_group_office_recording_USB_Lavalier_Microphone.wav,timbre,0.3333
group_office,p104,/media/storage/hadleigh/stegaphone_data/final_rec//p104/timbre/sample_4/watermarked_group_office_recording_Yeti_Stereo_Microphone.wav,timbre,0.1333
group_office,p104,/media/storage/hadleigh/stegaphone_data/final_rec//p104/timbre/sample_4/watermarked_group_office_recording_Fifine_USB_PnP_Audio_Device.wav,timbre,0.2000
group_office,p104,/media/storage/hadleigh/stegaphone_data/final_rec//p104/timbre/sample_9/watermarked_group_office_recording_iPhone_Microphone.wav,timbre,0.3333
group_office,p104,/media/storage/hadleigh/stegaphone_data/final_rec//p104/timbre/sample_9/watermarked_group_office_recording_USB_Lavalier_Microphone.wav,timbre,0.1333
group_office,p104,/media/storage/hadleigh/stegaphone_data/final_rec//p104/timbre/sample_9/watermarked_group_office_recording_Yeti_Stereo_Microphone.wav,timbre,0.1000
group_office,p104,/media/storage/hadleigh/stegaphone_data/final_rec//p104/timbre/sample_9/watermarked_group_office_recording_Fifine_USB_PnP_Audio_Device.wav,timbre,0.1000
group_office,p104,/media/storage/hadleigh/stegaphone_data/final_rec//p104/timbre/sample_6/watermarked_group_office_recording_iPhone_Microphone.wav,timbre,0.1667
group_office,p104,/media/storage/hadleigh/stegaphone_data/final_rec//p104/timbre/sample_6/watermarked_group_office_recording_USB_Lavalier_Microphone.wav,timbre,0.1000
group_office,p104,/media/storage/hadleigh/stegaphone_data/final_rec//p104/timbre/sample_6/watermarked_group_office_recording_Yeti_Stereo_Microphone.wav,timbre,0.1000
group_office,p104,/media/storage/hadleigh/stegaphone_data/final_rec//p104/timbre/sample_6/watermarked_group_office_recording_Fifine_USB_PnP_Audio_Device.wav,timbre,0.0667
group_office,p104,/media/storage/hadleigh/stegaphone_data/final_rec//p104/timbre/sample_1/watermarked_group_office_recording_iPhone_Microphone.wav,timbre,0.2667
group_office,p104,/media/storage/hadleigh/stegaphone_data/final_rec//p104/timbre/sample_1/watermarked_group_office_recording_USB_Lavalier_Microphone.wav,timbre,0.2333
group_office,p104,/media/storage/hadleigh/stegaphone_data/final_rec//p104/timbre/sample_1/watermarked_group_office_recording_Yeti_Stereo_Microphone.wav,timbre,0.1667
group_office,p104,/media/storage/hadleigh/stegaphone_data/final_rec//p104/timbre/sample_1/watermarked_group_office_recording_Fifine_USB_PnP_Audio_Device.wav,timbre,0.2000
group_office,p105,/media/storage/hadleigh/stegaphone_data/final_rec//p105/timbre/sample_7/watermarked_group_office_recording_iPhone_Microphone.wav,timbre,0.4000
group_office,p105,/media/storage/hadleigh/stegaphone_data/final_rec//p105/timbre/sample_7/watermarked_group_office_recording_USB_Lavalier_Microphone.wav,timbre,0.2000
group_office,p105,/media/storage/hadleigh/stegaphone_data/final_rec//p105/timbre/sample_7/watermarked_group_office_recording_Yeti_Stereo_Microphone.wav,timbre,0.1333
group_office,p105,/media/storage/hadleigh/stegaphone_data/final_rec//p105/timbre/sample_7/watermarked_group_office_recording_Fifine_USB_PnP_Audio_Device.wav,timbre,0.3000
group_office,p105,/media/storage/hadleigh/stegaphone_data/final_rec//p105/timbre/sample_2/watermarked_group_office_recording_iPhone_Microphone.wav,timbre,0.3333
group_office,p105,/media/storage/hadleigh/stegaphone_data/final_rec//p105/timbre/sample_2/watermarked_group_office_recording_USB_Lavalier_Microphone.wav,timbre,0.2333
group_office,p105,/media/storage/hadleigh/stegaphone_data/final_rec//p105/timbre/sample_2/watermarked_group_office_recording_Yeti_Stereo_Microphone.wav,timbre,0.2000
group_office,p105,/media/storage/hadleigh/stegaphone_data/final_rec//p105/timbre/sample_2/watermarked_group_office_recording_Fifine_USB_PnP_Audio_Device.wav,timbre,0.2333
group_office,p105,/media/storage/hadleigh/stegaphone_data/final_rec//p105/timbre/sample_3/watermarked_group_office_recording_iPhone_Microphone.wav,timbre,0.2667
group_office,p105,/media/storage/hadleigh/stegaphone_data/final_rec//p105/timbre/sample_3/watermarked_group_office_recording_USB_Lavalier_Microphone.wav,timbre,0.2667
group_office,p105,/media/storage/hadleigh/stegaphone_data/final_rec//p105/timbre/sample_3/watermarked_group_office_recording_Yeti_Stereo_Microphone.wav,timbre,0.2000
group_office,p105,/media/storage/hadleigh/stegaphone_data/final_rec//p105/timbre/sample_3/watermarked_group_office_recording_Fifine_USB_PnP_Audio_Device.wav,timbre,0.2667
group_office,p105,/media/storage/hadleigh/stegaphone_data/final_rec//p105/timbre/sample_5/watermarked_group_office_recording_iPhone_Microphone.wav,timbre,0.0333
group_office,p105,/media/storage/hadleigh/stegaphone_data/final_rec//p105/timbre/sample_5/watermarked_group_office_recording_USB_Lavalier_Microphone.wav,timbre,0.0667
group_office,p105,/media/storage/hadleigh/stegaphone_data/final_rec//p105/timbre/sample_5/watermarked_group_office_recording_Yeti_Stereo_Microphone.wav,timbre,0.0000
group_office,p105,/media/storage/hadleigh/stegaphone_data/final_rec//p105/timbre/sample_5/watermarked_group_office_recording_Fifine_USB_PnP_Audio_Device.wav,timbre,0.1000
group_office,p105,/media/storage/hadleigh/stegaphone_data/final_rec//p105/timbre/sample_8/watermarked_group_office_recording_iPhone_Microphone.wav,timbre,0.2333
group_office,p105,/media/storage/hadleigh/stegaphone_data/final_rec//p105/timbre/sample_8/watermarked_group_office_recording_USB_Lavalier_Microphone.wav,timbre,0.1333
group_office,p105,/media/storage/hadleigh/stegaphone_data/final_rec//p105/timbre/sample_8/watermarked_group_office_recording_Yeti_Stereo_Microphone.wav,timbre,0.2667
group_office,p105,/media/storage/hadleigh/stegaphone_data/final_rec//p105/timbre/sample_8/watermarked_group_office_recording_Fifine_USB_PnP_Audio_Device.wav,timbre,0.1333
group_office,p105,/media/storage/hadleigh/stegaphone_data/final_rec//p105/timbre/sample_10/watermarked_group_office_recording_iPhone_Microphone.wav,timbre,0.1667
group_office,p105,/media/storage/hadleigh/stegaphone_data/final_rec//p105/timbre/sample_10/watermarked_group_office_recording_USB_Lavalier_Microphone.wav,timbre,0.2000
group_office,p105,/media/storage/hadleigh/stegaphone_data/final_rec//p105/timbre/sample_10/watermarked_group_office_recording_Yeti_Stereo_Microphone.wav,timbre,0.2000
group_office,p105,/media/storage/hadleigh/stegaphone_data/final_rec//p105/timbre/sample_10/watermarked_group_office_recording_Fifine_USB_PnP_Audio_Device.wav,timbre,0.2667
group_office,p105,/media/storage/hadleigh/stegaphone_data/final_rec//p105/timbre/sample_4/watermarked_group_office_recording_iPhone_Microphone.wav,timbre,0.3000
group_office,p105,/media/storage/hadleigh/stegaphone_data/final_rec//p105/timbre/sample_4/watermarked_group_office_recording_USB_Lavalier_Microphone.wav,timbre,0.2000
group_office,p105,/media/storage/hadleigh/stegaphone_data/final_rec//p105/timbre/sample_4/watermarked_group_office_recording_Yeti_Stereo_Microphone.wav,timbre,0.2000
group_office,p105,/media/storage/hadleigh/stegaphone_data/final_rec//p105/timbre/sample_4/watermarked_group_office_recording_Fifine_USB_PnP_Audio_Device.wav,timbre,0.1667
group_office,p105,/media/storage/hadleigh/stegaphone_data/final_rec//p105/timbre/sample_9/watermarked_group_office_recording_iPhone_Microphone.wav,timbre,0.1667
group_office,p105,/media/storage/hadleigh/stegaphone_data/final_rec//p105/timbre/sample_9/watermarked_group_office_recording_USB_Lavalier_Microphone.wav,timbre,0.1667
group_office,p105,/media/storage/hadleigh/stegaphone_data/final_rec//p105/timbre/sample_9/watermarked_group_office_recording_Yeti_Stereo_Microphone.wav,timbre,0.1667
group_office,p105,/media/storage/hadleigh/stegaphone_data/final_rec//p105/timbre/sample_9/watermarked_group_office_recording_Fifine_USB_PnP_Audio_Device.wav,timbre,0.0333
group_office,p105,/media/storage/hadleigh/stegaphone_data/final_rec//p105/timbre/sample_6/watermarked_group_office_recording_iPhone_Microphone.wav,timbre,0.2333
group_office,p105,/media/storage/hadleigh/stegaphone_data/final_rec//p105/timbre/sample_6/watermarked_group_office_recording_USB_Lavalier_Microphone.wav,timbre,0.2000
group_office,p105,/media/storage/hadleigh/stegaphone_data/final_rec//p105/timbre/sample_6/watermarked_group_office_recording_Yeti_Stereo_Microphone.wav,timbre,0.2000
group_office,p105,/media/storage/hadleigh/stegaphone_data/final_rec//p105/timbre/sample_6/watermarked_group_office_recording_Fifine_USB_PnP_Audio_Device.wav,timbre,0.1333
group_office,p105,/media/storage/hadleigh/stegaphone_data/final_rec//p105/timbre/sample_1/watermarked_group_office_recording_iPhone_Microphone.wav,timbre,0.1333
group_office,p105,/media/storage/hadleigh/stegaphone_data/final_rec//p105/timbre/sample_1/watermarked_group_office_recording_USB_Lavalier_Microphone.wav,timbre,0.1333
group_office,p105,/media/storage/hadleigh/stegaphone_data/final_rec//p105/timbre/sample_1/watermarked_group_office_recording_Yeti_Stereo_Microphone.wav,timbre,0.1333
group_office,p105,/media/storage/hadleigh/stegaphone_data/final_rec//p105/timbre/sample_1/watermarked_group_office_recording_Fifine_USB_PnP_Audio_Device.wav,timbre,0.1000
group_office,p106,/media/storage/hadleigh/stegaphone_data/final_rec//p106/timbre/sample_7/watermarked_group_office_recording_iPhone_Microphone.wav,timbre,0.2667
group_office,p106,/media/storage/hadleigh/stegaphone_data/final_rec//p106/timbre/sample_7/watermarked_group_office_recording_USB_Lavalier_Microphone.wav,timbre,0.2000
group_office,p106,/media/storage/hadleigh/stegaphone_data/final_rec//p106/timbre/sample_7/watermarked_group_office_recording_Yeti_Stereo_Microphone.wav,timbre,0.1000
group_office,p106,/media/storage/hadleigh/stegaphone_data/final_rec//p106/timbre/sample_7/watermarked_group_office_recording_Fifine_USB_PnP_Audio_Device.wav,timbre,0.1667
group_office,p106,/media/storage/hadleigh/stegaphone_data/final_rec//p106/timbre/sample_2/watermarked_group_office_recording_iPhone_Microphone.wav,timbre,0.2000
group_office,p106,/media/storage/hadleigh/stegaphone_data/final_rec//p106/timbre/sample_2/watermarked_group_office_recording_USB_Lavalier_Microphone.wav,timbre,0.1333
group_office,p106,/media/storage/hadleigh/stegaphone_data/final_rec//p106/timbre/sample_2/watermarked_group_office_recording_Yeti_Stereo_Microphone.wav,timbre,0.1667
group_office,p106,/media/storage/hadleigh/stegaphone_data/final_rec//p106/timbre/sample_2/watermarked_group_office_recording_Fifine_USB_PnP_Audio_Device.wav,timbre,0.1333
group_office,p106,/media/storage/hadleigh/stegaphone_data/final_rec//p106/timbre/sample_3/watermarked_group_office_recording_iPhone_Microphone.wav,timbre,0.1667
group_office,p106,/media/storage/hadleigh/stegaphone_data/final_rec//p106/timbre/sample_3/watermarked_group_office_recording_USB_Lavalier_Microphone.wav,timbre,0.2333
group_office,p106,/media/storage/hadleigh/stegaphone_data/final_rec//p106/timbre/sample_3/watermarked_group_office_recording_Yeti_Stereo_Microphone.wav,timbre,0.1333
group_office,p106,/media/storage/hadleigh/stegaphone_data/final_rec//p106/timbre/sample_3/watermarked_group_office_recording_Fifine_USB_PnP_Audio_Device.wav,timbre,0.1333
group_office,p106,/media/storage/hadleigh/stegaphone_data/final_rec//p106/timbre/sample_5/watermarked_group_office_recording_iPhone_Microphone.wav,timbre,0.1333
group_office,p106,/media/storage/hadleigh/stegaphone_data/final_rec//p106/timbre/sample_5/watermarked_group_office_recording_USB_Lavalier_Microphone.wav,timbre,0.0667
group_office,p106,/media/storage/hadleigh/stegaphone_data/final_rec//p106/timbre/sample_5/watermarked_group_office_recording_Yeti_Stereo_Microphone.wav,timbre,0.0000
group_office,p106,/media/storage/hadleigh/stegaphone_data/final_rec//p106/timbre/sample_5/watermarked_group_office_recording_Fifine_USB_PnP_Audio_Device.wav,timbre,0.1000
group_office,p106,/media/storage/hadleigh/stegaphone_data/final_rec//p106/timbre/sample_8/watermarked_group_office_recording_iPhone_Microphone.wav,timbre,0.2667
group_office,p106,/media/storage/hadleigh/stegaphone_data/final_rec//p106/timbre/sample_8/watermarked_group_office_recording_USB_Lavalier_Microphone.wav,timbre,0.2000
group_office,p106,/media/storage/hadleigh/stegaphone_data/final_rec//p106/timbre/sample_8/watermarked_group_office_recording_Yeti_Stereo_Microphone.wav,timbre,0.0667
group_office,p106,/media/storage/hadleigh/stegaphone_data/final_rec//p106/timbre/sample_8/watermarked_group_office_recording_Fifine_USB_PnP_Audio_Device.wav,timbre,0.1000
group_office,p106,/media/storage/hadleigh/stegaphone_data/final_rec//p106/timbre/sample_10/watermarked_group_office_recording_iPhone_Microphone.wav,timbre,0.3000
group_office,p106,/media/storage/hadleigh/stegaphone_data/final_rec//p106/timbre/sample_10/watermarked_group_office_recording_USB_Lavalier_Microphone.wav,timbre,0.2667
group_office,p106,/media/storage/hadleigh/stegaphone_data/final_rec//p106/timbre/sample_10/watermarked_group_office_recording_Yeti_Stereo_Microphone.wav,timbre,0.2000
group_office,p106,/media/storage/hadleigh/stegaphone_data/final_rec//p106/timbre/sample_10/watermarked_group_office_recording_Fifine_USB_PnP_Audio_Device.wav,timbre,0.3333
group_office,p106,/media/storage/hadleigh/stegaphone_data/final_rec//p106/timbre/sample_4/watermarked_group_office_recording_iPhone_Microphone.wav,timbre,0.3333
group_office,p106,/media/storage/hadleigh/stegaphone_data/final_rec//p106/timbre/sample_4/watermarked_group_office_recording_USB_Lavalier_Microphone.wav,timbre,0.2667
group_office,p106,/media/storage/hadleigh/stegaphone_data/final_rec//p106/timbre/sample_4/watermarked_group_office_recording_Yeti_Stereo_Microphone.wav,timbre,0.1667
group_office,p106,/media/storage/hadleigh/stegaphone_data/final_rec//p106/timbre/sample_4/watermarked_group_office_recording_Fifine_USB_PnP_Audio_Device.wav,timbre,0.2333
group_office,p106,/media/storage/hadleigh/stegaphone_data/final_rec//p106/timbre/sample_9/watermarked_group_office_recording_iPhone_Microphone.wav,timbre,0.1667
group_office,p106,/media/storage/hadleigh/stegaphone_data/final_rec//p106/timbre/sample_9/watermarked_group_office_recording_USB_Lavalier_Microphone.wav,timbre,0.1333
group_office,p106,/media/storage/hadleigh/stegaphone_data/final_rec//p106/timbre/sample_9/watermarked_group_office_recording_Yeti_Stereo_Microphone.wav,timbre,0.1333
group_office,p106,/media/storage/hadleigh/stegaphone_data/final_rec//p106/timbre/sample_9/watermarked_group_office_recording_Fifine_USB_PnP_Audio_Device.wav,timbre,0.1667
group_office,p106,/media/storage/hadleigh/stegaphone_data/final_rec//p106/timbre/sample_6/watermarked_group_office_recording_iPhone_Microphone.wav,timbre,0.2000
group_office,p106,/media/storage/hadleigh/stegaphone_data/final_rec//p106/timbre/sample_6/watermarked_group_office_recording_USB_Lavalier_Microphone.wav,timbre,0.1333
group_office,p106,/media/storage/hadleigh/stegaphone_data/final_rec//p106/timbre/sample_6/watermarked_group_office_recording_Yeti_Stereo_Microphone.wav,timbre,0.1333
group_office,p106,/media/storage/hadleigh/stegaphone_data/final_rec//p106/timbre/sample_6/watermarked_group_office_recording_Fifine_USB_PnP_Audio_Device.wav,timbre,0.1333
group_office,p106,/media/storage/hadleigh/stegaphone_data/final_rec//p106/timbre/sample_1/watermarked_group_office_recording_iPhone_Microphone.wav,timbre,0.2000
group_office,p106,/media/storage/hadleigh/stegaphone_data/final_rec//p106/timbre/sample_1/watermarked_group_office_recording_USB_Lavalier_Microphone.wav,timbre,0.0667
group_office,p106,/media/storage/hadleigh/stegaphone_data/final_rec//p106/timbre/sample_1/watermarked_group_office_recording_Yeti_Stereo_Microphone.wav,timbre,0.0667
group_office,p106,/media/storage/hadleigh/stegaphone_data/final_rec//p106/timbre/sample_1/watermarked_group_office_recording_Fifine_USB_PnP_Audio_Device.wav,timbre,0.0333
group_office,p107,/media/storage/hadleigh/stegaphone_data/final_rec//p107/timbre/sample_7/watermarked_group_office_recording_iPhone_Microphone.wav,timbre,0.1333
group_office,p107,/media/storage/hadleigh/stegaphone_data/final_rec//p107/timbre/sample_7/watermarked_group_office_recording_USB_Lavalier_Microphone.wav,timbre,0.1667
group_office,p107,/media/storage/hadleigh/stegaphone_data/final_rec//p107/timbre/sample_7/watermarked_group_office_recording_Yeti_Stereo_Microphone.wav,timbre,0.0667
group_office,p107,/media/storage/hadleigh/stegaphone_data/final_rec//p107/timbre/sample_7/watermarked_group_office_recording_Fifine_USB_PnP_Audio_Device.wav,timbre,0.1000
group_office,p107,/media/storage/hadleigh/stegaphone_data/final_rec//p107/timbre/sample_2/watermarked_group_office_recording_iPhone_Microphone.wav,timbre,0.2333
group_office,p107,/media/storage/hadleigh/stegaphone_data/final_rec//p107/timbre/sample_2/watermarked_group_office_recording_USB_Lavalier_Microphone.wav,timbre,0.1667
group_office,p107,/media/storage/hadleigh/stegaphone_data/final_rec//p107/timbre/sample_2/watermarked_group_office_recording_Yeti_Stereo_Microphone.wav,timbre,0.1000
group_office,p107,/media/storage/hadleigh/stegaphone_data/final_rec//p107/timbre/sample_2/watermarked_group_office_recording_Fifine_USB_PnP_Audio_Device.wav,timbre,0.2000
group_office,p107,/media/storage/hadleigh/stegaphone_data/final_rec//p107/timbre/sample_3/watermarked_group_office_recording_iPhone_Microphone.wav,timbre,0.2000
group_office,p107,/media/storage/hadleigh/stegaphone_data/final_rec//p107/timbre/sample_3/watermarked_group_office_recording_USB_Lavalier_Microphone.wav,timbre,0.1000
group_office,p107,/media/storage/hadleigh/stegaphone_data/final_rec//p107/timbre/sample_3/watermarked_group_office_recording_Yeti_Stereo_Microphone.wav,timbre,0.0667
group_office,p107,/media/storage/hadleigh/stegaphone_data/final_rec//p107/timbre/sample_3/watermarked_group_office_recording_Fifine_USB_PnP_Audio_Device.wav,timbre,0.1333
group_office,p107,/media/storage/hadleigh/stegaphone_data/final_rec//p107/timbre/sample_5/watermarked_group_office_recording_iPhone_Microphone.wav,timbre,0.3333
group_office,p107,/media/storage/hadleigh/stegaphone_data/final_rec//p107/timbre/sample_5/watermarked_group_office_recording_USB_Lavalier_Microphone.wav,timbre,0.2000
group_office,p107,/media/storage/hadleigh/stegaphone_data/final_rec//p107/timbre/sample_5/watermarked_group_office_recording_Yeti_Stereo_Microphone.wav,timbre,0.1667
group_office,p107,/media/storage/hadleigh/stegaphone_data/final_rec//p107/timbre/sample_5/watermarked_group_office_recording_Fifine_USB_PnP_Audio_Device.wav,timbre,0.2000
group_office,p107,/media/storage/hadleigh/stegaphone_data/final_rec//p107/timbre/sample_8/watermarked_group_office_recording_iPhone_Microphone.wav,timbre,0.2333
group_office,p107,/media/storage/hadleigh/stegaphone_data/final_rec//p107/timbre/sample_8/watermarked_group_office_recording_USB_Lavalier_Microphone.wav,timbre,0.1333
group_office,p107,/media/storage/hadleigh/stegaphone_data/final_rec//p107/timbre/sample_8/watermarked_group_office_recording_Yeti_Stereo_Microphone.wav,timbre,0.0667
group_office,p107,/media/storage/hadleigh/stegaphone_data/final_rec//p107/timbre/sample_8/watermarked_group_office_recording_Fifine_USB_PnP_Audio_Device.wav,timbre,0.1667
group_office,p107,/media/storage/hadleigh/stegaphone_data/final_rec//p107/timbre/sample_10/watermarked_group_office_recording_iPhone_Microphone.wav,timbre,0.2333
group_office,p107,/media/storage/hadleigh/stegaphone_data/final_rec//p107/timbre/sample_10/watermarked_group_office_recording_USB_Lavalier_Microphone.wav,timbre,0.1667
group_office,p107,/media/storage/hadleigh/stegaphone_data/final_rec//p107/timbre/sample_10/watermarked_group_office_recording_Yeti_Stereo_Microphone.wav,timbre,0.1333
group_office,p107,/media/storage/hadleigh/stegaphone_data/final_rec//p107/timbre/sample_10/watermarked_group_office_recording_Fifine_USB_PnP_Audio_Device.wav,timbre,0.2333
group_office,p107,/media/storage/hadleigh/stegaphone_data/final_rec//p107/timbre/sample_4/watermarked_group_office_recording_iPhone_Microphone.wav,timbre,0.2333
group_office,p107,/media/storage/hadleigh/stegaphone_data/final_rec//p107/timbre/sample_4/watermarked_group_office_recording_USB_Lavalier_Microphone.wav,timbre,0.3333
group_office,p107,/media/storage/hadleigh/stegaphone_data/final_rec//p107/timbre/sample_4/watermarked_group_office_recording_Yeti_Stereo_Microphone.wav,timbre,0.1333
group_office,p107,/media/storage/hadleigh/stegaphone_data/final_rec//p107/timbre/sample_4/watermarked_group_office_recording_Fifine_USB_PnP_Audio_Device.wav,timbre,0.2333
group_office,p107,/media/storage/hadleigh/stegaphone_data/final_rec//p107/timbre/sample_9/watermarked_group_office_recording_iPhone_Microphone.wav,timbre,0.4000
group_office,p107,/media/storage/hadleigh/stegaphone_data/final_rec//p107/timbre/sample_9/watermarked_group_office_recording_USB_Lavalier_Microphone.wav,timbre,0.2667
group_office,p107,/media/storage/hadleigh/stegaphone_data/final_rec//p107/timbre/sample_9/watermarked_group_office_recording_Yeti_Stereo_Microphone.wav,timbre,0.3000
group_office,p107,/media/storage/hadleigh/stegaphone_data/final_rec//p107/timbre/sample_9/watermarked_group_office_recording_Fifine_USB_PnP_Audio_Device.wav,timbre,0.3333
group_office,p107,/media/storage/hadleigh/stegaphone_data/final_rec//p107/timbre/sample_6/watermarked_group_office_recording_iPhone_Microphone.wav,timbre,0.2667
group_office,p107,/media/storage/hadleigh/stegaphone_data/final_rec//p107/timbre/sample_6/watermarked_group_office_recording_USB_Lavalier_Microphone.wav,timbre,0.2000
group_office,p107,/media/storage/hadleigh/stegaphone_data/final_rec//p107/timbre/sample_6/watermarked_group_office_recording_Yeti_Stereo_Microphone.wav,timbre,0.1333
group_office,p107,/media/storage/hadleigh/stegaphone_data/final_rec//p107/timbre/sample_6/watermarked_group_office_recording_Fifine_USB_PnP_Audio_Device.wav,timbre,0.3333
group_office,p107,/media/storage/hadleigh/stegaphone_data/final_rec//p107/timbre/sample_1/watermarked_group_office_recording_iPhone_Microphone.wav,timbre,0.2667
group_office,p107,/media/storage/hadleigh/stegaphone_data/final_rec//p107/timbre/sample_1/watermarked_group_office_recording_USB_Lavalier_Microphone.wav,timbre,0.1667
group_office,p107,/media/storage/hadleigh/stegaphone_data/final_rec//p107/timbre/sample_1/watermarked_group_office_recording_Yeti_Stereo_Microphone.wav,timbre,0.2667
group_office,p107,/media/storage/hadleigh/stegaphone_data/final_rec//p107/timbre/sample_1/watermarked_group_office_recording_Fifine_USB_PnP_Audio_Device.wav,timbre,0.2333
lab,p102,/media/storage/hadleigh/stegaphone_data/final_rec//p102/timbre/sample_7/watermarked_lab_recording_Fifine_USB_PnP_Audio_Device.wav,timbre,0.2000
lab,p102,/media/storage/hadleigh/stegaphone_data/final_rec//p102/timbre/sample_7/watermarked_lab_recording_iPhone_Microphone.wav,timbre,0.3333
lab,p102,/media/storage/hadleigh/stegaphone_data/final_rec//p102/timbre/sample_7/watermarked_lab_recording_USB_Lavalier_Microphone.wav,timbre,0.3333
lab,p102,/media/storage/hadleigh/stegaphone_data/final_rec//p102/timbre/sample_7/watermarked_lab_recording_Yeti_Stereo_Microphone.wav,timbre,0.3000
lab,p102,/media/storage/hadleigh/stegaphone_data/final_rec//p102/timbre/sample_2/watermarked_lab_recording_Fifine_USB_PnP_Audio_Device.wav,timbre,0.2000
lab,p102,/media/storage/hadleigh/stegaphone_data/final_rec//p102/timbre/sample_2/watermarked_lab_recording_iPhone_Microphone.wav,timbre,0.1333
lab,p102,/media/storage/hadleigh/stegaphone_data/final_rec//p102/timbre/sample_2/watermarked_lab_recording_USB_Lavalier_Microphone.wav,timbre,0.2333
lab,p102,/media/storage/hadleigh/stegaphone_data/final_rec//p102/timbre/sample_2/watermarked_lab_recording_Yeti_Stereo_Microphone.wav,timbre,0.1667
lab,p102,/media/storage/hadleigh/stegaphone_data/final_rec//p102/timbre/sample_3/watermarked_lab_recording_Fifine_USB_PnP_Audio_Device.wav,timbre,0.1333
lab,p102,/media/storage/hadleigh/stegaphone_data/final_rec//p102/timbre/sample_3/watermarked_lab_recording_iPhone_Microphone.wav,timbre,0.2333
lab,p102,/media/storage/hadleigh/stegaphone_data/final_rec//p102/timbre/sample_3/watermarked_lab_recording_USB_Lavalier_Microphone.wav,timbre,0.4000
lab,p102,/media/storage/hadleigh/stegaphone_data/final_rec//p102/timbre/sample_3/watermarked_lab_recording_Yeti_Stereo_Microphone.wav,timbre,0.1667
lab,p102,/media/storage/hadleigh/stegaphone_data/final_rec//p102/timbre/sample_5/watermarked_lab_recording_Fifine_USB_PnP_Audio_Device.wav,timbre,0.1667
lab,p102,/media/storage/hadleigh/stegaphone_data/final_rec//p102/timbre/sample_5/watermarked_lab_recording_iPhone_Microphone.wav,timbre,0.1667
lab,p102,/media/storage/hadleigh/stegaphone_data/final_rec//p102/timbre/sample_5/watermarked_lab_recording_USB_Lavalier_Microphone.wav,timbre,0.2667
lab,p102,/media/storage/hadleigh/stegaphone_data/final_rec//p102/timbre/sample_5/watermarked_lab_recording_Yeti_Stereo_Microphone.wav,timbre,0.3667
lab,p102,/media/storage/hadleigh/stegaphone_data/final_rec//p102/timbre/sample_8/watermarked_lab_recording_Fifine_USB_PnP_Audio_Device.wav,timbre,0.1000
lab,p102,/media/storage/hadleigh/stegaphone_data/final_rec//p102/timbre/sample_8/watermarked_lab_recording_iPhone_Microphone.wav,timbre,0.0333
lab,p102,/media/storage/hadleigh/stegaphone_data/final_rec//p102/timbre/sample_8/watermarked_lab_recording_USB_Lavalier_Microphone.wav,timbre,0.2000
lab,p102,/media/storage/hadleigh/stegaphone_data/final_rec//p102/timbre/sample_8/watermarked_lab_recording_Yeti_Stereo_Microphone.wav,timbre,0.2667
lab,p102,/media/storage/hadleigh/stegaphone_data/final_rec//p102/timbre/sample_10/watermarked_lab_recording_Fifine_USB_PnP_Audio_Device.wav,timbre,0.2000
lab,p102,/media/storage/hadleigh/stegaphone_data/final_rec//p102/timbre/sample_10/watermarked_lab_recording_iPhone_Microphone.wav,timbre,0.1667
lab,p102,/media/storage/hadleigh/stegaphone_data/final_rec//p102/timbre/sample_10/watermarked_lab_recording_USB_Lavalier_Microphone.wav,timbre,0.2667
lab,p102,/media/storage/hadleigh/stegaphone_data/final_rec//p102/timbre/sample_10/watermarked_lab_recording_Yeti_Stereo_Microphone.wav,timbre,0.4000
lab,p102,/media/storage/hadleigh/stegaphone_data/final_rec//p102/timbre/sample_4/watermarked_lab_recording_Fifine_USB_PnP_Audio_Device.wav,timbre,0.2333
lab,p102,/media/storage/hadleigh/stegaphone_data/final_rec//p102/timbre/sample_4/watermarked_lab_recording_iPhone_Microphone.wav,timbre,0.2667
lab,p102,/media/storage/hadleigh/stegaphone_data/final_rec//p102/timbre/sample_4/watermarked_lab_recording_USB_Lavalier_Microphone.wav,timbre,0.3667
lab,p102,/media/storage/hadleigh/stegaphone_data/final_rec//p102/timbre/sample_4/watermarked_lab_recording_Yeti_Stereo_Microphone.wav,timbre,0.3333
lab,p102,/media/storage/hadleigh/stegaphone_data/final_rec//p102/timbre/sample_9/watermarked_lab_recording_Fifine_USB_PnP_Audio_Device.wav,timbre,0.2000
lab,p102,/media/storage/hadleigh/stegaphone_data/final_rec//p102/timbre/sample_9/watermarked_lab_recording_iPhone_Microphone.wav,timbre,0.2000
lab,p102,/media/storage/hadleigh/stegaphone_data/final_rec//p102/timbre/sample_9/watermarked_lab_recording_USB_Lavalier_Microphone.wav,timbre,0.2000
lab,p102,/media/storage/hadleigh/stegaphone_data/final_rec//p102/timbre/sample_9/watermarked_lab_recording_Yeti_Stereo_Microphone.wav,timbre,0.2000
lab,p102,/media/storage/hadleigh/stegaphone_data/final_rec//p102/timbre/sample_6/watermarked_lab_recording_Fifine_USB_PnP_Audio_Device.wav,timbre,0.2000
lab,p102,/media/storage/hadleigh/stegaphone_data/final_rec//p102/timbre/sample_6/watermarked_lab_recording_iPhone_Microphone.wav,timbre,0.2000
lab,p102,/media/storage/hadleigh/stegaphone_data/final_rec//p102/timbre/sample_6/watermarked_lab_recording_USB_Lavalier_Microphone.wav,timbre,0.3667
lab,p102,/media/storage/hadleigh/stegaphone_data/final_rec//p102/timbre/sample_6/watermarked_lab_recording_Yeti_Stereo_Microphone.wav,timbre,0.4000
lab,p102,/media/storage/hadleigh/stegaphone_data/final_rec//p102/timbre/sample_1/watermarked_lab_recording_Fifine_USB_PnP_Audio_Device.wav,timbre,0.2000
lab,p102,/media/storage/hadleigh/stegaphone_data/final_rec//p102/timbre/sample_1/watermarked_lab_recording_iPhone_Microphone.wav,timbre,0.1333
lab,p102,/media/storage/hadleigh/stegaphone_data/final_rec//p102/timbre/sample_1/watermarked_lab_recording_USB_Lavalier_Microphone.wav,timbre,0.3333
lab,p102,/media/storage/hadleigh/stegaphone_data/final_rec//p102/timbre/sample_1/watermarked_lab_recording_Yeti_Stereo_Microphone.wav,timbre,0.3000
lab,p103,/media/storage/hadleigh/stegaphone_data/final_rec//p103/timbre/sample_7/watermarked_lab_recording_Fifine_USB_PnP_Audio_Device.wav,timbre,0.2667
lab,p103,/media/storage/hadleigh/stegaphone_data/final_rec//p103/timbre/sample_7/watermarked_lab_recording_iPhone_Microphone.wav,timbre,0.2000
lab,p103,/media/storage/hadleigh/stegaphone_data/final_rec//p103/timbre/sample_7/watermarked_lab_recording_USB_Lavalier_Microphone.wav,timbre,0.2333
lab,p103,/media/storage/hadleigh/stegaphone_data/final_rec//p103/timbre/sample_7/watermarked_lab_recording_Yeti_Stereo_Microphone.wav,timbre,0.2000
lab,p103,/media/storage/hadleigh/stegaphone_data/final_rec//p103/timbre/sample_2/watermarked_lab_recording_Fifine_USB_PnP_Audio_Device.wav,timbre,0.0667
lab,p103,/media/storage/hadleigh/stegaphone_data/final_rec//p103/timbre/sample_2/watermarked_lab_recording_iPhone_Microphone.wav,timbre,0.2333
lab,p103,/media/storage/hadleigh/stegaphone_data/final_rec//p103/timbre/sample_2/watermarked_lab_recording_USB_Lavalier_Microphone.wav,timbre,0.1667
lab,p103,/media/storage/hadleigh/stegaphone_data/final_rec//p103/timbre/sample_2/watermarked_lab_recording_Yeti_Stereo_Microphone.wav,timbre,0.1667
lab,p103,/media/storage/hadleigh/stegaphone_data/final_rec//p103/timbre/sample_3/watermarked_lab_recording_Fifine_USB_PnP_Audio_Device.wav,timbre,0.2000
lab,p103,/media/storage/hadleigh/stegaphone_data/final_rec//p103/timbre/sample_3/watermarked_lab_recording_iPhone_Microphone.wav,timbre,0.2667
lab,p103,/media/storage/hadleigh/stegaphone_data/final_rec//p103/timbre/sample_3/watermarked_lab_recording_USB_Lavalier_Microphone.wav,timbre,0.2000
lab,p103,/media/storage/hadleigh/stegaphone_data/final_rec//p103/timbre/sample_3/watermarked_lab_recording_Yeti_Stereo_Microphone.wav,timbre,0.2333
lab,p103,/media/storage/hadleigh/stegaphone_data/final_rec//p103/timbre/sample_5/watermarked_lab_recording_Fifine_USB_PnP_Audio_Device.wav,timbre,0.2333
lab,p103,/media/storage/hadleigh/stegaphone_data/final_rec//p103/timbre/sample_5/watermarked_lab_recording_iPhone_Microphone.wav,timbre,0.2333
lab,p103,/media/storage/hadleigh/stegaphone_data/final_rec//p103/timbre/sample_5/watermarked_lab_recording_USB_Lavalier_Microphone.wav,timbre,0.2333
lab,p103,/media/storage/hadleigh/stegaphone_data/final_rec//p103/timbre/sample_5/watermarked_lab_recording_Yeti_Stereo_Microphone.wav,timbre,0.2333
lab,p103,/media/storage/hadleigh/stegaphone_data/final_rec//p103/timbre/sample_8/watermarked_lab_recording_Fifine_USB_PnP_Audio_Device.wav,timbre,0.1000
lab,p103,/media/storage/hadleigh/stegaphone_data/final_rec//p103/timbre/sample_8/watermarked_lab_recording_iPhone_Microphone.wav,timbre,0.0667
lab,p103,/media/storage/hadleigh/stegaphone_data/final_rec//p103/timbre/sample_8/watermarked_lab_recording_USB_Lavalier_Microphone.wav,timbre,0.1667
lab,p103,/media/storage/hadleigh/stegaphone_data/final_rec//p103/timbre/sample_8/watermarked_lab_recording_Yeti_Stereo_Microphone.wav,timbre,0.0667
lab,p103,/media/storage/hadleigh/stegaphone_data/final_rec//p103/timbre/sample_10/watermarked_lab_recording_Fifine_USB_PnP_Audio_Device.wav,timbre,0.1333
lab,p103,/media/storage/hadleigh/stegaphone_data/final_rec//p103/timbre/sample_10/watermarked_lab_recording_iPhone_Microphone.wav,timbre,0.2333
lab,p103,/media/storage/hadleigh/stegaphone_data/final_rec//p103/timbre/sample_10/watermarked_lab_recording_USB_Lavalier_Microphone.wav,timbre,0.1333
lab,p103,/media/storage/hadleigh/stegaphone_data/final_rec//p103/timbre/sample_10/watermarked_lab_recording_Yeti_Stereo_Microphone.wav,timbre,0.2000
lab,p103,/media/storage/hadleigh/stegaphone_data/final_rec//p103/timbre/sample_4/watermarked_lab_recording_Fifine_USB_PnP_Audio_Device.wav,timbre,0.0667
lab,p103,/media/storage/hadleigh/stegaphone_data/final_rec//p103/timbre/sample_4/watermarked_lab_recording_iPhone_Microphone.wav,timbre,0.2000
lab,p103,/media/storage/hadleigh/stegaphone_data/final_rec//p103/timbre/sample_4/watermarked_lab_recording_USB_Lavalier_Microphone.wav,timbre,0.1000
lab,p103,/media/storage/hadleigh/stegaphone_data/final_rec//p103/timbre/sample_4/watermarked_lab_recording_Yeti_Stereo_Microphone.wav,timbre,0.0667
lab,p103,/media/storage/hadleigh/stegaphone_data/final_rec//p103/timbre/sample_9/watermarked_lab_recording_Fifine_USB_PnP_Audio_Device.wav,timbre,0.1667
lab,p103,/media/storage/hadleigh/stegaphone_data/final_rec//p103/timbre/sample_9/watermarked_lab_recording_iPhone_Microphone.wav,timbre,0.1333
lab,p103,/media/storage/hadleigh/stegaphone_data/final_rec//p103/timbre/sample_9/watermarked_lab_recording_USB_Lavalier_Microphone.wav,timbre,0.2667
lab,p103,/media/storage/hadleigh/stegaphone_data/final_rec//p103/timbre/sample_9/watermarked_lab_recording_Yeti_Stereo_Microphone.wav,timbre,0.2667
lab,p103,/media/storage/hadleigh/stegaphone_data/final_rec//p103/timbre/sample_6/watermarked_lab_recording_Fifine_USB_PnP_Audio_Device.wav,timbre,0.1667
lab,p103,/media/storage/hadleigh/stegaphone_data/final_rec//p103/timbre/sample_6/watermarked_lab_recording_iPhone_Microphone.wav,timbre,0.2667
lab,p103,/media/storage/hadleigh/stegaphone_data/final_rec//p103/timbre/sample_6/watermarked_lab_recording_USB_Lavalier_Microphone.wav,timbre,0.3000
lab,p103,/media/storage/hadleigh/stegaphone_data/final_rec//p103/timbre/sample_6/watermarked_lab_recording_Yeti_Stereo_Microphone.wav,timbre,0.2000
lab,p103,/media/storage/hadleigh/stegaphone_data/final_rec//p103/timbre/sample_1/watermarked_lab_recording_Fifine_USB_PnP_Audio_Device.wav,timbre,0.0667
lab,p103,/media/storage/hadleigh/stegaphone_data/final_rec//p103/timbre/sample_1/watermarked_lab_recording_iPhone_Microphone.wav,timbre,0.1333
lab,p103,/media/storage/hadleigh/stegaphone_data/final_rec//p103/timbre/sample_1/watermarked_lab_recording_USB_Lavalier_Microphone.wav,timbre,0.1333
lab,p103,/media/storage/hadleigh/stegaphone_data/final_rec//p103/timbre/sample_1/watermarked_lab_recording_Yeti_Stereo_Microphone.wav,timbre,0.1667
lab,p104,/media/storage/hadleigh/stegaphone_data/final_rec//p104/timbre/sample_7/watermarked_lab_recording_Fifine_USB_PnP_Audio_Device.wav,timbre,0.2000
lab,p104,/media/storage/hadleigh/stegaphone_data/final_rec//p104/timbre/sample_7/watermarked_lab_recording_iPhone_Microphone.wav,timbre,0.2667
lab,p104,/media/storage/hadleigh/stegaphone_data/final_rec//p104/timbre/sample_7/watermarked_lab_recording_USB_Lavalier_Microphone.wav,timbre,0.3667
lab,p104,/media/storage/hadleigh/stegaphone_data/final_rec//p104/timbre/sample_7/watermarked_lab_recording_Yeti_Stereo_Microphone.wav,timbre,0.2333
lab,p104,/media/storage/hadleigh/stegaphone_data/final_rec//p104/timbre/sample_2/watermarked_lab_recording_Fifine_USB_PnP_Audio_Device.wav,timbre,0.2667
lab,p104,/media/storage/hadleigh/stegaphone_data/final_rec//p104/timbre/sample_2/watermarked_lab_recording_iPhone_Microphone.wav,timbre,0.2667
lab,p104,/media/storage/hadleigh/stegaphone_data/final_rec//p104/timbre/sample_2/watermarked_lab_recording_USB_Lavalier_Microphone.wav,timbre,0.2667
lab,p104,/media/storage/hadleigh/stegaphone_data/final_rec//p104/timbre/sample_2/watermarked_lab_recording_Yeti_Stereo_Microphone.wav,timbre,0.2333
lab,p104,/media/storage/hadleigh/stegaphone_data/final_rec//p104/timbre/sample_3/watermarked_lab_recording_Fifine_USB_PnP_Audio_Device.wav,timbre,0.3667
lab,p104,/media/storage/hadleigh/stegaphone_data/final_rec//p104/timbre/sample_3/watermarked_lab_recording_iPhone_Microphone.wav,timbre,0.4000
lab,p104,/media/storage/hadleigh/stegaphone_data/final_rec//p104/timbre/sample_3/watermarked_lab_recording_USB_Lavalier_Microphone.wav,timbre,0.4000
lab,p104,/media/storage/hadleigh/stegaphone_data/final_rec//p104/timbre/sample_3/watermarked_lab_recording_Yeti_Stereo_Microphone.wav,timbre,0.4000
lab,p104,/media/storage/hadleigh/stegaphone_data/final_rec//p104/timbre/sample_5/watermarked_lab_recording_Fifine_USB_PnP_Audio_Device.wav,timbre,0.3000
lab,p104,/media/storage/hadleigh/stegaphone_data/final_rec//p104/timbre/sample_5/watermarked_lab_recording_iPhone_Microphone.wav,timbre,0.2333
lab,p104,/media/storage/hadleigh/stegaphone_data/final_rec//p104/timbre/sample_5/watermarked_lab_recording_USB_Lavalier_Microphone.wav,timbre,0.4000
lab,p104,/media/storage/hadleigh/stegaphone_data/final_rec//p104/timbre/sample_5/watermarked_lab_recording_Yeti_Stereo_Microphone.wav,timbre,0.2333
lab,p104,/media/storage/hadleigh/stegaphone_data/final_rec//p104/timbre/sample_8/watermarked_lab_recording_Fifine_USB_PnP_Audio_Device.wav,timbre,0.2667
lab,p104,/media/storage/hadleigh/stegaphone_data/final_rec//p104/timbre/sample_8/watermarked_lab_recording_iPhone_Microphone.wav,timbre,0.2333
lab,p104,/media/storage/hadleigh/stegaphone_data/final_rec//p104/timbre/sample_8/watermarked_lab_recording_USB_Lavalier_Microphone.wav,timbre,0.4333
lab,p104,/media/storage/hadleigh/stegaphone_data/final_rec//p104/timbre/sample_8/watermarked_lab_recording_Yeti_Stereo_Microphone.wav,timbre,0.3333
lab,p104,/media/storage/hadleigh/stegaphone_data/final_rec//p104/timbre/sample_10/watermarked_lab_recording_Fifine_USB_PnP_Audio_Device.wav,timbre,0.1333
lab,p104,/media/storage/hadleigh/stegaphone_data/final_rec//p104/timbre/sample_10/watermarked_lab_recording_iPhone_Microphone.wav,timbre,0.2667
lab,p104,/media/storage/hadleigh/stegaphone_data/final_rec//p104/timbre/sample_10/watermarked_lab_recording_USB_Lavalier_Microphone.wav,timbre,0.2667
lab,p104,/media/storage/hadleigh/stegaphone_data/final_rec//p104/timbre/sample_10/watermarked_lab_recording_Yeti_Stereo_Microphone.wav,timbre,0.2333
lab,p104,/media/storage/hadleigh/stegaphone_data/final_rec//p104/timbre/sample_4/watermarked_lab_recording_Fifine_USB_PnP_Audio_Device.wav,timbre,0.2333
lab,p104,/media/storage/hadleigh/stegaphone_data/final_rec//p104/timbre/sample_4/watermarked_lab_recording_iPhone_Microphone.wav,timbre,0.2667
lab,p104,/media/storage/hadleigh/stegaphone_data/final_rec//p104/timbre/sample_4/watermarked_lab_recording_USB_Lavalier_Microphone.wav,timbre,0.3333
lab,p104,/media/storage/hadleigh/stegaphone_data/final_rec//p104/timbre/sample_4/watermarked_lab_recording_Yeti_Stereo_Microphone.wav,timbre,0.2333
lab,p104,/media/storage/hadleigh/stegaphone_data/final_rec//p104/timbre/sample_9/watermarked_lab_recording_Fifine_USB_PnP_Audio_Device.wav,timbre,0.1667
lab,p104,/media/storage/hadleigh/stegaphone_data/final_rec//p104/timbre/sample_9/watermarked_lab_recording_iPhone_Microphone.wav,timbre,0.2000
lab,p104,/media/storage/hadleigh/stegaphone_data/final_rec//p104/timbre/sample_9/watermarked_lab_recording_USB_Lavalier_Microphone.wav,timbre,0.3333
lab,p104,/media/storage/hadleigh/stegaphone_data/final_rec//p104/timbre/sample_9/watermarked_lab_recording_Yeti_Stereo_Microphone.wav,timbre,0.3333
lab,p104,/media/storage/hadleigh/stegaphone_data/final_rec//p104/timbre/sample_6/watermarked_lab_recording_Fifine_USB_PnP_Audio_Device.wav,timbre,0.1000
lab,p104,/media/storage/hadleigh/stegaphone_data/final_rec//p104/timbre/sample_6/watermarked_lab_recording_iPhone_Microphone.wav,timbre,0.2000
lab,p104,/media/storage/hadleigh/stegaphone_data/final_rec//p104/timbre/sample_6/watermarked_lab_recording_USB_Lavalier_Microphone.wav,timbre,0.1667
lab,p104,/media/storage/hadleigh/stegaphone_data/final_rec//p104/timbre/sample_6/watermarked_lab_recording_Yeti_Stereo_Microphone.wav,timbre,0.1667
lab,p104,/media/storage/hadleigh/stegaphone_data/final_rec//p104/timbre/sample_1/watermarked_lab_recording_Fifine_USB_PnP_Audio_Device.wav,timbre,0.1667
lab,p104,/media/storage/hadleigh/stegaphone_data/final_rec//p104/timbre/sample_1/watermarked_lab_recording_iPhone_Microphone.wav,timbre,0.2667
lab,p104,/media/storage/hadleigh/stegaphone_data/final_rec//p104/timbre/sample_1/watermarked_lab_recording_USB_Lavalier_Microphone.wav,timbre,0.2667
lab,p104,/media/storage/hadleigh/stegaphone_data/final_rec//p104/timbre/sample_1/watermarked_lab_recording_Yeti_Stereo_Microphone.wav,timbre,0.2667
lab,p105,/media/storage/hadleigh/stegaphone_data/final_rec//p105/timbre/sample_7/watermarked_lab_recording_Fifine_USB_PnP_Audio_Device.wav,timbre,0.2333
lab,p105,/media/storage/hadleigh/stegaphone_data/final_rec//p105/timbre/sample_7/watermarked_lab_recording_iPhone_Microphone.wav,timbre,0.1667
lab,p105,/media/storage/hadleigh/stegaphone_data/final_rec//p105/timbre/sample_7/watermarked_lab_recording_USB_Lavalier_Microphone.wav,timbre,0.3000
lab,p105,/media/storage/hadleigh/stegaphone_data/final_rec//p105/timbre/sample_7/watermarked_lab_recording_Yeti_Stereo_Microphone.wav,timbre,0.2333
lab,p105,/media/storage/hadleigh/stegaphone_data/final_rec//p105/timbre/sample_2/watermarked_lab_recording_Fifine_USB_PnP_Audio_Device.wav,timbre,0.2000
lab,p105,/media/storage/hadleigh/stegaphone_data/final_rec//p105/timbre/sample_2/watermarked_lab_recording_iPhone_Microphone.wav,timbre,0.3333
lab,p105,/media/storage/hadleigh/stegaphone_data/final_rec//p105/timbre/sample_2/watermarked_lab_recording_USB_Lavalier_Microphone.wav,timbre,0.3333
lab,p105,/media/storage/hadleigh/stegaphone_data/final_rec//p105/timbre/sample_2/watermarked_lab_recording_Yeti_Stereo_Microphone.wav,timbre,0.3333
lab,p105,/media/storage/hadleigh/stegaphone_data/final_rec//p105/timbre/sample_3/watermarked_lab_recording_Fifine_USB_PnP_Audio_Device.wav,timbre,0.2333
lab,p105,/media/storage/hadleigh/stegaphone_data/final_rec//p105/timbre/sample_3/watermarked_lab_recording_iPhone_Microphone.wav,timbre,0.4000
lab,p105,/media/storage/hadleigh/stegaphone_data/final_rec//p105/timbre/sample_3/watermarked_lab_recording_USB_Lavalier_Microphone.wav,timbre,0.2667
lab,p105,/media/storage/hadleigh/stegaphone_data/final_rec//p105/timbre/sample_3/watermarked_lab_recording_Yeti_Stereo_Microphone.wav,timbre,0.3333
lab,p105,/media/storage/hadleigh/stegaphone_data/final_rec//p105/timbre/sample_5/watermarked_lab_recording_Fifine_USB_PnP_Audio_Device.wav,timbre,0.1333
lab,p105,/media/storage/hadleigh/stegaphone_data/final_rec//p105/timbre/sample_5/watermarked_lab_recording_iPhone_Microphone.wav,timbre,0.1667
lab,p105,/media/storage/hadleigh/stegaphone_data/final_rec//p105/timbre/sample_5/watermarked_lab_recording_USB_Lavalier_Microphone.wav,timbre,0.1667
lab,p105,/media/storage/hadleigh/stegaphone_data/final_rec//p105/timbre/sample_5/watermarked_lab_recording_Yeti_Stereo_Microphone.wav,timbre,0.1333
lab,p105,/media/storage/hadleigh/stegaphone_data/final_rec//p105/timbre/sample_8/watermarked_lab_recording_Fifine_USB_PnP_Audio_Device.wav,timbre,0.1667
lab,p105,/media/storage/hadleigh/stegaphone_data/final_rec//p105/timbre/sample_8/watermarked_lab_recording_iPhone_Microphone.wav,timbre,0.1000
lab,p105,/media/storage/hadleigh/stegaphone_data/final_rec//p105/timbre/sample_8/watermarked_lab_recording_USB_Lavalier_Microphone.wav,timbre,0.1667
lab,p105,/media/storage/hadleigh/stegaphone_data/final_rec//p105/timbre/sample_8/watermarked_lab_recording_Yeti_Stereo_Microphone.wav,timbre,0.2333
lab,p105,/media/storage/hadleigh/stegaphone_data/final_rec//p105/timbre/sample_10/watermarked_lab_recording_Fifine_USB_PnP_Audio_Device.wav,timbre,0.1333
lab,p105,/media/storage/hadleigh/stegaphone_data/final_rec//p105/timbre/sample_10/watermarked_lab_recording_iPhone_Microphone.wav,timbre,0.3333
lab,p105,/media/storage/hadleigh/stegaphone_data/final_rec//p105/timbre/sample_10/watermarked_lab_recording_USB_Lavalier_Microphone.wav,timbre,0.2000
lab,p105,/media/storage/hadleigh/stegaphone_data/final_rec//p105/timbre/sample_10/watermarked_lab_recording_Yeti_Stereo_Microphone.wav,timbre,0.1667
lab,p105,/media/storage/hadleigh/stegaphone_data/final_rec//p105/timbre/sample_4/watermarked_lab_recording_Fifine_USB_PnP_Audio_Device.wav,timbre,0.1333
lab,p105,/media/storage/hadleigh/stegaphone_data/final_rec//p105/timbre/sample_4/watermarked_lab_recording_iPhone_Microphone.wav,timbre,0.3333
lab,p105,/media/storage/hadleigh/stegaphone_data/final_rec//p105/timbre/sample_4/watermarked_lab_recording_USB_Lavalier_Microphone.wav,timbre,0.2333
lab,p105,/media/storage/hadleigh/stegaphone_data/final_rec//p105/timbre/sample_4/watermarked_lab_recording_Yeti_Stereo_Microphone.wav,timbre,0.2667
lab,p105,/media/storage/hadleigh/stegaphone_data/final_rec//p105/timbre/sample_9/watermarked_lab_recording_Fifine_USB_PnP_Audio_Device.wav,timbre,0.1000
lab,p105,/media/storage/hadleigh/stegaphone_data/final_rec//p105/timbre/sample_9/watermarked_lab_recording_iPhone_Microphone.wav,timbre,0.2000
lab,p105,/media/storage/hadleigh/stegaphone_data/final_rec//p105/timbre/sample_9/watermarked_lab_recording_USB_Lavalier_Microphone.wav,timbre,0.1333
lab,p105,/media/storage/hadleigh/stegaphone_data/final_rec//p105/timbre/sample_9/watermarked_lab_recording_Yeti_Stereo_Microphone.wav,timbre,0.2333
lab,p105,/media/storage/hadleigh/stegaphone_data/final_rec//p105/timbre/sample_6/watermarked_lab_recording_Fifine_USB_PnP_Audio_Device.wav,timbre,0.1333
lab,p105,/media/storage/hadleigh/stegaphone_data/final_rec//p105/timbre/sample_6/watermarked_lab_recording_iPhone_Microphone.wav,timbre,0.2333
lab,p105,/media/storage/hadleigh/stegaphone_data/final_rec//p105/timbre/sample_6/watermarked_lab_recording_USB_Lavalier_Microphone.wav,timbre,0.2333
lab,p105,/media/storage/hadleigh/stegaphone_data/final_rec//p105/timbre/sample_6/watermarked_lab_recording_Yeti_Stereo_Microphone.wav,timbre,0.3333
lab,p105,/media/storage/hadleigh/stegaphone_data/final_rec//p105/timbre/sample_1/watermarked_lab_recording_Fifine_USB_PnP_Audio_Device.wav,timbre,0.1333
lab,p105,/media/storage/hadleigh/stegaphone_data/final_rec//p105/timbre/sample_1/watermarked_lab_recording_iPhone_Microphone.wav,timbre,0.2000
lab,p105,/media/storage/hadleigh/stegaphone_data/final_rec//p105/timbre/sample_1/watermarked_lab_recording_USB_Lavalier_Microphone.wav,timbre,0.2000
lab,p105,/media/storage/hadleigh/stegaphone_data/final_rec//p105/timbre/sample_1/watermarked_lab_recording_Yeti_Stereo_Microphone.wav,timbre,0.2000
lab,p106,/media/storage/hadleigh/stegaphone_data/final_rec//p106/timbre/sample_7/watermarked_lab_recording_Fifine_USB_PnP_Audio_Device.wav,timbre,0.1667
lab,p106,/media/storage/hadleigh/stegaphone_data/final_rec//p106/timbre/sample_7/watermarked_lab_recording_iPhone_Microphone.wav,timbre,0.2000
lab,p106,/media/storage/hadleigh/stegaphone_data/final_rec//p106/timbre/sample_7/watermarked_lab_recording_USB_Lavalier_Microphone.wav,timbre,0.2000
lab,p106,/media/storage/hadleigh/stegaphone_data/final_rec//p106/timbre/sample_7/watermarked_lab_recording_Yeti_Stereo_Microphone.wav,timbre,0.2000
lab,p106,/media/storage/hadleigh/stegaphone_data/final_rec//p106/timbre/sample_2/watermarked_lab_recording_Fifine_USB_PnP_Audio_Device.wav,timbre,0.2000
lab,p106,/media/storage/hadleigh/stegaphone_data/final_rec//p106/timbre/sample_2/watermarked_lab_recording_iPhone_Microphone.wav,timbre,0.1333
lab,p106,/media/storage/hadleigh/stegaphone_data/final_rec//p106/timbre/sample_2/watermarked_lab_recording_USB_Lavalier_Microphone.wav,timbre,0.3000
lab,p106,/media/storage/hadleigh/stegaphone_data/final_rec//p106/timbre/sample_2/watermarked_lab_recording_Yeti_Stereo_Microphone.wav,timbre,0.2667
lab,p106,/media/storage/hadleigh/stegaphone_data/final_rec//p106/timbre/sample_3/watermarked_lab_recording_Fifine_USB_PnP_Audio_Device.wav,timbre,0.2000
lab,p106,/media/storage/hadleigh/stegaphone_data/final_rec//p106/timbre/sample_3/watermarked_lab_recording_iPhone_Microphone.wav,timbre,0.2000
lab,p106,/media/storage/hadleigh/stegaphone_data/final_rec//p106/timbre/sample_3/watermarked_lab_recording_USB_Lavalier_Microphone.wav,timbre,0.1667
lab,p106,/media/storage/hadleigh/stegaphone_data/final_rec//p106/timbre/sample_3/watermarked_lab_recording_Yeti_Stereo_Microphone.wav,timbre,0.1333
lab,p106,/media/storage/hadleigh/stegaphone_data/final_rec//p106/timbre/sample_5/watermarked_lab_recording_Fifine_USB_PnP_Audio_Device.wav,timbre,0.1000
lab,p106,/media/storage/hadleigh/stegaphone_data/final_rec//p106/timbre/sample_5/watermarked_lab_recording_iPhone_Microphone.wav,timbre,0.1000
lab,p106,/media/storage/hadleigh/stegaphone_data/final_rec//p106/timbre/sample_5/watermarked_lab_recording_USB_Lavalier_Microphone.wav,timbre,0.2000
lab,p106,/media/storage/hadleigh/stegaphone_data/final_rec//p106/timbre/sample_5/watermarked_lab_recording_Yeti_Stereo_Microphone.wav,timbre,0.2000
lab,p106,/media/storage/hadleigh/stegaphone_data/final_rec//p106/timbre/sample_8/watermarked_lab_recording_Fifine_USB_PnP_Audio_Device.wav,timbre,0.3000
lab,p106,/media/storage/hadleigh/stegaphone_data/final_rec//p106/timbre/sample_8/watermarked_lab_recording_iPhone_Microphone.wav,timbre,0.2000
lab,p106,/media/storage/hadleigh/stegaphone_data/final_rec//p106/timbre/sample_8/watermarked_lab_recording_USB_Lavalier_Microphone.wav,timbre,0.2000
lab,p106,/media/storage/hadleigh/stegaphone_data/final_rec//p106/timbre/sample_8/watermarked_lab_recording_Yeti_Stereo_Microphone.wav,timbre,0.1333
lab,p106,/media/storage/hadleigh/stegaphone_data/final_rec//p106/timbre/sample_10/watermarked_lab_recording_Fifine_USB_PnP_Audio_Device.wav,timbre,0.2667
lab,p106,/media/storage/hadleigh/stegaphone_data/final_rec//p106/timbre/sample_10/watermarked_lab_recording_iPhone_Microphone.wav,timbre,0.2667
lab,p106,/media/storage/hadleigh/stegaphone_data/final_rec//p106/timbre/sample_10/watermarked_lab_recording_USB_Lavalier_Microphone.wav,timbre,0.2667
lab,p106,/media/storage/hadleigh/stegaphone_data/final_rec//p106/timbre/sample_10/watermarked_lab_recording_Yeti_Stereo_Microphone.wav,timbre,0.2333
lab,p106,/media/storage/hadleigh/stegaphone_data/final_rec//p106/timbre/sample_4/watermarked_lab_recording_Fifine_USB_PnP_Audio_Device.wav,timbre,0.2667
lab,p106,/media/storage/hadleigh/stegaphone_data/final_rec//p106/timbre/sample_4/watermarked_lab_recording_iPhone_Microphone.wav,timbre,0.2000
lab,p106,/media/storage/hadleigh/stegaphone_data/final_rec//p106/timbre/sample_4/watermarked_lab_recording_USB_Lavalier_Microphone.wav,timbre,0.3333
lab,p106,/media/storage/hadleigh/stegaphone_data/final_rec//p106/timbre/sample_4/watermarked_lab_recording_Yeti_Stereo_Microphone.wav,timbre,0.3333
lab,p106,/media/storage/hadleigh/stegaphone_data/final_rec//p106/timbre/sample_9/watermarked_lab_recording_Fifine_USB_PnP_Audio_Device.wav,timbre,0.2000
lab,p106,/media/storage/hadleigh/stegaphone_data/final_rec//p106/timbre/sample_9/watermarked_lab_recording_iPhone_Microphone.wav,timbre,0.1667
lab,p106,/media/storage/hadleigh/stegaphone_data/final_rec//p106/timbre/sample_9/watermarked_lab_recording_USB_Lavalier_Microphone.wav,timbre,0.2000
lab,p106,/media/storage/hadleigh/stegaphone_data/final_rec//p106/timbre/sample_9/watermarked_lab_recording_Yeti_Stereo_Microphone.wav,timbre,0.2333
lab,p106,/media/storage/hadleigh/stegaphone_data/final_rec//p106/timbre/sample_6/watermarked_lab_recording_Fifine_USB_PnP_Audio_Device.wav,timbre,0.1667
lab,p106,/media/storage/hadleigh/stegaphone_data/final_rec//p106/timbre/sample_6/watermarked_lab_recording_iPhone_Microphone.wav,timbre,0.1667
lab,p106,/media/storage/hadleigh/stegaphone_data/final_rec//p106/timbre/sample_6/watermarked_lab_recording_USB_Lavalier_Microphone.wav,timbre,0.2333
lab,p106,/media/storage/hadleigh/stegaphone_data/final_rec//p106/timbre/sample_6/watermarked_lab_recording_Yeti_Stereo_Microphone.wav,timbre,0.1333
lab,p106,/media/storage/hadleigh/stegaphone_data/final_rec//p106/timbre/sample_1/watermarked_lab_recording_Fifine_USB_PnP_Audio_Device.wav,timbre,0.1333
lab,p106,/media/storage/hadleigh/stegaphone_data/final_rec//p106/timbre/sample_1/watermarked_lab_recording_iPhone_Microphone.wav,timbre,0.1333
lab,p106,/media/storage/hadleigh/stegaphone_data/final_rec//p106/timbre/sample_1/watermarked_lab_recording_USB_Lavalier_Microphone.wav,timbre,0.2000
lab,p106,/media/storage/hadleigh/stegaphone_data/final_rec//p106/timbre/sample_1/watermarked_lab_recording_Yeti_Stereo_Microphone.wav,timbre,0.2000
lab,p107,/media/storage/hadleigh/stegaphone_data/final_rec//p107/timbre/sample_7/watermarked_lab_recording_Fifine_USB_PnP_Audio_Device.wav,timbre,0.1333
lab,p107,/media/storage/hadleigh/stegaphone_data/final_rec//p107/timbre/sample_7/watermarked_lab_recording_iPhone_Microphone.wav,timbre,0.1333
lab,p107,/media/storage/hadleigh/stegaphone_data/final_rec//p107/timbre/sample_7/watermarked_lab_recording_USB_Lavalier_Microphone.wav,timbre,0.3667
lab,p107,/media/storage/hadleigh/stegaphone_data/final_rec//p107/timbre/sample_7/watermarked_lab_recording_Yeti_Stereo_Microphone.wav,timbre,0.1333
lab,p107,/media/storage/hadleigh/stegaphone_data/final_rec//p107/timbre/sample_2/watermarked_lab_recording_Fifine_USB_PnP_Audio_Device.wav,timbre,0.1667
lab,p107,/media/storage/hadleigh/stegaphone_data/final_rec//p107/timbre/sample_2/watermarked_lab_recording_iPhone_Microphone.wav,timbre,0.2333
lab,p107,/media/storage/hadleigh/stegaphone_data/final_rec//p107/timbre/sample_2/watermarked_lab_recording_USB_Lavalier_Microphone.wav,timbre,0.6000
lab,p107,/media/storage/hadleigh/stegaphone_data/final_rec//p107/timbre/sample_2/watermarked_lab_recording_Yeti_Stereo_Microphone.wav,timbre,0.5667
lab,p107,/media/storage/hadleigh/stegaphone_data/final_rec//p107/timbre/sample_3/watermarked_lab_recording_Fifine_USB_PnP_Audio_Device.wav,timbre,0.1333
lab,p107,/media/storage/hadleigh/stegaphone_data/final_rec//p107/timbre/sample_3/watermarked_lab_recording_iPhone_Microphone.wav,timbre,0.1000
lab,p107,/media/storage/hadleigh/stegaphone_data/final_rec//p107/timbre/sample_3/watermarked_lab_recording_USB_Lavalier_Microphone.wav,timbre,0.3000
lab,p107,/media/storage/hadleigh/stegaphone_data/final_rec//p107/timbre/sample_3/watermarked_lab_recording_Yeti_Stereo_Microphone.wav,timbre,0.2000
lab,p107,/media/storage/hadleigh/stegaphone_data/final_rec//p107/timbre/sample_5/watermarked_lab_recording_Fifine_USB_PnP_Audio_Device.wav,timbre,0.2333
lab,p107,/media/storage/hadleigh/stegaphone_data/final_rec//p107/timbre/sample_5/watermarked_lab_recording_iPhone_Microphone.wav,timbre,0.1333
lab,p107,/media/storage/hadleigh/stegaphone_data/final_rec//p107/timbre/sample_5/watermarked_lab_recording_USB_Lavalier_Microphone.wav,timbre,0.5000
lab,p107,/media/storage/hadleigh/stegaphone_data/final_rec//p107/timbre/sample_5/watermarked_lab_recording_Yeti_Stereo_Microphone.wav,timbre,0.3000
lab,p107,/media/storage/hadleigh/stegaphone_data/final_rec//p107/timbre/sample_8/watermarked_lab_recording_Fifine_USB_PnP_Audio_Device.wav,timbre,0.0667
lab,p107,/media/storage/hadleigh/stegaphone_data/final_rec//p107/timbre/sample_8/watermarked_lab_recording_iPhone_Microphone.wav,timbre,0.1667
lab,p107,/media/storage/hadleigh/stegaphone_data/final_rec//p107/timbre/sample_8/watermarked_lab_recording_USB_Lavalier_Microphone.wav,timbre,0.2667
lab,p107,/media/storage/hadleigh/stegaphone_data/final_rec//p107/timbre/sample_8/watermarked_lab_recording_Yeti_Stereo_Microphone.wav,timbre,0.1333
lab,p107,/media/storage/hadleigh/stegaphone_data/final_rec//p107/timbre/sample_10/watermarked_lab_recording_Fifine_USB_PnP_Audio_Device.wav,timbre,0.1667
lab,p107,/media/storage/hadleigh/stegaphone_data/final_rec//p107/timbre/sample_10/watermarked_lab_recording_iPhone_Microphone.wav,timbre,0.1333
lab,p107,/media/storage/hadleigh/stegaphone_data/final_rec//p107/timbre/sample_10/watermarked_lab_recording_USB_Lavalier_Microphone.wav,timbre,0.3333
lab,p107,/media/storage/hadleigh/stegaphone_data/final_rec//p107/timbre/sample_10/watermarked_lab_recording_Yeti_Stereo_Microphone.wav,timbre,0.2000
lab,p107,/media/storage/hadleigh/stegaphone_data/final_rec//p107/timbre/sample_4/watermarked_lab_recording_Fifine_USB_PnP_Audio_Device.wav,timbre,0.1667
lab,p107,/media/storage/hadleigh/stegaphone_data/final_rec//p107/timbre/sample_4/watermarked_lab_recording_iPhone_Microphone.wav,timbre,0.3000
lab,p107,/media/storage/hadleigh/stegaphone_data/final_rec//p107/timbre/sample_4/watermarked_lab_recording_USB_Lavalier_Microphone.wav,timbre,0.5333
lab,p107,/media/storage/hadleigh/stegaphone_data/final_rec//p107/timbre/sample_4/watermarked_lab_recording_Yeti_Stereo_Microphone.wav,timbre,0.3000
lab,p107,/media/storage/hadleigh/stegaphone_data/final_rec//p107/timbre/sample_9/watermarked_lab_recording_Fifine_USB_PnP_Audio_Device.wav,timbre,0.2667
lab,p107,/media/storage/hadleigh/stegaphone_data/final_rec//p107/timbre/sample_9/watermarked_lab_recording_iPhone_Microphone.wav,timbre,0.2667
lab,p107,/media/storage/hadleigh/stegaphone_data/final_rec//p107/timbre/sample_9/watermarked_lab_recording_USB_Lavalier_Microphone.wav,timbre,0.4000
lab,p107,/media/storage/hadleigh/stegaphone_data/final_rec//p107/timbre/sample_9/watermarked_lab_recording_Yeti_Stereo_Microphone.wav,timbre,0.3333
lab,p107,/media/storage/hadleigh/stegaphone_data/final_rec//p107/timbre/sample_6/watermarked_lab_recording_Fifine_USB_PnP_Audio_Device.wav,timbre,0.1667
lab,p107,/media/storage/hadleigh/stegaphone_data/final_rec//p107/timbre/sample_6/watermarked_lab_recording_iPhone_Microphone.wav,timbre,0.1667
lab,p107,/media/storage/hadleigh/stegaphone_data/final_rec//p107/timbre/sample_6/watermarked_lab_recording_USB_Lavalier_Microphone.wav,timbre,0.5667
lab,p107,/media/storage/hadleigh/stegaphone_data/final_rec//p107/timbre/sample_6/watermarked_lab_recording_Yeti_Stereo_Microphone.wav,timbre,0.2333
lab,p107,/media/storage/hadleigh/stegaphone_data/final_rec//p107/timbre/sample_1/watermarked_lab_recording_Fifine_USB_PnP_Audio_Device.wav,timbre,0.5667
lab,p107,/media/storage/hadleigh/stegaphone_data/final_rec//p107/timbre/sample_1/watermarked_lab_recording_iPhone_Microphone.wav,timbre,0.5000
lab,p107,/media/storage/hadleigh/stegaphone_data/final_rec//p107/timbre/sample_1/watermarked_lab_recording_USB_Lavalier_Microphone.wav,timbre,0.5333
lab,p107,/media/storage/hadleigh/stegaphone_data/final_rec//p107/timbre/sample_1/watermarked_lab_recording_Yeti_Stereo_Microphone.wav,timbre,0.5000
outside1,p102,/media/storage/hadleigh/stegaphone_data/final_rec//p102/timbre/sample_7/watermarked_outside1_recording_USB_Lavalier_Microphone.wav,timbre,0.6333
outside1,p102,/media/storage/hadleigh/stegaphone_data/final_rec//p102/timbre/sample_7/watermarked_outside1_recording_iPhone_Microphone.wav,timbre,0.6333
outside1,p102,/media/storage/hadleigh/stegaphone_data/final_rec//p102/timbre/sample_7/watermarked_outside1_recording_Yeti_Stereo_Microphone.wav,timbre,0.6333
outside1,p102,/media/storage/hadleigh/stegaphone_data/final_rec//p102/timbre/sample_7/watermarked_outside1_recording_Fifine_USB_PnP_Audio_Device.wav,timbre,0.6667
outside1,p102,/media/storage/hadleigh/stegaphone_data/final_rec//p102/timbre/sample_2/watermarked_outside1_recording_USB_Lavalier_Microphone.wav,timbre,0.4333
outside1,p102,/media/storage/hadleigh/stegaphone_data/final_rec//p102/timbre/sample_2/watermarked_outside1_recording_iPhone_Microphone.wav,timbre,0.4667
outside1,p102,/media/storage/hadleigh/stegaphone_data/final_rec//p102/timbre/sample_2/watermarked_outside1_recording_Yeti_Stereo_Microphone.wav,timbre,0.4333
outside1,p102,/media/storage/hadleigh/stegaphone_data/final_rec//p102/timbre/sample_2/watermarked_outside1_recording_Fifine_USB_PnP_Audio_Device.wav,timbre,0.5000
outside1,p102,/media/storage/hadleigh/stegaphone_data/final_rec//p102/timbre/sample_3/watermarked_outside1_recording_USB_Lavalier_Microphone.wav,timbre,0.5000
outside1,p102,/media/storage/hadleigh/stegaphone_data/final_rec//p102/timbre/sample_3/watermarked_outside1_recording_iPhone_Microphone.wav,timbre,0.4667
outside1,p102,/media/storage/hadleigh/stegaphone_data/final_rec//p102/timbre/sample_3/watermarked_outside1_recording_Yeti_Stereo_Microphone.wav,timbre,0.5000
outside1,p102,/media/storage/hadleigh/stegaphone_data/final_rec//p102/timbre/sample_3/watermarked_outside1_recording_Fifine_USB_PnP_Audio_Device.wav,timbre,0.5000
outside1,p102,/media/storage/hadleigh/stegaphone_data/final_rec//p102/timbre/sample_5/watermarked_outside1_recording_USB_Lavalier_Microphone.wav,timbre,0.4667
outside1,p102,/media/storage/hadleigh/stegaphone_data/final_rec//p102/timbre/sample_5/watermarked_outside1_recording_iPhone_Microphone.wav,timbre,0.4667
outside1,p102,/media/storage/hadleigh/stegaphone_data/final_rec//p102/timbre/sample_5/watermarked_outside1_recording_Yeti_Stereo_Microphone.wav,timbre,0.4667
outside1,p102,/media/storage/hadleigh/stegaphone_data/final_rec//p102/timbre/sample_5/watermarked_outside1_recording_Fifine_USB_PnP_Audio_Device.wav,timbre,0.5000
outside1,p102,/media/storage/hadleigh/stegaphone_data/final_rec//p102/timbre/sample_8/watermarked_outside1_recording_USB_Lavalier_Microphone.wav,timbre,0.2667
outside1,p102,/media/storage/hadleigh/stegaphone_data/final_rec//p102/timbre/sample_8/watermarked_outside1_recording_iPhone_Microphone.wav,timbre,0.2667
outside1,p102,/media/storage/hadleigh/stegaphone_data/final_rec//p102/timbre/sample_8/watermarked_outside1_recording_Yeti_Stereo_Microphone.wav,timbre,0.3000
outside1,p102,/media/storage/hadleigh/stegaphone_data/final_rec//p102/timbre/sample_8/watermarked_outside1_recording_Fifine_USB_PnP_Audio_Device.wav,timbre,0.3000
outside1,p102,/media/storage/hadleigh/stegaphone_data/final_rec//p102/timbre/sample_10/watermarked_outside1_recording_USB_Lavalier_Microphone.wav,timbre,0.4667
outside1,p102,/media/storage/hadleigh/stegaphone_data/final_rec//p102/timbre/sample_10/watermarked_outside1_recording_iPhone_Microphone.wav,timbre,0.4667
outside1,p102,/media/storage/hadleigh/stegaphone_data/final_rec//p102/timbre/sample_10/watermarked_outside1_recording_Yeti_Stereo_Microphone.wav,timbre,0.4667
outside1,p102,/media/storage/hadleigh/stegaphone_data/final_rec//p102/timbre/sample_10/watermarked_outside1_recording_Fifine_USB_PnP_Audio_Device.wav,timbre,0.4667
outside1,p102,/media/storage/hadleigh/stegaphone_data/final_rec//p102/timbre/sample_4/watermarked_outside1_recording_USB_Lavalier_Microphone.wav,timbre,0.7000
outside1,p102,/media/storage/hadleigh/stegaphone_data/final_rec//p102/timbre/sample_4/watermarked_outside1_recording_iPhone_Microphone.wav,timbre,0.7000
outside1,p102,/media/storage/hadleigh/stegaphone_data/final_rec//p102/timbre/sample_4/watermarked_outside1_recording_Yeti_Stereo_Microphone.wav,timbre,0.6667
outside1,p102,/media/storage/hadleigh/stegaphone_data/final_rec//p102/timbre/sample_4/watermarked_outside1_recording_Fifine_USB_PnP_Audio_Device.wav,timbre,0.7000
outside1,p102,/media/storage/hadleigh/stegaphone_data/final_rec//p102/timbre/sample_9/watermarked_outside1_recording_USB_Lavalier_Microphone.wav,timbre,0.3000
outside1,p102,/media/storage/hadleigh/stegaphone_data/final_rec//p102/timbre/sample_9/watermarked_outside1_recording_iPhone_Microphone.wav,timbre,0.3000
outside1,p102,/media/storage/hadleigh/stegaphone_data/final_rec//p102/timbre/sample_9/watermarked_outside1_recording_Yeti_Stereo_Microphone.wav,timbre,0.3000
outside1,p102,/media/storage/hadleigh/stegaphone_data/final_rec//p102/timbre/sample_9/watermarked_outside1_recording_Fifine_USB_PnP_Audio_Device.wav,timbre,0.3000
outside1,p102,/media/storage/hadleigh/stegaphone_data/final_rec//p102/timbre/sample_6/watermarked_outside1_recording_USB_Lavalier_Microphone.wav,timbre,0.5667
outside1,p102,/media/storage/hadleigh/stegaphone_data/final_rec//p102/timbre/sample_6/watermarked_outside1_recording_iPhone_Microphone.wav,timbre,0.6000
outside1,p102,/media/storage/hadleigh/stegaphone_data/final_rec//p102/timbre/sample_6/watermarked_outside1_recording_Yeti_Stereo_Microphone.wav,timbre,0.5667
outside1,p102,/media/storage/hadleigh/stegaphone_data/final_rec//p102/timbre/sample_6/watermarked_outside1_recording_Fifine_USB_PnP_Audio_Device.wav,timbre,0.6000
outside1,p102,/media/storage/hadleigh/stegaphone_data/final_rec//p102/timbre/sample_1/watermarked_outside1_recording_USB_Lavalier_Microphone.wav,timbre,0.6000
outside1,p102,/media/storage/hadleigh/stegaphone_data/final_rec//p102/timbre/sample_1/watermarked_outside1_recording_iPhone_Microphone.wav,timbre,0.6000
outside1,p102,/media/storage/hadleigh/stegaphone_data/final_rec//p102/timbre/sample_1/watermarked_outside1_recording_Yeti_Stereo_Microphone.wav,timbre,0.6667
outside1,p102,/media/storage/hadleigh/stegaphone_data/final_rec//p102/timbre/sample_1/watermarked_outside1_recording_Fifine_USB_PnP_Audio_Device.wav,timbre,0.6667
outside1,p103,/media/storage/hadleigh/stegaphone_data/final_rec//p103/timbre/sample_7/watermarked_outside1_recording_USB_Lavalier_Microphone.wav,timbre,0.4667
outside1,p103,/media/storage/hadleigh/stegaphone_data/final_rec//p103/timbre/sample_7/watermarked_outside1_recording_iPhone_Microphone.wav,timbre,0.4667
outside1,p103,/media/storage/hadleigh/stegaphone_data/final_rec//p103/timbre/sample_7/watermarked_outside1_recording_Yeti_Stereo_Microphone.wav,timbre,0.4667
outside1,p103,/media/storage/hadleigh/stegaphone_data/final_rec//p103/timbre/sample_7/watermarked_outside1_recording_Fifine_USB_PnP_Audio_Device.wav,timbre,0.4667
outside1,p103,/media/storage/hadleigh/stegaphone_data/final_rec//p103/timbre/sample_2/watermarked_outside1_recording_USB_Lavalier_Microphone.wav,timbre,0.4000
outside1,p103,/media/storage/hadleigh/stegaphone_data/final_rec//p103/timbre/sample_2/watermarked_outside1_recording_iPhone_Microphone.wav,timbre,0.4000
outside1,p103,/media/storage/hadleigh/stegaphone_data/final_rec//p103/timbre/sample_2/watermarked_outside1_recording_Yeti_Stereo_Microphone.wav,timbre,0.4333
outside1,p103,/media/storage/hadleigh/stegaphone_data/final_rec//p103/timbre/sample_2/watermarked_outside1_recording_Fifine_USB_PnP_Audio_Device.wav,timbre,0.4000
outside1,p103,/media/storage/hadleigh/stegaphone_data/final_rec//p103/timbre/sample_3/watermarked_outside1_recording_USB_Lavalier_Microphone.wav,timbre,0.4667
outside1,p103,/media/storage/hadleigh/stegaphone_data/final_rec//p103/timbre/sample_3/watermarked_outside1_recording_iPhone_Microphone.wav,timbre,0.4333
outside1,p103,/media/storage/hadleigh/stegaphone_data/final_rec//p103/timbre/sample_3/watermarked_outside1_recording_Yeti_Stereo_Microphone.wav,timbre,0.5000
outside1,p103,/media/storage/hadleigh/stegaphone_data/final_rec//p103/timbre/sample_3/watermarked_outside1_recording_Fifine_USB_PnP_Audio_Device.wav,timbre,0.5333
outside1,p103,/media/storage/hadleigh/stegaphone_data/final_rec//p103/timbre/sample_5/watermarked_outside1_recording_USB_Lavalier_Microphone.wav,timbre,0.5667
outside1,p103,/media/storage/hadleigh/stegaphone_data/final_rec//p103/timbre/sample_5/watermarked_outside1_recording_iPhone_Microphone.wav,timbre,0.5667
outside1,p103,/media/storage/hadleigh/stegaphone_data/final_rec//p103/timbre/sample_5/watermarked_outside1_recording_Yeti_Stereo_Microphone.wav,timbre,0.5667
outside1,p103,/media/storage/hadleigh/stegaphone_data/final_rec//p103/timbre/sample_5/watermarked_outside1_recording_Fifine_USB_PnP_Audio_Device.wav,timbre,0.5667
outside1,p103,/media/storage/hadleigh/stegaphone_data/final_rec//p103/timbre/sample_8/watermarked_outside1_recording_USB_Lavalier_Microphone.wav,timbre,0.3000
outside1,p103,/media/storage/hadleigh/stegaphone_data/final_rec//p103/timbre/sample_8/watermarked_outside1_recording_iPhone_Microphone.wav,timbre,0.3000
outside1,p103,/media/storage/hadleigh/stegaphone_data/final_rec//p103/timbre/sample_8/watermarked_outside1_recording_Yeti_Stereo_Microphone.wav,timbre,0.3333
outside1,p103,/media/storage/hadleigh/stegaphone_data/final_rec//p103/timbre/sample_8/watermarked_outside1_recording_Fifine_USB_PnP_Audio_Device.wav,timbre,0.3667
outside1,p103,/media/storage/hadleigh/stegaphone_data/final_rec//p103/timbre/sample_10/watermarked_outside1_recording_USB_Lavalier_Microphone.wav,timbre,0.4000
outside1,p103,/media/storage/hadleigh/stegaphone_data/final_rec//p103/timbre/sample_10/watermarked_outside1_recording_iPhone_Microphone.wav,timbre,0.4000
outside1,p103,/media/storage/hadleigh/stegaphone_data/final_rec//p103/timbre/sample_10/watermarked_outside1_recording_Yeti_Stereo_Microphone.wav,timbre,0.4333
outside1,p103,/media/storage/hadleigh/stegaphone_data/final_rec//p103/timbre/sample_10/watermarked_outside1_recording_Fifine_USB_PnP_Audio_Device.wav,timbre,0.4333
outside1,p103,/media/storage/hadleigh/stegaphone_data/final_rec//p103/timbre/sample_4/watermarked_outside1_recording_USB_Lavalier_Microphone.wav,timbre,0.4333
outside1,p103,/media/storage/hadleigh/stegaphone_data/final_rec//p103/timbre/sample_4/watermarked_outside1_recording_iPhone_Microphone.wav,timbre,0.3333
outside1,p103,/media/storage/hadleigh/stegaphone_data/final_rec//p103/timbre/sample_4/watermarked_outside1_recording_Yeti_Stereo_Microphone.wav,timbre,0.5000
outside1,p103,/media/storage/hadleigh/stegaphone_data/final_rec//p103/timbre/sample_4/watermarked_outside1_recording_Fifine_USB_PnP_Audio_Device.wav,timbre,0.4667
outside1,p103,/media/storage/hadleigh/stegaphone_data/final_rec//p103/timbre/sample_9/watermarked_outside1_recording_USB_Lavalier_Microphone.wav,timbre,0.5667
outside1,p103,/media/storage/hadleigh/stegaphone_data/final_rec//p103/timbre/sample_9/watermarked_outside1_recording_iPhone_Microphone.wav,timbre,0.5333
outside1,p103,/media/storage/hadleigh/stegaphone_data/final_rec//p103/timbre/sample_9/watermarked_outside1_recording_Yeti_Stereo_Microphone.wav,timbre,0.5667
outside1,p103,/media/storage/hadleigh/stegaphone_data/final_rec//p103/timbre/sample_9/watermarked_outside1_recording_Fifine_USB_PnP_Audio_Device.wav,timbre,0.5333
outside1,p103,/media/storage/hadleigh/stegaphone_data/final_rec//p103/timbre/sample_6/watermarked_outside1_recording_USB_Lavalier_Microphone.wav,timbre,0.5000
outside1,p103,/media/storage/hadleigh/stegaphone_data/final_rec//p103/timbre/sample_6/watermarked_outside1_recording_iPhone_Microphone.wav,timbre,0.5000
outside1,p103,/media/storage/hadleigh/stegaphone_data/final_rec//p103/timbre/sample_6/watermarked_outside1_recording_Yeti_Stereo_Microphone.wav,timbre,0.5000
outside1,p103,/media/storage/hadleigh/stegaphone_data/final_rec//p103/timbre/sample_6/watermarked_outside1_recording_Fifine_USB_PnP_Audio_Device.wav,timbre,0.5000
outside1,p103,/media/storage/hadleigh/stegaphone_data/final_rec//p103/timbre/sample_1/watermarked_outside1_recording_USB_Lavalier_Microphone.wav,timbre,0.3000
outside1,p103,/media/storage/hadleigh/stegaphone_data/final_rec//p103/timbre/sample_1/watermarked_outside1_recording_iPhone_Microphone.wav,timbre,0.3333
outside1,p103,/media/storage/hadleigh/stegaphone_data/final_rec//p103/timbre/sample_1/watermarked_outside1_recording_Yeti_Stereo_Microphone.wav,timbre,0.3000
outside1,p103,/media/storage/hadleigh/stegaphone_data/final_rec//p103/timbre/sample_1/watermarked_outside1_recording_Fifine_USB_PnP_Audio_Device.wav,timbre,0.3333
outside1,p104,/media/storage/hadleigh/stegaphone_data/final_rec//p104/timbre/sample_7/watermarked_outside1_recording_USB_Lavalier_Microphone.wav,timbre,0.6000
outside1,p104,/media/storage/hadleigh/stegaphone_data/final_rec//p104/timbre/sample_7/watermarked_outside1_recording_iPhone_Microphone.wav,timbre,0.6000
outside1,p104,/media/storage/hadleigh/stegaphone_data/final_rec//p104/timbre/sample_7/watermarked_outside1_recording_Yeti_Stereo_Microphone.wav,timbre,0.6333
outside1,p104,/media/storage/hadleigh/stegaphone_data/final_rec//p104/timbre/sample_7/watermarked_outside1_recording_Fifine_USB_PnP_Audio_Device.wav,timbre,0.6000
outside1,p104,/media/storage/hadleigh/stegaphone_data/final_rec//p104/timbre/sample_2/watermarked_outside1_recording_USB_Lavalier_Microphone.wav,timbre,0.4667
outside1,p104,/media/storage/hadleigh/stegaphone_data/final_rec//p104/timbre/sample_2/watermarked_outside1_recording_iPhone_Microphone.wav,timbre,0.4333
outside1,p104,/media/storage/hadleigh/stegaphone_data/final_rec//p104/timbre/sample_2/watermarked_outside1_recording_Yeti_Stereo_Microphone.wav,timbre,0.4667
outside1,p104,/media/storage/hadleigh/stegaphone_data/final_rec//p104/timbre/sample_2/watermarked_outside1_recording_Fifine_USB_PnP_Audio_Device.wav,timbre,0.4667
outside1,p104,/media/storage/hadleigh/stegaphone_data/final_rec//p104/timbre/sample_3/watermarked_outside1_recording_USB_Lavalier_Microphone.wav,timbre,0.6667
outside1,p104,/media/storage/hadleigh/stegaphone_data/final_rec//p104/timbre/sample_3/watermarked_outside1_recording_iPhone_Microphone.wav,timbre,0.6667
outside1,p104,/media/storage/hadleigh/stegaphone_data/final_rec//p104/timbre/sample_3/watermarked_outside1_recording_Yeti_Stereo_Microphone.wav,timbre,0.6667
outside1,p104,/media/storage/hadleigh/stegaphone_data/final_rec//p104/timbre/sample_3/watermarked_outside1_recording_Fifine_USB_PnP_Audio_Device.wav,timbre,0.6667
outside1,p104,/media/storage/hadleigh/stegaphone_data/final_rec//p104/timbre/sample_5/watermarked_outside1_recording_USB_Lavalier_Microphone.wav,timbre,0.6333
outside1,p104,/media/storage/hadleigh/stegaphone_data/final_rec//p104/timbre/sample_5/watermarked_outside1_recording_iPhone_Microphone.wav,timbre,0.5667
outside1,p104,/media/storage/hadleigh/stegaphone_data/final_rec//p104/timbre/sample_5/watermarked_outside1_recording_Yeti_Stereo_Microphone.wav,timbre,0.6667
outside1,p104,/media/storage/hadleigh/stegaphone_data/final_rec//p104/timbre/sample_5/watermarked_outside1_recording_Fifine_USB_PnP_Audio_Device.wav,timbre,0.6667
outside1,p104,/media/storage/hadleigh/stegaphone_data/final_rec//p104/timbre/sample_8/watermarked_outside1_recording_USB_Lavalier_Microphone.wav,timbre,0.6333
outside1,p104,/media/storage/hadleigh/stegaphone_data/final_rec//p104/timbre/sample_8/watermarked_outside1_recording_iPhone_Microphone.wav,timbre,0.6333
outside1,p104,/media/storage/hadleigh/stegaphone_data/final_rec//p104/timbre/sample_8/watermarked_outside1_recording_Yeti_Stereo_Microphone.wav,timbre,0.6333
outside1,p104,/media/storage/hadleigh/stegaphone_data/final_rec//p104/timbre/sample_8/watermarked_outside1_recording_Fifine_USB_PnP_Audio_Device.wav,timbre,0.6667
outside1,p104,/media/storage/hadleigh/stegaphone_data/final_rec//p104/timbre/sample_10/watermarked_outside1_recording_USB_Lavalier_Microphone.wav,timbre,0.3667
outside1,p104,/media/storage/hadleigh/stegaphone_data/final_rec//p104/timbre/sample_10/watermarked_outside1_recording_iPhone_Microphone.wav,timbre,0.3667
outside1,p104,/media/storage/hadleigh/stegaphone_data/final_rec//p104/timbre/sample_10/watermarked_outside1_recording_Yeti_Stereo_Microphone.wav,timbre,0.4000
outside1,p104,/media/storage/hadleigh/stegaphone_data/final_rec//p104/timbre/sample_10/watermarked_outside1_recording_Fifine_USB_PnP_Audio_Device.wav,timbre,0.4000
outside1,p104,/media/storage/hadleigh/stegaphone_data/final_rec//p104/timbre/sample_4/watermarked_outside1_recording_USB_Lavalier_Microphone.wav,timbre,0.4667
outside1,p104,/media/storage/hadleigh/stegaphone_data/final_rec//p104/timbre/sample_4/watermarked_outside1_recording_iPhone_Microphone.wav,timbre,0.4667
outside1,p104,/media/storage/hadleigh/stegaphone_data/final_rec//p104/timbre/sample_4/watermarked_outside1_recording_Yeti_Stereo_Microphone.wav,timbre,0.4667
outside1,p104,/media/storage/hadleigh/stegaphone_data/final_rec//p104/timbre/sample_4/watermarked_outside1_recording_Fifine_USB_PnP_Audio_Device.wav,timbre,0.4667
outside1,p104,/media/storage/hadleigh/stegaphone_data/final_rec//p104/timbre/sample_9/watermarked_outside1_recording_USB_Lavalier_Microphone.wav,timbre,0.3667
outside1,p104,/media/storage/hadleigh/stegaphone_data/final_rec//p104/timbre/sample_9/watermarked_outside1_recording_iPhone_Microphone.wav,timbre,0.3667
outside1,p104,/media/storage/hadleigh/stegaphone_data/final_rec//p104/timbre/sample_9/watermarked_outside1_recording_Yeti_Stereo_Microphone.wav,timbre,0.3667
outside1,p104,/media/storage/hadleigh/stegaphone_data/final_rec//p104/timbre/sample_9/watermarked_outside1_recording_Fifine_USB_PnP_Audio_Device.wav,timbre,0.3667
outside1,p104,/media/storage/hadleigh/stegaphone_data/final_rec//p104/timbre/sample_6/watermarked_outside1_recording_USB_Lavalier_Microphone.wav,timbre,0.4000
outside1,p104,/media/storage/hadleigh/stegaphone_data/final_rec//p104/timbre/sample_6/watermarked_outside1_recording_iPhone_Microphone.wav,timbre,0.4333
outside1,p104,/media/storage/hadleigh/stegaphone_data/final_rec//p104/timbre/sample_6/watermarked_outside1_recording_Yeti_Stereo_Microphone.wav,timbre,0.4333
outside1,p104,/media/storage/hadleigh/stegaphone_data/final_rec//p104/timbre/sample_6/watermarked_outside1_recording_Fifine_USB_PnP_Audio_Device.wav,timbre,0.4333
outside1,p104,/media/storage/hadleigh/stegaphone_data/final_rec//p104/timbre/sample_1/watermarked_outside1_recording_USB_Lavalier_Microphone.wav,timbre,0.4667
outside1,p104,/media/storage/hadleigh/stegaphone_data/final_rec//p104/timbre/sample_1/watermarked_outside1_recording_iPhone_Microphone.wav,timbre,0.5000
outside1,p104,/media/storage/hadleigh/stegaphone_data/final_rec//p104/timbre/sample_1/watermarked_outside1_recording_Yeti_Stereo_Microphone.wav,timbre,0.5000
outside1,p104,/media/storage/hadleigh/stegaphone_data/final_rec//p104/timbre/sample_1/watermarked_outside1_recording_Fifine_USB_PnP_Audio_Device.wav,timbre,0.5000
outside1,p105,/media/storage/hadleigh/stegaphone_data/final_rec//p105/timbre/sample_7/watermarked_outside1_recording_USB_Lavalier_Microphone.wav,timbre,0.6667
outside1,p105,/media/storage/hadleigh/stegaphone_data/final_rec//p105/timbre/sample_7/watermarked_outside1_recording_iPhone_Microphone.wav,timbre,0.6333
outside1,p105,/media/storage/hadleigh/stegaphone_data/final_rec//p105/timbre/sample_7/watermarked_outside1_recording_Yeti_Stereo_Microphone.wav,timbre,0.6667
outside1,p105,/media/storage/hadleigh/stegaphone_data/final_rec//p105/timbre/sample_7/watermarked_outside1_recording_Fifine_USB_PnP_Audio_Device.wav,timbre,0.6667
outside1,p105,/media/storage/hadleigh/stegaphone_data/final_rec//p105/timbre/sample_2/watermarked_outside1_recording_USB_Lavalier_Microphone.wav,timbre,0.4333
outside1,p105,/media/storage/hadleigh/stegaphone_data/final_rec//p105/timbre/sample_2/watermarked_outside1_recording_iPhone_Microphone.wav,timbre,0.4333
outside1,p105,/media/storage/hadleigh/stegaphone_data/final_rec//p105/timbre/sample_2/watermarked_outside1_recording_Yeti_Stereo_Microphone.wav,timbre,0.4333
outside1,p105,/media/storage/hadleigh/stegaphone_data/final_rec//p105/timbre/sample_2/watermarked_outside1_recording_Fifine_USB_PnP_Audio_Device.wav,timbre,0.4000
outside1,p105,/media/storage/hadleigh/stegaphone_data/final_rec//p105/timbre/sample_3/watermarked_outside1_recording_USB_Lavalier_Microphone.wav,timbre,0.5667
outside1,p105,/media/storage/hadleigh/stegaphone_data/final_rec//p105/timbre/sample_3/watermarked_outside1_recording_iPhone_Microphone.wav,timbre,0.5667
outside1,p105,/media/storage/hadleigh/stegaphone_data/final_rec//p105/timbre/sample_3/watermarked_outside1_recording_Yeti_Stereo_Microphone.wav,timbre,0.6000
outside1,p105,/media/storage/hadleigh/stegaphone_data/final_rec//p105/timbre/sample_3/watermarked_outside1_recording_Fifine_USB_PnP_Audio_Device.wav,timbre,0.6000
outside1,p105,/media/storage/hadleigh/stegaphone_data/final_rec//p105/timbre/sample_5/watermarked_outside1_recording_USB_Lavalier_Microphone.wav,timbre,0.4000
outside1,p105,/media/storage/hadleigh/stegaphone_data/final_rec//p105/timbre/sample_5/watermarked_outside1_recording_iPhone_Microphone.wav,timbre,0.4000
outside1,p105,/media/storage/hadleigh/stegaphone_data/final_rec//p105/timbre/sample_5/watermarked_outside1_recording_Yeti_Stereo_Microphone.wav,timbre,0.4000
outside1,p105,/media/storage/hadleigh/stegaphone_data/final_rec//p105/timbre/sample_5/watermarked_outside1_recording_Fifine_USB_PnP_Audio_Device.wav,timbre,0.4000
outside1,p105,/media/storage/hadleigh/stegaphone_data/final_rec//p105/timbre/sample_8/watermarked_outside1_recording_USB_Lavalier_Microphone.wav,timbre,0.4000
outside1,p105,/media/storage/hadleigh/stegaphone_data/final_rec//p105/timbre/sample_8/watermarked_outside1_recording_iPhone_Microphone.wav,timbre,0.4000
outside1,p105,/media/storage/hadleigh/stegaphone_data/final_rec//p105/timbre/sample_8/watermarked_outside1_recording_Yeti_Stereo_Microphone.wav,timbre,0.4000
outside1,p105,/media/storage/hadleigh/stegaphone_data/final_rec//p105/timbre/sample_8/watermarked_outside1_recording_Fifine_USB_PnP_Audio_Device.wav,timbre,0.4000
outside1,p105,/media/storage/hadleigh/stegaphone_data/final_rec//p105/timbre/sample_10/watermarked_outside1_recording_USB_Lavalier_Microphone.wav,timbre,0.5333
outside1,p105,/media/storage/hadleigh/stegaphone_data/final_rec//p105/timbre/sample_10/watermarked_outside1_recording_iPhone_Microphone.wav,timbre,0.4667
outside1,p105,/media/storage/hadleigh/stegaphone_data/final_rec//p105/timbre/sample_10/watermarked_outside1_recording_Yeti_Stereo_Microphone.wav,timbre,0.5333
outside1,p105,/media/storage/hadleigh/stegaphone_data/final_rec//p105/timbre/sample_10/watermarked_outside1_recording_Fifine_USB_PnP_Audio_Device.wav,timbre,0.5333
outside1,p105,/media/storage/hadleigh/stegaphone_data/final_rec//p105/timbre/sample_4/watermarked_outside1_recording_USB_Lavalier_Microphone.wav,timbre,0.5333
outside1,p105,/media/storage/hadleigh/stegaphone_data/final_rec//p105/timbre/sample_4/watermarked_outside1_recording_iPhone_Microphone.wav,timbre,0.5333
outside1,p105,/media/storage/hadleigh/stegaphone_data/final_rec//p105/timbre/sample_4/watermarked_outside1_recording_Yeti_Stereo_Microphone.wav,timbre,0.5667
outside1,p105,/media/storage/hadleigh/stegaphone_data/final_rec//p105/timbre/sample_4/watermarked_outside1_recording_Fifine_USB_PnP_Audio_Device.wav,timbre,0.5667
outside1,p105,/media/storage/hadleigh/stegaphone_data/final_rec//p105/timbre/sample_9/watermarked_outside1_recording_USB_Lavalier_Microphone.wav,timbre,0.4333
outside1,p105,/media/storage/hadleigh/stegaphone_data/final_rec//p105/timbre/sample_9/watermarked_outside1_recording_iPhone_Microphone.wav,timbre,0.4333
outside1,p105,/media/storage/hadleigh/stegaphone_data/final_rec//p105/timbre/sample_9/watermarked_outside1_recording_Yeti_Stereo_Microphone.wav,timbre,0.4333
outside1,p105,/media/storage/hadleigh/stegaphone_data/final_rec//p105/timbre/sample_9/watermarked_outside1_recording_Fifine_USB_PnP_Audio_Device.wav,timbre,0.4333
outside1,p105,/media/storage/hadleigh/stegaphone_data/final_rec//p105/timbre/sample_6/watermarked_outside1_recording_USB_Lavalier_Microphone.wav,timbre,0.4333
outside1,p105,/media/storage/hadleigh/stegaphone_data/final_rec//p105/timbre/sample_6/watermarked_outside1_recording_iPhone_Microphone.wav,timbre,0.4333
outside1,p105,/media/storage/hadleigh/stegaphone_data/final_rec//p105/timbre/sample_6/watermarked_outside1_recording_Yeti_Stereo_Microphone.wav,timbre,0.4667
outside1,p105,/media/storage/hadleigh/stegaphone_data/final_rec//p105/timbre/sample_6/watermarked_outside1_recording_Fifine_USB_PnP_Audio_Device.wav,timbre,0.4333
outside1,p105,/media/storage/hadleigh/stegaphone_data/final_rec//p105/timbre/sample_1/watermarked_outside1_recording_USB_Lavalier_Microphone.wav,timbre,0.3667
outside1,p105,/media/storage/hadleigh/stegaphone_data/final_rec//p105/timbre/sample_1/watermarked_outside1_recording_iPhone_Microphone.wav,timbre,0.3667
outside1,p105,/media/storage/hadleigh/stegaphone_data/final_rec//p105/timbre/sample_1/watermarked_outside1_recording_Yeti_Stereo_Microphone.wav,timbre,0.3667
outside1,p105,/media/storage/hadleigh/stegaphone_data/final_rec//p105/timbre/sample_1/watermarked_outside1_recording_Fifine_USB_PnP_Audio_Device.wav,timbre,0.3333
outside1,p106,/media/storage/hadleigh/stegaphone_data/final_rec//p106/timbre/sample_7/watermarked_outside1_recording_USB_Lavalier_Microphone.wav,timbre,0.5667
outside1,p106,/media/storage/hadleigh/stegaphone_data/final_rec//p106/timbre/sample_7/watermarked_outside1_recording_iPhone_Microphone.wav,timbre,0.5000
outside1,p106,/media/storage/hadleigh/stegaphone_data/final_rec//p106/timbre/sample_7/watermarked_outside1_recording_Yeti_Stereo_Microphone.wav,timbre,0.5667
outside1,p106,/media/storage/hadleigh/stegaphone_data/final_rec//p106/timbre/sample_7/watermarked_outside1_recording_Fifine_USB_PnP_Audio_Device.wav,timbre,0.5333
outside1,p106,/media/storage/hadleigh/stegaphone_data/final_rec//p106/timbre/sample_2/watermarked_outside1_recording_USB_Lavalier_Microphone.wav,timbre,0.4333
outside1,p106,/media/storage/hadleigh/stegaphone_data/final_rec//p106/timbre/sample_2/watermarked_outside1_recording_iPhone_Microphone.wav,timbre,0.4667
outside1,p106,/media/storage/hadleigh/stegaphone_data/final_rec//p106/timbre/sample_2/watermarked_outside1_recording_Yeti_Stereo_Microphone.wav,timbre,0.5333
outside1,p106,/media/storage/hadleigh/stegaphone_data/final_rec//p106/timbre/sample_2/watermarked_outside1_recording_Fifine_USB_PnP_Audio_Device.wav,timbre,0.5000
outside1,p106,/media/storage/hadleigh/stegaphone_data/final_rec//p106/timbre/sample_3/watermarked_outside1_recording_USB_Lavalier_Microphone.wav,timbre,0.6000
outside1,p106,/media/storage/hadleigh/stegaphone_data/final_rec//p106/timbre/sample_3/watermarked_outside1_recording_iPhone_Microphone.wav,timbre,0.5667
outside1,p106,/media/storage/hadleigh/stegaphone_data/final_rec//p106/timbre/sample_3/watermarked_outside1_recording_Yeti_Stereo_Microphone.wav,timbre,0.6000
outside1,p106,/media/storage/hadleigh/stegaphone_data/final_rec//p106/timbre/sample_3/watermarked_outside1_recording_Fifine_USB_PnP_Audio_Device.wav,timbre,0.5667
outside1,p106,/media/storage/hadleigh/stegaphone_data/final_rec//p106/timbre/sample_5/watermarked_outside1_recording_USB_Lavalier_Microphone.wav,timbre,0.3333
outside1,p106,/media/storage/hadleigh/stegaphone_data/final_rec//p106/timbre/sample_5/watermarked_outside1_recording_iPhone_Microphone.wav,timbre,0.3333
outside1,p106,/media/storage/hadleigh/stegaphone_data/final_rec//p106/timbre/sample_5/watermarked_outside1_recording_Yeti_Stereo_Microphone.wav,timbre,0.4000
outside1,p106,/media/storage/hadleigh/stegaphone_data/final_rec//p106/timbre/sample_5/watermarked_outside1_recording_Fifine_USB_PnP_Audio_Device.wav,timbre,0.3000
outside1,p106,/media/storage/hadleigh/stegaphone_data/final_rec//p106/timbre/sample_8/watermarked_outside1_recording_USB_Lavalier_Microphone.wav,timbre,0.4000
outside1,p106,/media/storage/hadleigh/stegaphone_data/final_rec//p106/timbre/sample_8/watermarked_outside1_recording_iPhone_Microphone.wav,timbre,0.4000
outside1,p106,/media/storage/hadleigh/stegaphone_data/final_rec//p106/timbre/sample_8/watermarked_outside1_recording_Yeti_Stereo_Microphone.wav,timbre,0.4000
outside1,p106,/media/storage/hadleigh/stegaphone_data/final_rec//p106/timbre/sample_8/watermarked_outside1_recording_Fifine_USB_PnP_Audio_Device.wav,timbre,0.3333
outside1,p106,/media/storage/hadleigh/stegaphone_data/final_rec//p106/timbre/sample_10/watermarked_outside1_recording_USB_Lavalier_Microphone.wav,timbre,0.4333
outside1,p106,/media/storage/hadleigh/stegaphone_data/final_rec//p106/timbre/sample_10/watermarked_outside1_recording_iPhone_Microphone.wav,timbre,0.4667
outside1,p106,/media/storage/hadleigh/stegaphone_data/final_rec//p106/timbre/sample_10/watermarked_outside1_recording_Yeti_Stereo_Microphone.wav,timbre,0.5333
outside1,p106,/media/storage/hadleigh/stegaphone_data/final_rec//p106/timbre/sample_10/watermarked_outside1_recording_Fifine_USB_PnP_Audio_Device.wav,timbre,0.5333
outside1,p106,/media/storage/hadleigh/stegaphone_data/final_rec//p106/timbre/sample_4/watermarked_outside1_recording_USB_Lavalier_Microphone.wav,timbre,0.5333
outside1,p106,/media/storage/hadleigh/stegaphone_data/final_rec//p106/timbre/sample_4/watermarked_outside1_recording_iPhone_Microphone.wav,timbre,0.5667
outside1,p106,/media/storage/hadleigh/stegaphone_data/final_rec//p106/timbre/sample_4/watermarked_outside1_recording_Yeti_Stereo_Microphone.wav,timbre,0.5000
outside1,p106,/media/storage/hadleigh/stegaphone_data/final_rec//p106/timbre/sample_4/watermarked_outside1_recording_Fifine_USB_PnP_Audio_Device.wav,timbre,0.5000
outside1,p106,/media/storage/hadleigh/stegaphone_data/final_rec//p106/timbre/sample_9/watermarked_outside1_recording_USB_Lavalier_Microphone.wav,timbre,0.5000
outside1,p106,/media/storage/hadleigh/stegaphone_data/final_rec//p106/timbre/sample_9/watermarked_outside1_recording_iPhone_Microphone.wav,timbre,0.4667
outside1,p106,/media/storage/hadleigh/stegaphone_data/final_rec//p106/timbre/sample_9/watermarked_outside1_recording_Yeti_Stereo_Microphone.wav,timbre,0.5000
outside1,p106,/media/storage/hadleigh/stegaphone_data/final_rec//p106/timbre/sample_9/watermarked_outside1_recording_Fifine_USB_PnP_Audio_Device.wav,timbre,0.5000
outside1,p106,/media/storage/hadleigh/stegaphone_data/final_rec//p106/timbre/sample_6/watermarked_outside1_recording_USB_Lavalier_Microphone.wav,timbre,0.2333
outside1,p106,/media/storage/hadleigh/stegaphone_data/final_rec//p106/timbre/sample_6/watermarked_outside1_recording_iPhone_Microphone.wav,timbre,0.2333
outside1,p106,/media/storage/hadleigh/stegaphone_data/final_rec//p106/timbre/sample_6/watermarked_outside1_recording_Yeti_Stereo_Microphone.wav,timbre,0.2667
outside1,p106,/media/storage/hadleigh/stegaphone_data/final_rec//p106/timbre/sample_6/watermarked_outside1_recording_Fifine_USB_PnP_Audio_Device.wav,timbre,0.2000
outside1,p106,/media/storage/hadleigh/stegaphone_data/final_rec//p106/timbre/sample_1/watermarked_outside1_recording_USB_Lavalier_Microphone.wav,timbre,0.4667
outside1,p106,/media/storage/hadleigh/stegaphone_data/final_rec//p106/timbre/sample_1/watermarked_outside1_recording_iPhone_Microphone.wav,timbre,0.4667
outside1,p106,/media/storage/hadleigh/stegaphone_data/final_rec//p106/timbre/sample_1/watermarked_outside1_recording_Yeti_Stereo_Microphone.wav,timbre,0.4667
outside1,p106,/media/storage/hadleigh/stegaphone_data/final_rec//p106/timbre/sample_1/watermarked_outside1_recording_Fifine_USB_PnP_Audio_Device.wav,timbre,0.4667
outside1,p107,/media/storage/hadleigh/stegaphone_data/final_rec//p107/timbre/sample_7/watermarked_outside1_recording_USB_Lavalier_Microphone.wav,timbre,0.4000
outside1,p107,/media/storage/hadleigh/stegaphone_data/final_rec//p107/timbre/sample_7/watermarked_outside1_recording_iPhone_Microphone.wav,timbre,0.3667
outside1,p107,/media/storage/hadleigh/stegaphone_data/final_rec//p107/timbre/sample_7/watermarked_outside1_recording_Yeti_Stereo_Microphone.wav,timbre,0.3333
outside1,p107,/media/storage/hadleigh/stegaphone_data/final_rec//p107/timbre/sample_7/watermarked_outside1_recording_Fifine_USB_PnP_Audio_Device.wav,timbre,0.4000
outside1,p107,/media/storage/hadleigh/stegaphone_data/final_rec//p107/timbre/sample_2/watermarked_outside1_recording_USB_Lavalier_Microphone.wav,timbre,0.6000
outside1,p107,/media/storage/hadleigh/stegaphone_data/final_rec//p107/timbre/sample_2/watermarked_outside1_recording_iPhone_Microphone.wav,timbre,0.6000
outside1,p107,/media/storage/hadleigh/stegaphone_data/final_rec//p107/timbre/sample_2/watermarked_outside1_recording_Yeti_Stereo_Microphone.wav,timbre,0.6000
outside1,p107,/media/storage/hadleigh/stegaphone_data/final_rec//p107/timbre/sample_2/watermarked_outside1_recording_Fifine_USB_PnP_Audio_Device.wav,timbre,0.6000
outside1,p107,/media/storage/hadleigh/stegaphone_data/final_rec//p107/timbre/sample_3/watermarked_outside1_recording_USB_Lavalier_Microphone.wav,timbre,0.3333
outside1,p107,/media/storage/hadleigh/stegaphone_data/final_rec//p107/timbre/sample_3/watermarked_outside1_recording_iPhone_Microphone.wav,timbre,0.3333
outside1,p107,/media/storage/hadleigh/stegaphone_data/final_rec//p107/timbre/sample_3/watermarked_outside1_recording_Yeti_Stereo_Microphone.wav,timbre,0.3333
outside1,p107,/media/storage/hadleigh/stegaphone_data/final_rec//p107/timbre/sample_3/watermarked_outside1_recording_Fifine_USB_PnP_Audio_Device.wav,timbre,0.3333
outside1,p107,/media/storage/hadleigh/stegaphone_data/final_rec//p107/timbre/sample_5/watermarked_outside1_recording_USB_Lavalier_Microphone.wav,timbre,0.5333
outside1,p107,/media/storage/hadleigh/stegaphone_data/final_rec//p107/timbre/sample_5/watermarked_outside1_recording_iPhone_Microphone.wav,timbre,0.5667
outside1,p107,/media/storage/hadleigh/stegaphone_data/final_rec//p107/timbre/sample_5/watermarked_outside1_recording_Yeti_Stereo_Microphone.wav,timbre,0.5667
outside1,p107,/media/storage/hadleigh/stegaphone_data/final_rec//p107/timbre/sample_5/watermarked_outside1_recording_Fifine_USB_PnP_Audio_Device.wav,timbre,0.5667
outside1,p107,/media/storage/hadleigh/stegaphone_data/final_rec//p107/timbre/sample_8/watermarked_outside1_recording_USB_Lavalier_Microphone.wav,timbre,0.4000
outside1,p107,/media/storage/hadleigh/stegaphone_data/final_rec//p107/timbre/sample_8/watermarked_outside1_recording_iPhone_Microphone.wav,timbre,0.3667
outside1,p107,/media/storage/hadleigh/stegaphone_data/final_rec//p107/timbre/sample_8/watermarked_outside1_recording_Yeti_Stereo_Microphone.wav,timbre,0.4000
outside1,p107,/media/storage/hadleigh/stegaphone_data/final_rec//p107/timbre/sample_8/watermarked_outside1_recording_Fifine_USB_PnP_Audio_Device.wav,timbre,0.4000
outside1,p107,/media/storage/hadleigh/stegaphone_data/final_rec//p107/timbre/sample_10/watermarked_outside1_recording_USB_Lavalier_Microphone.wav,timbre,0.4000
outside1,p107,/media/storage/hadleigh/stegaphone_data/final_rec//p107/timbre/sample_10/watermarked_outside1_recording_iPhone_Microphone.wav,timbre,0.4000
outside1,p107,/media/storage/hadleigh/stegaphone_data/final_rec//p107/timbre/sample_10/watermarked_outside1_recording_Yeti_Stereo_Microphone.wav,timbre,0.4000
outside1,p107,/media/storage/hadleigh/stegaphone_data/final_rec//p107/timbre/sample_10/watermarked_outside1_recording_Fifine_USB_PnP_Audio_Device.wav,timbre,0.4000
outside1,p107,/media/storage/hadleigh/stegaphone_data/final_rec//p107/timbre/sample_4/watermarked_outside1_recording_USB_Lavalier_Microphone.wav,timbre,0.5333
outside1,p107,/media/storage/hadleigh/stegaphone_data/final_rec//p107/timbre/sample_4/watermarked_outside1_recording_iPhone_Microphone.wav,timbre,0.5667
outside1,p107,/media/storage/hadleigh/stegaphone_data/final_rec//p107/timbre/sample_4/watermarked_outside1_recording_Yeti_Stereo_Microphone.wav,timbre,0.5333
outside1,p107,/media/storage/hadleigh/stegaphone_data/final_rec//p107/timbre/sample_4/watermarked_outside1_recording_Fifine_USB_PnP_Audio_Device.wav,timbre,0.5667
outside1,p107,/media/storage/hadleigh/stegaphone_data/final_rec//p107/timbre/sample_9/watermarked_outside1_recording_USB_Lavalier_Microphone.wav,timbre,0.6000
outside1,p107,/media/storage/hadleigh/stegaphone_data/final_rec//p107/timbre/sample_9/watermarked_outside1_recording_iPhone_Microphone.wav,timbre,0.6000
outside1,p107,/media/storage/hadleigh/stegaphone_data/final_rec//p107/timbre/sample_9/watermarked_outside1_recording_Yeti_Stereo_Microphone.wav,timbre,0.6000
outside1,p107,/media/storage/hadleigh/stegaphone_data/final_rec//p107/timbre/sample_9/watermarked_outside1_recording_Fifine_USB_PnP_Audio_Device.wav,timbre,0.6000
outside1,p107,/media/storage/hadleigh/stegaphone_data/final_rec//p107/timbre/sample_6/watermarked_outside1_recording_USB_Lavalier_Microphone.wav,timbre,0.6333
outside1,p107,/media/storage/hadleigh/stegaphone_data/final_rec//p107/timbre/sample_6/watermarked_outside1_recording_iPhone_Microphone.wav,timbre,0.6333
outside1,p107,/media/storage/hadleigh/stegaphone_data/final_rec//p107/timbre/sample_6/watermarked_outside1_recording_Yeti_Stereo_Microphone.wav,timbre,0.6333
outside1,p107,/media/storage/hadleigh/stegaphone_data/final_rec//p107/timbre/sample_6/watermarked_outside1_recording_Fifine_USB_PnP_Audio_Device.wav,timbre,0.6333
outside1,p107,/media/storage/hadleigh/stegaphone_data/final_rec//p107/timbre/sample_1/watermarked_outside1_recording_USB_Lavalier_Microphone.wav,timbre,0.5333
outside1,p107,/media/storage/hadleigh/stegaphone_data/final_rec//p107/timbre/sample_1/watermarked_outside1_recording_iPhone_Microphone.wav,timbre,0.5333
outside1,p107,/media/storage/hadleigh/stegaphone_data/final_rec//p107/timbre/sample_1/watermarked_outside1_recording_Yeti_Stereo_Microphone.wav,timbre,0.5000
outside1,p107,/media/storage/hadleigh/stegaphone_data/final_rec//p107/timbre/sample_1/watermarked_outside1_recording_Fifine_USB_PnP_Audio_Device.wav,timbre,0.5333
outside2,p102,/media/storage/hadleigh/stegaphone_data/final_rec//p102/timbre/sample_7/watermarked_outside2_recording_Fifine_USB_PnP_Audio_Device.wav,timbre,0.6000
outside2,p102,/media/storage/hadleigh/stegaphone_data/final_rec//p102/timbre/sample_7/watermarked_outside2_recording_Yeti_Stereo_Microphone.wav,timbre,0.6333
outside2,p102,/media/storage/hadleigh/stegaphone_data/final_rec//p102/timbre/sample_7/watermarked_outside2_recording_iPhone_Microphone.wav,timbre,0.6333
outside2,p102,/media/storage/hadleigh/stegaphone_data/final_rec//p102/timbre/sample_7/watermarked_outside2_recording_USB_Lavalier_Microphone.wav,timbre,0.6000
outside2,p102,/media/storage/hadleigh/stegaphone_data/final_rec//p102/timbre/sample_2/watermarked_outside2_recording_Fifine_USB_PnP_Audio_Device.wav,timbre,0.4333
outside2,p102,/media/storage/hadleigh/stegaphone_data/final_rec//p102/timbre/sample_2/watermarked_outside2_recording_Yeti_Stereo_Microphone.wav,timbre,0.4333
outside2,p102,/media/storage/hadleigh/stegaphone_data/final_rec//p102/timbre/sample_2/watermarked_outside2_recording_iPhone_Microphone.wav,timbre,0.5000
outside2,p102,/media/storage/hadleigh/stegaphone_data/final_rec//p102/timbre/sample_2/watermarked_outside2_recording_USB_Lavalier_Microphone.wav,timbre,0.4667
outside2,p102,/media/storage/hadleigh/stegaphone_data/final_rec//p102/timbre/sample_3/watermarked_outside2_recording_Fifine_USB_PnP_Audio_Device.wav,timbre,0.4667
outside2,p102,/media/storage/hadleigh/stegaphone_data/final_rec//p102/timbre/sample_3/watermarked_outside2_recording_Yeti_Stereo_Microphone.wav,timbre,0.4333
outside2,p102,/media/storage/hadleigh/stegaphone_data/final_rec//p102/timbre/sample_3/watermarked_outside2_recording_iPhone_Microphone.wav,timbre,0.4667
outside2,p102,/media/storage/hadleigh/stegaphone_data/final_rec//p102/timbre/sample_3/watermarked_outside2_recording_USB_Lavalier_Microphone.wav,timbre,0.4333
outside2,p102,/media/storage/hadleigh/stegaphone_data/final_rec//p102/timbre/sample_5/watermarked_outside2_recording_Fifine_USB_PnP_Audio_Device.wav,timbre,0.4333
outside2,p102,/media/storage/hadleigh/stegaphone_data/final_rec//p102/timbre/sample_5/watermarked_outside2_recording_Yeti_Stereo_Microphone.wav,timbre,0.3667
outside2,p102,/media/storage/hadleigh/stegaphone_data/final_rec//p102/timbre/sample_5/watermarked_outside2_recording_iPhone_Microphone.wav,timbre,0.4000
outside2,p102,/media/storage/hadleigh/stegaphone_data/final_rec//p102/timbre/sample_5/watermarked_outside2_recording_USB_Lavalier_Microphone.wav,timbre,0.4000
outside2,p102,/media/storage/hadleigh/stegaphone_data/final_rec//p102/timbre/sample_8/watermarked_outside2_recording_Fifine_USB_PnP_Audio_Device.wav,timbre,0.3000
outside2,p102,/media/storage/hadleigh/stegaphone_data/final_rec//p102/timbre/sample_8/watermarked_outside2_recording_Yeti_Stereo_Microphone.wav,timbre,0.2333
outside2,p102,/media/storage/hadleigh/stegaphone_data/final_rec//p102/timbre/sample_8/watermarked_outside2_recording_iPhone_Microphone.wav,timbre,0.2667
outside2,p102,/media/storage/hadleigh/stegaphone_data/final_rec//p102/timbre/sample_8/watermarked_outside2_recording_USB_Lavalier_Microphone.wav,timbre,0.2333
outside2,p102,/media/storage/hadleigh/stegaphone_data/final_rec//p102/timbre/sample_10/watermarked_outside2_recording_Fifine_USB_PnP_Audio_Device.wav,timbre,0.3667
outside2,p102,/media/storage/hadleigh/stegaphone_data/final_rec//p102/timbre/sample_10/watermarked_outside2_recording_Yeti_Stereo_Microphone.wav,timbre,0.3667
outside2,p102,/media/storage/hadleigh/stegaphone_data/final_rec//p102/timbre/sample_10/watermarked_outside2_recording_iPhone_Microphone.wav,timbre,0.4333
outside2,p102,/media/storage/hadleigh/stegaphone_data/final_rec//p102/timbre/sample_10/watermarked_outside2_recording_USB_Lavalier_Microphone.wav,timbre,0.4000
outside2,p102,/media/storage/hadleigh/stegaphone_data/final_rec//p102/timbre/sample_4/watermarked_outside2_recording_Fifine_USB_PnP_Audio_Device.wav,timbre,0.5667
outside2,p102,/media/storage/hadleigh/stegaphone_data/final_rec//p102/timbre/sample_4/watermarked_outside2_recording_Yeti_Stereo_Microphone.wav,timbre,0.5667
outside2,p102,/media/storage/hadleigh/stegaphone_data/final_rec//p102/timbre/sample_4/watermarked_outside2_recording_iPhone_Microphone.wav,timbre,0.6333
outside2,p102,/media/storage/hadleigh/stegaphone_data/final_rec//p102/timbre/sample_4/watermarked_outside2_recording_USB_Lavalier_Microphone.wav,timbre,0.7000
outside2,p102,/media/storage/hadleigh/stegaphone_data/final_rec//p102/timbre/sample_9/watermarked_outside2_recording_Fifine_USB_PnP_Audio_Device.wav,timbre,0.2667
outside2,p102,/media/storage/hadleigh/stegaphone_data/final_rec//p102/timbre/sample_9/watermarked_outside2_recording_Yeti_Stereo_Microphone.wav,timbre,0.3000
outside2,p102,/media/storage/hadleigh/stegaphone_data/final_rec//p102/timbre/sample_9/watermarked_outside2_recording_iPhone_Microphone.wav,timbre,0.3000
outside2,p102,/media/storage/hadleigh/stegaphone_data/final_rec//p102/timbre/sample_9/watermarked_outside2_recording_USB_Lavalier_Microphone.wav,timbre,0.3000
outside2,p102,/media/storage/hadleigh/stegaphone_data/final_rec//p102/timbre/sample_6/watermarked_outside2_recording_Fifine_USB_PnP_Audio_Device.wav,timbre,0.6000
outside2,p102,/media/storage/hadleigh/stegaphone_data/final_rec//p102/timbre/sample_6/watermarked_outside2_recording_Yeti_Stereo_Microphone.wav,timbre,0.5667
outside2,p102,/media/storage/hadleigh/stegaphone_data/final_rec//p102/timbre/sample_6/watermarked_outside2_recording_iPhone_Microphone.wav,timbre,0.5667
outside2,p102,/media/storage/hadleigh/stegaphone_data/final_rec//p102/timbre/sample_6/watermarked_outside2_recording_USB_Lavalier_Microphone.wav,timbre,0.6000
outside2,p102,/media/storage/hadleigh/stegaphone_data/final_rec//p102/timbre/sample_1/watermarked_outside2_recording_Fifine_USB_PnP_Audio_Device.wav,timbre,0.5667
outside2,p102,/media/storage/hadleigh/stegaphone_data/final_rec//p102/timbre/sample_1/watermarked_outside2_recording_Yeti_Stereo_Microphone.wav,timbre,0.6000
outside2,p102,/media/storage/hadleigh/stegaphone_data/final_rec//p102/timbre/sample_1/watermarked_outside2_recording_iPhone_Microphone.wav,timbre,0.6000
outside2,p102,/media/storage/hadleigh/stegaphone_data/final_rec//p102/timbre/sample_1/watermarked_outside2_recording_USB_Lavalier_Microphone.wav,timbre,0.6000
outside2,p103,/media/storage/hadleigh/stegaphone_data/final_rec//p103/timbre/sample_7/watermarked_outside2_recording_Fifine_USB_PnP_Audio_Device.wav,timbre,0.4667
outside2,p103,/media/storage/hadleigh/stegaphone_data/final_rec//p103/timbre/sample_7/watermarked_outside2_recording_Yeti_Stereo_Microphone.wav,timbre,0.4667
outside2,p103,/media/storage/hadleigh/stegaphone_data/final_rec//p103/timbre/sample_7/watermarked_outside2_recording_iPhone_Microphone.wav,timbre,0.4333
outside2,p103,/media/storage/hadleigh/stegaphone_data/final_rec//p103/timbre/sample_7/watermarked_outside2_recording_USB_Lavalier_Microphone.wav,timbre,0.4333
outside2,p103,/media/storage/hadleigh/stegaphone_data/final_rec//p103/timbre/sample_2/watermarked_outside2_recording_Fifine_USB_PnP_Audio_Device.wav,timbre,0.3667
outside2,p103,/media/storage/hadleigh/stegaphone_data/final_rec//p103/timbre/sample_2/watermarked_outside2_recording_Yeti_Stereo_Microphone.wav,timbre,0.3333
outside2,p103,/media/storage/hadleigh/stegaphone_data/final_rec//p103/timbre/sample_2/watermarked_outside2_recording_iPhone_Microphone.wav,timbre,0.3667
outside2,p103,/media/storage/hadleigh/stegaphone_data/final_rec//p103/timbre/sample_2/watermarked_outside2_recording_USB_Lavalier_Microphone.wav,timbre,0.3333
outside2,p103,/media/storage/hadleigh/stegaphone_data/final_rec//p103/timbre/sample_3/watermarked_outside2_recording_Fifine_USB_PnP_Audio_Device.wav,timbre,0.5333
outside2,p103,/media/storage/hadleigh/stegaphone_data/final_rec//p103/timbre/sample_3/watermarked_outside2_recording_Yeti_Stereo_Microphone.wav,timbre,0.4333
outside2,p103,/media/storage/hadleigh/stegaphone_data/final_rec//p103/timbre/sample_3/watermarked_outside2_recording_iPhone_Microphone.wav,timbre,0.4667
outside2,p103,/media/storage/hadleigh/stegaphone_data/final_rec//p103/timbre/sample_3/watermarked_outside2_recording_USB_Lavalier_Microphone.wav,timbre,0.4333
outside2,p103,/media/storage/hadleigh/stegaphone_data/final_rec//p103/timbre/sample_5/watermarked_outside2_recording_Fifine_USB_PnP_Audio_Device.wav,timbre,0.5333
outside2,p103,/media/storage/hadleigh/stegaphone_data/final_rec//p103/timbre/sample_5/watermarked_outside2_recording_Yeti_Stereo_Microphone.wav,timbre,0.5000
outside2,p103,/media/storage/hadleigh/stegaphone_data/final_rec//p103/timbre/sample_5/watermarked_outside2_recording_iPhone_Microphone.wav,timbre,0.5000
outside2,p103,/media/storage/hadleigh/stegaphone_data/final_rec//p103/timbre/sample_5/watermarked_outside2_recording_USB_Lavalier_Microphone.wav,timbre,0.5000
outside2,p103,/media/storage/hadleigh/stegaphone_data/final_rec//p103/timbre/sample_8/watermarked_outside2_recording_Fifine_USB_PnP_Audio_Device.wav,timbre,0.3000
outside2,p103,/media/storage/hadleigh/stegaphone_data/final_rec//p103/timbre/sample_8/watermarked_outside2_recording_Yeti_Stereo_Microphone.wav,timbre,0.2667
outside2,p103,/media/storage/hadleigh/stegaphone_data/final_rec//p103/timbre/sample_8/watermarked_outside2_recording_iPhone_Microphone.wav,timbre,0.3000
outside2,p103,/media/storage/hadleigh/stegaphone_data/final_rec//p103/timbre/sample_8/watermarked_outside2_recording_USB_Lavalier_Microphone.wav,timbre,0.2667
outside2,p103,/media/storage/hadleigh/stegaphone_data/final_rec//p103/timbre/sample_10/watermarked_outside2_recording_Fifine_USB_PnP_Audio_Device.wav,timbre,0.4000
outside2,p103,/media/storage/hadleigh/stegaphone_data/final_rec//p103/timbre/sample_10/watermarked_outside2_recording_Yeti_Stereo_Microphone.wav,timbre,0.4333
outside2,p103,/media/storage/hadleigh/stegaphone_data/final_rec//p103/timbre/sample_10/watermarked_outside2_recording_iPhone_Microphone.wav,timbre,0.4333
outside2,p103,/media/storage/hadleigh/stegaphone_data/final_rec//p103/timbre/sample_10/watermarked_outside2_recording_USB_Lavalier_Microphone.wav,timbre,0.3667
outside2,p103,/media/storage/hadleigh/stegaphone_data/final_rec//p103/timbre/sample_4/watermarked_outside2_recording_Fifine_USB_PnP_Audio_Device.wav,timbre,0.4667
outside2,p103,/media/storage/hadleigh/stegaphone_data/final_rec//p103/timbre/sample_4/watermarked_outside2_recording_Yeti_Stereo_Microphone.wav,timbre,0.4333
outside2,p103,/media/storage/hadleigh/stegaphone_data/final_rec//p103/timbre/sample_4/watermarked_outside2_recording_iPhone_Microphone.wav,timbre,0.3667
outside2,p103,/media/storage/hadleigh/stegaphone_data/final_rec//p103/timbre/sample_4/watermarked_outside2_recording_USB_Lavalier_Microphone.wav,timbre,0.4667
outside2,p103,/media/storage/hadleigh/stegaphone_data/final_rec//p103/timbre/sample_9/watermarked_outside2_recording_Fifine_USB_PnP_Audio_Device.wav,timbre,0.5333
outside2,p103,/media/storage/hadleigh/stegaphone_data/final_rec//p103/timbre/sample_9/watermarked_outside2_recording_Yeti_Stereo_Microphone.wav,timbre,0.5333
outside2,p103,/media/storage/hadleigh/stegaphone_data/final_rec//p103/timbre/sample_9/watermarked_outside2_recording_iPhone_Microphone.wav,timbre,0.5333
outside2,p103,/media/storage/hadleigh/stegaphone_data/final_rec//p103/timbre/sample_9/watermarked_outside2_recording_USB_Lavalier_Microphone.wav,timbre,0.5000
outside2,p103,/media/storage/hadleigh/stegaphone_data/final_rec//p103/timbre/sample_6/watermarked_outside2_recording_Fifine_USB_PnP_Audio_Device.wav,timbre,0.4333
outside2,p103,/media/storage/hadleigh/stegaphone_data/final_rec//p103/timbre/sample_6/watermarked_outside2_recording_Yeti_Stereo_Microphone.wav,timbre,0.4667
outside2,p103,/media/storage/hadleigh/stegaphone_data/final_rec//p103/timbre/sample_6/watermarked_outside2_recording_iPhone_Microphone.wav,timbre,0.4333
outside2,p103,/media/storage/hadleigh/stegaphone_data/final_rec//p103/timbre/sample_6/watermarked_outside2_recording_USB_Lavalier_Microphone.wav,timbre,0.4667
outside2,p103,/media/storage/hadleigh/stegaphone_data/final_rec//p103/timbre/sample_1/watermarked_outside2_recording_Fifine_USB_PnP_Audio_Device.wav,timbre,0.3333
outside2,p103,/media/storage/hadleigh/stegaphone_data/final_rec//p103/timbre/sample_1/watermarked_outside2_recording_Yeti_Stereo_Microphone.wav,timbre,0.3333
outside2,p103,/media/storage/hadleigh/stegaphone_data/final_rec//p103/timbre/sample_1/watermarked_outside2_recording_iPhone_Microphone.wav,timbre,0.3000
outside2,p103,/media/storage/hadleigh/stegaphone_data/final_rec//p103/timbre/sample_1/watermarked_outside2_recording_USB_Lavalier_Microphone.wav,timbre,0.2333
outside2,p104,/media/storage/hadleigh/stegaphone_data/final_rec//p104/timbre/sample_7/watermarked_outside2_recording_Fifine_USB_PnP_Audio_Device.wav,timbre,0.6333
outside2,p104,/media/storage/hadleigh/stegaphone_data/final_rec//p104/timbre/sample_7/watermarked_outside2_recording_Yeti_Stereo_Microphone.wav,timbre,0.5667
outside2,p104,/media/storage/hadleigh/stegaphone_data/final_rec//p104/timbre/sample_7/watermarked_outside2_recording_iPhone_Microphone.wav,timbre,0.6000
outside2,p104,/media/storage/hadleigh/stegaphone_data/final_rec//p104/timbre/sample_7/watermarked_outside2_recording_USB_Lavalier_Microphone.wav,timbre,0.6000
outside2,p104,/media/storage/hadleigh/stegaphone_data/final_rec//p104/timbre/sample_2/watermarked_outside2_recording_Fifine_USB_PnP_Audio_Device.wav,timbre,0.3667
outside2,p104,/media/storage/hadleigh/stegaphone_data/final_rec//p104/timbre/sample_2/watermarked_outside2_recording_Yeti_Stereo_Microphone.wav,timbre,0.4000
outside2,p104,/media/storage/hadleigh/stegaphone_data/final_rec//p104/timbre/sample_2/watermarked_outside2_recording_iPhone_Microphone.wav,timbre,0.4667
outside2,p104,/media/storage/hadleigh/stegaphone_data/final_rec//p104/timbre/sample_2/watermarked_outside2_recording_USB_Lavalier_Microphone.wav,timbre,0.4333
outside2,p104,/media/storage/hadleigh/stegaphone_data/final_rec//p104/timbre/sample_3/watermarked_outside2_recording_Fifine_USB_PnP_Audio_Device.wav,timbre,0.6333
outside2,p104,/media/storage/hadleigh/stegaphone_data/final_rec//p104/timbre/sample_3/watermarked_outside2_recording_Yeti_Stereo_Microphone.wav,timbre,0.6667
outside2,p104,/media/storage/hadleigh/stegaphone_data/final_rec//p104/timbre/sample_3/watermarked_outside2_recording_iPhone_Microphone.wav,timbre,0.6667
outside2,p104,/media/storage/hadleigh/stegaphone_data/final_rec//p104/timbre/sample_3/watermarked_outside2_recording_USB_Lavalier_Microphone.wav,timbre,0.6333
outside2,p104,/media/storage/hadleigh/stegaphone_data/final_rec//p104/timbre/sample_5/watermarked_outside2_recording_Fifine_USB_PnP_Audio_Device.wav,timbre,0.6000
outside2,p104,/media/storage/hadleigh/stegaphone_data/final_rec//p104/timbre/sample_5/watermarked_outside2_recording_Yeti_Stereo_Microphone.wav,timbre,0.6000
outside2,p104,/media/storage/hadleigh/stegaphone_data/final_rec//p104/timbre/sample_5/watermarked_outside2_recording_iPhone_Microphone.wav,timbre,0.6000
outside2,p104,/media/storage/hadleigh/stegaphone_data/final_rec//p104/timbre/sample_5/watermarked_outside2_recording_USB_Lavalier_Microphone.wav,timbre,0.6333
outside2,p104,/media/storage/hadleigh/stegaphone_data/final_rec//p104/timbre/sample_8/watermarked_outside2_recording_Fifine_USB_PnP_Audio_Device.wav,timbre,0.5000
outside2,p104,/media/storage/hadleigh/stegaphone_data/final_rec//p104/timbre/sample_8/watermarked_outside2_recording_Yeti_Stereo_Microphone.wav,timbre,0.5667
outside2,p104,/media/storage/hadleigh/stegaphone_data/final_rec//p104/timbre/sample_8/watermarked_outside2_recording_iPhone_Microphone.wav,timbre,0.6000
outside2,p104,/media/storage/hadleigh/stegaphone_data/final_rec//p104/timbre/sample_8/watermarked_outside2_recording_USB_Lavalier_Microphone.wav,timbre,0.5667
outside2,p104,/media/storage/hadleigh/stegaphone_data/final_rec//p104/timbre/sample_10/watermarked_outside2_recording_Fifine_USB_PnP_Audio_Device.wav,timbre,0.3667
outside2,p104,/media/storage/hadleigh/stegaphone_data/final_rec//p104/timbre/sample_10/watermarked_outside2_recording_Yeti_Stereo_Microphone.wav,timbre,0.3667
outside2,p104,/media/storage/hadleigh/stegaphone_data/final_rec//p104/timbre/sample_10/watermarked_outside2_recording_iPhone_Microphone.wav,timbre,0.3667
outside2,p104,/media/storage/hadleigh/stegaphone_data/final_rec//p104/timbre/sample_10/watermarked_outside2_recording_USB_Lavalier_Microphone.wav,timbre,0.3667
outside2,p104,/media/storage/hadleigh/stegaphone_data/final_rec//p104/timbre/sample_4/watermarked_outside2_recording_Fifine_USB_PnP_Audio_Device.wav,timbre,0.4333
outside2,p104,/media/storage/hadleigh/stegaphone_data/final_rec//p104/timbre/sample_4/watermarked_outside2_recording_Yeti_Stereo_Microphone.wav,timbre,0.4333
outside2,p104,/media/storage/hadleigh/stegaphone_data/final_rec//p104/timbre/sample_4/watermarked_outside2_recording_iPhone_Microphone.wav,timbre,0.4333
outside2,p104,/media/storage/hadleigh/stegaphone_data/final_rec//p104/timbre/sample_4/watermarked_outside2_recording_USB_Lavalier_Microphone.wav,timbre,0.4000
outside2,p104,/media/storage/hadleigh/stegaphone_data/final_rec//p104/timbre/sample_9/watermarked_outside2_recording_Fifine_USB_PnP_Audio_Device.wav,timbre,0.3667
outside2,p104,/media/storage/hadleigh/stegaphone_data/final_rec//p104/timbre/sample_9/watermarked_outside2_recording_Yeti_Stereo_Microphone.wav,timbre,0.3667
outside2,p104,/media/storage/hadleigh/stegaphone_data/final_rec//p104/timbre/sample_9/watermarked_outside2_recording_iPhone_Microphone.wav,timbre,0.3667
outside2,p104,/media/storage/hadleigh/stegaphone_data/final_rec//p104/timbre/sample_9/watermarked_outside2_recording_USB_Lavalier_Microphone.wav,timbre,0.3667
outside2,p104,/media/storage/hadleigh/stegaphone_data/final_rec//p104/timbre/sample_6/watermarked_outside2_recording_Fifine_USB_PnP_Audio_Device.wav,timbre,0.4333
outside2,p104,/media/storage/hadleigh/stegaphone_data/final_rec//p104/timbre/sample_6/watermarked_outside2_recording_Yeti_Stereo_Microphone.wav,timbre,0.3000
outside2,p104,/media/storage/hadleigh/stegaphone_data/final_rec//p104/timbre/sample_6/watermarked_outside2_recording_iPhone_Microphone.wav,timbre,0.4000
outside2,p104,/media/storage/hadleigh/stegaphone_data/final_rec//p104/timbre/sample_6/watermarked_outside2_recording_USB_Lavalier_Microphone.wav,timbre,0.3667
outside2,p104,/media/storage/hadleigh/stegaphone_data/final_rec//p104/timbre/sample_1/watermarked_outside2_recording_Fifine_USB_PnP_Audio_Device.wav,timbre,0.5000
outside2,p104,/media/storage/hadleigh/stegaphone_data/final_rec//p104/timbre/sample_1/watermarked_outside2_recording_Yeti_Stereo_Microphone.wav,timbre,0.4333
outside2,p104,/media/storage/hadleigh/stegaphone_data/final_rec//p104/timbre/sample_1/watermarked_outside2_recording_iPhone_Microphone.wav,timbre,0.5000
outside2,p104,/media/storage/hadleigh/stegaphone_data/final_rec//p104/timbre/sample_1/watermarked_outside2_recording_USB_Lavalier_Microphone.wav,timbre,0.5000
outside2,p105,/media/storage/hadleigh/stegaphone_data/final_rec//p105/timbre/sample_7/watermarked_outside2_recording_Fifine_USB_PnP_Audio_Device.wav,timbre,0.6667
outside2,p105,/media/storage/hadleigh/stegaphone_data/final_rec//p105/timbre/sample_7/watermarked_outside2_recording_Yeti_Stereo_Microphone.wav,timbre,0.6333
outside2,p105,/media/storage/hadleigh/stegaphone_data/final_rec//p105/timbre/sample_7/watermarked_outside2_recording_iPhone_Microphone.wav,timbre,0.6333
outside2,p105,/media/storage/hadleigh/stegaphone_data/final_rec//p105/timbre/sample_7/watermarked_outside2_recording_USB_Lavalier_Microphone.wav,timbre,0.6333
outside2,p105,/media/storage/hadleigh/stegaphone_data/final_rec//p105/timbre/sample_2/watermarked_outside2_recording_Fifine_USB_PnP_Audio_Device.wav,timbre,0.4333
outside2,p105,/media/storage/hadleigh/stegaphone_data/final_rec//p105/timbre/sample_2/watermarked_outside2_recording_Yeti_Stereo_Microphone.wav,timbre,0.4333
outside2,p105,/media/storage/hadleigh/stegaphone_data/final_rec//p105/timbre/sample_2/watermarked_outside2_recording_iPhone_Microphone.wav,timbre,0.4333
outside2,p105,/media/storage/hadleigh/stegaphone_data/final_rec//p105/timbre/sample_2/watermarked_outside2_recording_USB_Lavalier_Microphone.wav,timbre,0.4333
outside2,p105,/media/storage/hadleigh/stegaphone_data/final_rec//p105/timbre/sample_3/watermarked_outside2_recording_Fifine_USB_PnP_Audio_Device.wav,timbre,0.6000
outside2,p105,/media/storage/hadleigh/stegaphone_data/final_rec//p105/timbre/sample_3/watermarked_outside2_recording_Yeti_Stereo_Microphone.wav,timbre,0.5667
outside2,p105,/media/storage/hadleigh/stegaphone_data/final_rec//p105/timbre/sample_3/watermarked_outside2_recording_iPhone_Microphone.wav,timbre,0.6000
outside2,p105,/media/storage/hadleigh/stegaphone_data/final_rec//p105/timbre/sample_3/watermarked_outside2_recording_USB_Lavalier_Microphone.wav,timbre,0.6000
outside2,p105,/media/storage/hadleigh/stegaphone_data/final_rec//p105/timbre/sample_5/watermarked_outside2_recording_Fifine_USB_PnP_Audio_Device.wav,timbre,0.3333
outside2,p105,/media/storage/hadleigh/stegaphone_data/final_rec//p105/timbre/sample_5/watermarked_outside2_recording_Yeti_Stereo_Microphone.wav,timbre,0.3333
outside2,p105,/media/storage/hadleigh/stegaphone_data/final_rec//p105/timbre/sample_5/watermarked_outside2_recording_iPhone_Microphone.wav,timbre,0.3667
outside2,p105,/media/storage/hadleigh/stegaphone_data/final_rec//p105/timbre/sample_5/watermarked_outside2_recording_USB_Lavalier_Microphone.wav,timbre,0.3333
outside2,p105,/media/storage/hadleigh/stegaphone_data/final_rec//p105/timbre/sample_8/watermarked_outside2_recording_Fifine_USB_PnP_Audio_Device.wav,timbre,0.3667
outside2,p105,/media/storage/hadleigh/stegaphone_data/final_rec//p105/timbre/sample_8/watermarked_outside2_recording_Yeti_Stereo_Microphone.wav,timbre,0.3667
outside2,p105,/media/storage/hadleigh/stegaphone_data/final_rec//p105/timbre/sample_8/watermarked_outside2_recording_iPhone_Microphone.wav,timbre,0.3333
outside2,p105,/media/storage/hadleigh/stegaphone_data/final_rec//p105/timbre/sample_8/watermarked_outside2_recording_USB_Lavalier_Microphone.wav,timbre,0.3333
outside2,p105,/media/storage/hadleigh/stegaphone_data/final_rec//p105/timbre/sample_10/watermarked_outside2_recording_Fifine_USB_PnP_Audio_Device.wav,timbre,0.4667
outside2,p105,/media/storage/hadleigh/stegaphone_data/final_rec//p105/timbre/sample_10/watermarked_outside2_recording_Yeti_Stereo_Microphone.wav,timbre,0.5000
outside2,p105,/media/storage/hadleigh/stegaphone_data/final_rec//p105/timbre/sample_10/watermarked_outside2_recording_iPhone_Microphone.wav,timbre,0.5333
outside2,p105,/media/storage/hadleigh/stegaphone_data/final_rec//p105/timbre/sample_10/watermarked_outside2_recording_USB_Lavalier_Microphone.wav,timbre,0.4667
outside2,p105,/media/storage/hadleigh/stegaphone_data/final_rec//p105/timbre/sample_4/watermarked_outside2_recording_Fifine_USB_PnP_Audio_Device.wav,timbre,0.5667
outside2,p105,/media/storage/hadleigh/stegaphone_data/final_rec//p105/timbre/sample_4/watermarked_outside2_recording_Yeti_Stereo_Microphone.wav,timbre,0.5333
outside2,p105,/media/storage/hadleigh/stegaphone_data/final_rec//p105/timbre/sample_4/watermarked_outside2_recording_iPhone_Microphone.wav,timbre,0.5667
outside2,p105,/media/storage/hadleigh/stegaphone_data/final_rec//p105/timbre/sample_4/watermarked_outside2_recording_USB_Lavalier_Microphone.wav,timbre,0.5667
outside2,p105,/media/storage/hadleigh/stegaphone_data/final_rec//p105/timbre/sample_9/watermarked_outside2_recording_Fifine_USB_PnP_Audio_Device.wav,timbre,0.3667
outside2,p105,/media/storage/hadleigh/stegaphone_data/final_rec//p105/timbre/sample_9/watermarked_outside2_recording_Yeti_Stereo_Microphone.wav,timbre,0.3667
outside2,p105,/media/storage/hadleigh/stegaphone_data/final_rec//p105/timbre/sample_9/watermarked_outside2_recording_iPhone_Microphone.wav,timbre,0.3333
outside2,p105,/media/storage/hadleigh/stegaphone_data/final_rec//p105/timbre/sample_9/watermarked_outside2_recording_USB_Lavalier_Microphone.wav,timbre,0.4000
outside2,p105,/media/storage/hadleigh/stegaphone_data/final_rec//p105/timbre/sample_6/watermarked_outside2_recording_Fifine_USB_PnP_Audio_Device.wav,timbre,0.4667
outside2,p105,/media/storage/hadleigh/stegaphone_data/final_rec//p105/timbre/sample_6/watermarked_outside2_recording_Yeti_Stereo_Microphone.wav,timbre,0.4000
outside2,p105,/media/storage/hadleigh/stegaphone_data/final_rec//p105/timbre/sample_6/watermarked_outside2_recording_iPhone_Microphone.wav,timbre,0.4667
outside2,p105,/media/storage/hadleigh/stegaphone_data/final_rec//p105/timbre/sample_6/watermarked_outside2_recording_USB_Lavalier_Microphone.wav,timbre,0.4333
outside2,p105,/media/storage/hadleigh/stegaphone_data/final_rec//p105/timbre/sample_1/watermarked_outside2_recording_Fifine_USB_PnP_Audio_Device.wav,timbre,0.3333
outside2,p105,/media/storage/hadleigh/stegaphone_data/final_rec//p105/timbre/sample_1/watermarked_outside2_recording_Yeti_Stereo_Microphone.wav,timbre,0.3000
outside2,p105,/media/storage/hadleigh/stegaphone_data/final_rec//p105/timbre/sample_1/watermarked_outside2_recording_iPhone_Microphone.wav,timbre,0.2667
outside2,p105,/media/storage/hadleigh/stegaphone_data/final_rec//p105/timbre/sample_1/watermarked_outside2_recording_USB_Lavalier_Microphone.wav,timbre,0.3000
outside2,p106,/media/storage/hadleigh/stegaphone_data/final_rec//p106/timbre/sample_7/watermarked_outside2_recording_Fifine_USB_PnP_Audio_Device.wav,timbre,0.5000
outside2,p106,/media/storage/hadleigh/stegaphone_data/final_rec//p106/timbre/sample_7/watermarked_outside2_recording_Yeti_Stereo_Microphone.wav,timbre,0.5000
outside2,p106,/media/storage/hadleigh/stegaphone_data/final_rec//p106/timbre/sample_7/watermarked_outside2_recording_iPhone_Microphone.wav,timbre,0.5000
outside2,p106,/media/storage/hadleigh/stegaphone_data/final_rec//p106/timbre/sample_7/watermarked_outside2_recording_USB_Lavalier_Microphone.wav,timbre,0.5000
outside2,p106,/media/storage/hadleigh/stegaphone_data/final_rec//p106/timbre/sample_2/watermarked_outside2_recording_Fifine_USB_PnP_Audio_Device.wav,timbre,0.4333
outside2,p106,/media/storage/hadleigh/stegaphone_data/final_rec//p106/timbre/sample_2/watermarked_outside2_recording_Yeti_Stereo_Microphone.wav,timbre,0.4333
outside2,p106,/media/storage/hadleigh/stegaphone_data/final_rec//p106/timbre/sample_2/watermarked_outside2_recording_iPhone_Microphone.wav,timbre,0.4667
outside2,p106,/media/storage/hadleigh/stegaphone_data/final_rec//p106/timbre/sample_2/watermarked_outside2_recording_USB_Lavalier_Microphone.wav,timbre,0.4667
outside2,p106,/media/storage/hadleigh/stegaphone_data/final_rec//p106/timbre/sample_3/watermarked_outside2_recording_Fifine_USB_PnP_Audio_Device.wav,timbre,0.5333
outside2,p106,/media/storage/hadleigh/stegaphone_data/final_rec//p106/timbre/sample_3/watermarked_outside2_recording_Yeti_Stereo_Microphone.wav,timbre,0.5000
outside2,p106,/media/storage/hadleigh/stegaphone_data/final_rec//p106/timbre/sample_3/watermarked_outside2_recording_iPhone_Microphone.wav,timbre,0.5000
outside2,p106,/media/storage/hadleigh/stegaphone_data/final_rec//p106/timbre/sample_3/watermarked_outside2_recording_USB_Lavalier_Microphone.wav,timbre,0.4667
outside2,p106,/media/storage/hadleigh/stegaphone_data/final_rec//p106/timbre/sample_5/watermarked_outside2_recording_Fifine_USB_PnP_Audio_Device.wav,timbre,0.3333
outside2,p106,/media/storage/hadleigh/stegaphone_data/final_rec//p106/timbre/sample_5/watermarked_outside2_recording_Yeti_Stereo_Microphone.wav,timbre,0.3000
outside2,p106,/media/storage/hadleigh/stegaphone_data/final_rec//p106/timbre/sample_5/watermarked_outside2_recording_iPhone_Microphone.wav,timbre,0.3667
outside2,p106,/media/storage/hadleigh/stegaphone_data/final_rec//p106/timbre/sample_5/watermarked_outside2_recording_USB_Lavalier_Microphone.wav,timbre,0.3000
outside2,p106,/media/storage/hadleigh/stegaphone_data/final_rec//p106/timbre/sample_8/watermarked_outside2_recording_Fifine_USB_PnP_Audio_Device.wav,timbre,0.4000
outside2,p106,/media/storage/hadleigh/stegaphone_data/final_rec//p106/timbre/sample_8/watermarked_outside2_recording_Yeti_Stereo_Microphone.wav,timbre,0.4000
outside2,p106,/media/storage/hadleigh/stegaphone_data/final_rec//p106/timbre/sample_8/watermarked_outside2_recording_iPhone_Microphone.wav,timbre,0.4000
outside2,p106,/media/storage/hadleigh/stegaphone_data/final_rec//p106/timbre/sample_8/watermarked_outside2_recording_USB_Lavalier_Microphone.wav,timbre,0.4000
outside2,p106,/media/storage/hadleigh/stegaphone_data/final_rec//p106/timbre/sample_10/watermarked_outside2_recording_Fifine_USB_PnP_Audio_Device.wav,timbre,0.5000
outside2,p106,/media/storage/hadleigh/stegaphone_data/final_rec//p106/timbre/sample_10/watermarked_outside2_recording_Yeti_Stereo_Microphone.wav,timbre,0.4667
outside2,p106,/media/storage/hadleigh/stegaphone_data/final_rec//p106/timbre/sample_10/watermarked_outside2_recording_iPhone_Microphone.wav,timbre,0.5000
outside2,p106,/media/storage/hadleigh/stegaphone_data/final_rec//p106/timbre/sample_10/watermarked_outside2_recording_USB_Lavalier_Microphone.wav,timbre,0.5000
outside2,p106,/media/storage/hadleigh/stegaphone_data/final_rec//p106/timbre/sample_4/watermarked_outside2_recording_Fifine_USB_PnP_Audio_Device.wav,timbre,0.4000
outside2,p106,/media/storage/hadleigh/stegaphone_data/final_rec//p106/timbre/sample_4/watermarked_outside2_recording_Yeti_Stereo_Microphone.wav,timbre,0.4333
outside2,p106,/media/storage/hadleigh/stegaphone_data/final_rec//p106/timbre/sample_4/watermarked_outside2_recording_iPhone_Microphone.wav,timbre,0.4333
outside2,p106,/media/storage/hadleigh/stegaphone_data/final_rec//p106/timbre/sample_4/watermarked_outside2_recording_USB_Lavalier_Microphone.wav,timbre,0.4333
outside2,p106,/media/storage/hadleigh/stegaphone_data/final_rec//p106/timbre/sample_9/watermarked_outside2_recording_Fifine_USB_PnP_Audio_Device.wav,timbre,0.4333
outside2,p106,/media/storage/hadleigh/stegaphone_data/final_rec//p106/timbre/sample_9/watermarked_outside2_recording_Yeti_Stereo_Microphone.wav,timbre,0.4333
outside2,p106,/media/storage/hadleigh/stegaphone_data/final_rec//p106/timbre/sample_9/watermarked_outside2_recording_iPhone_Microphone.wav,timbre,0.4667
outside2,p106,/media/storage/hadleigh/stegaphone_data/final_rec//p106/timbre/sample_9/watermarked_outside2_recording_USB_Lavalier_Microphone.wav,timbre,0.4667
outside2,p106,/media/storage/hadleigh/stegaphone_data/final_rec//p106/timbre/sample_6/watermarked_outside2_recording_Fifine_USB_PnP_Audio_Device.wav,timbre,0.3000
outside2,p106,/media/storage/hadleigh/stegaphone_data/final_rec//p106/timbre/sample_6/watermarked_outside2_recording_Yeti_Stereo_Microphone.wav,timbre,0.2667
outside2,p106,/media/storage/hadleigh/stegaphone_data/final_rec//p106/timbre/sample_6/watermarked_outside2_recording_iPhone_Microphone.wav,timbre,0.2667
outside2,p106,/media/storage/hadleigh/stegaphone_data/final_rec//p106/timbre/sample_6/watermarked_outside2_recording_USB_Lavalier_Microphone.wav,timbre,0.2333
outside2,p106,/media/storage/hadleigh/stegaphone_data/final_rec//p106/timbre/sample_1/watermarked_outside2_recording_Fifine_USB_PnP_Audio_Device.wav,timbre,0.4000
outside2,p106,/media/storage/hadleigh/stegaphone_data/final_rec//p106/timbre/sample_1/watermarked_outside2_recording_Yeti_Stereo_Microphone.wav,timbre,0.4000
outside2,p106,/media/storage/hadleigh/stegaphone_data/final_rec//p106/timbre/sample_1/watermarked_outside2_recording_iPhone_Microphone.wav,timbre,0.4333
outside2,p106,/media/storage/hadleigh/stegaphone_data/final_rec//p106/timbre/sample_1/watermarked_outside2_recording_USB_Lavalier_Microphone.wav,timbre,0.4333
outside2,p107,/media/storage/hadleigh/stegaphone_data/final_rec//p107/timbre/sample_7/watermarked_outside2_recording_Fifine_USB_PnP_Audio_Device.wav,timbre,0.3667
outside2,p107,/media/storage/hadleigh/stegaphone_data/final_rec//p107/timbre/sample_7/watermarked_outside2_recording_Yeti_Stereo_Microphone.wav,timbre,0.3000
outside2,p107,/media/storage/hadleigh/stegaphone_data/final_rec//p107/timbre/sample_7/watermarked_outside2_recording_iPhone_Microphone.wav,timbre,0.3667
outside2,p107,/media/storage/hadleigh/stegaphone_data/final_rec//p107/timbre/sample_7/watermarked_outside2_recording_USB_Lavalier_Microphone.wav,timbre,0.3667
outside2,p107,/media/storage/hadleigh/stegaphone_data/final_rec//p107/timbre/sample_2/watermarked_outside2_recording_Fifine_USB_PnP_Audio_Device.wav,timbre,0.5333
outside2,p107,/media/storage/hadleigh/stegaphone_data/final_rec//p107/timbre/sample_2/watermarked_outside2_recording_Yeti_Stereo_Microphone.wav,timbre,0.5667
outside2,p107,/media/storage/hadleigh/stegaphone_data/final_rec//p107/timbre/sample_2/watermarked_outside2_recording_iPhone_Microphone.wav,timbre,0.5333
outside2,p107,/media/storage/hadleigh/stegaphone_data/final_rec//p107/timbre/sample_2/watermarked_outside2_recording_USB_Lavalier_Microphone.wav,timbre,0.5333
outside2,p107,/media/storage/hadleigh/stegaphone_data/final_rec//p107/timbre/sample_3/watermarked_outside2_recording_Fifine_USB_PnP_Audio_Device.wav,timbre,0.2667
outside2,p107,/media/storage/hadleigh/stegaphone_data/final_rec//p107/timbre/sample_3/watermarked_outside2_recording_Yeti_Stereo_Microphone.wav,timbre,0.2667
outside2,p107,/media/storage/hadleigh/stegaphone_data/final_rec//p107/timbre/sample_3/watermarked_outside2_recording_iPhone_Microphone.wav,timbre,0.3333
outside2,p107,/media/storage/hadleigh/stegaphone_data/final_rec//p107/timbre/sample_3/watermarked_outside2_recording_USB_Lavalier_Microphone.wav,timbre,0.3000
outside2,p107,/media/storage/hadleigh/stegaphone_data/final_rec//p107/timbre/sample_5/watermarked_outside2_recording_Fifine_USB_PnP_Audio_Device.wav,timbre,0.5667
outside2,p107,/media/storage/hadleigh/stegaphone_data/final_rec//p107/timbre/sample_5/watermarked_outside2_recording_Yeti_Stereo_Microphone.wav,timbre,0.5333
outside2,p107,/media/storage/hadleigh/stegaphone_data/final_rec//p107/timbre/sample_5/watermarked_outside2_recording_iPhone_Microphone.wav,timbre,0.5667
outside2,p107,/media/storage/hadleigh/stegaphone_data/final_rec//p107/timbre/sample_5/watermarked_outside2_recording_USB_Lavalier_Microphone.wav,timbre,0.5667
outside2,p107,/media/storage/hadleigh/stegaphone_data/final_rec//p107/timbre/sample_8/watermarked_outside2_recording_Fifine_USB_PnP_Audio_Device.wav,timbre,0.4000
outside2,p107,/media/storage/hadleigh/stegaphone_data/final_rec//p107/timbre/sample_8/watermarked_outside2_recording_Yeti_Stereo_Microphone.wav,timbre,0.3667
outside2,p107,/media/storage/hadleigh/stegaphone_data/final_rec//p107/timbre/sample_8/watermarked_outside2_recording_iPhone_Microphone.wav,timbre,0.4000
outside2,p107,/media/storage/hadleigh/stegaphone_data/final_rec//p107/timbre/sample_8/watermarked_outside2_recording_USB_Lavalier_Microphone.wav,timbre,0.4000
outside2,p107,/media/storage/hadleigh/stegaphone_data/final_rec//p107/timbre/sample_10/watermarked_outside2_recording_Fifine_USB_PnP_Audio_Device.wav,timbre,0.3667
outside2,p107,/media/storage/hadleigh/stegaphone_data/final_rec//p107/timbre/sample_10/watermarked_outside2_recording_Yeti_Stereo_Microphone.wav,timbre,0.3667
outside2,p107,/media/storage/hadleigh/stegaphone_data/final_rec//p107/timbre/sample_10/watermarked_outside2_recording_iPhone_Microphone.wav,timbre,0.4000
outside2,p107,/media/storage/hadleigh/stegaphone_data/final_rec//p107/timbre/sample_10/watermarked_outside2_recording_USB_Lavalier_Microphone.wav,timbre,0.4000
outside2,p107,/media/storage/hadleigh/stegaphone_data/final_rec//p107/timbre/sample_4/watermarked_outside2_recording_Fifine_USB_PnP_Audio_Device.wav,timbre,0.5000
outside2,p107,/media/storage/hadleigh/stegaphone_data/final_rec//p107/timbre/sample_4/watermarked_outside2_recording_Yeti_Stereo_Microphone.wav,timbre,0.5000
outside2,p107,/media/storage/hadleigh/stegaphone_data/final_rec//p107/timbre/sample_4/watermarked_outside2_recording_iPhone_Microphone.wav,timbre,0.5333
outside2,p107,/media/storage/hadleigh/stegaphone_data/final_rec//p107/timbre/sample_4/watermarked_outside2_recording_USB_Lavalier_Microphone.wav,timbre,0.5333
outside2,p107,/media/storage/hadleigh/stegaphone_data/final_rec//p107/timbre/sample_9/watermarked_outside2_recording_Fifine_USB_PnP_Audio_Device.wav,timbre,0.5333
outside2,p107,/media/storage/hadleigh/stegaphone_data/final_rec//p107/timbre/sample_9/watermarked_outside2_recording_Yeti_Stereo_Microphone.wav,timbre,0.5667
outside2,p107,/media/storage/hadleigh/stegaphone_data/final_rec//p107/timbre/sample_9/watermarked_outside2_recording_iPhone_Microphone.wav,timbre,0.5667
outside2,p107,/media/storage/hadleigh/stegaphone_data/final_rec//p107/timbre/sample_9/watermarked_outside2_recording_USB_Lavalier_Microphone.wav,timbre,0.5333
outside2,p107,/media/storage/hadleigh/stegaphone_data/final_rec//p107/timbre/sample_6/watermarked_outside2_recording_Fifine_USB_PnP_Audio_Device.wav,timbre,0.5000
outside2,p107,/media/storage/hadleigh/stegaphone_data/final_rec//p107/timbre/sample_6/watermarked_outside2_recording_Yeti_Stereo_Microphone.wav,timbre,0.6000
outside2,p107,/media/storage/hadleigh/stegaphone_data/final_rec//p107/timbre/sample_6/watermarked_outside2_recording_iPhone_Microphone.wav,timbre,0.5667
outside2,p107,/media/storage/hadleigh/stegaphone_data/final_rec//p107/timbre/sample_6/watermarked_outside2_recording_USB_Lavalier_Microphone.wav,timbre,0.6000
outside2,p107,/media/storage/hadleigh/stegaphone_data/final_rec//p107/timbre/sample_1/watermarked_outside2_recording_Fifine_USB_PnP_Audio_Device.wav,timbre,0.5667
outside2,p107,/media/storage/hadleigh/stegaphone_data/final_rec//p107/timbre/sample_1/watermarked_outside2_recording_Yeti_Stereo_Microphone.wav,timbre,0.5000
outside2,p107,/media/storage/hadleigh/stegaphone_data/final_rec//p107/timbre/sample_1/watermarked_outside2_recording_iPhone_Microphone.wav,timbre,0.4667
outside2,p107,/media/storage/hadleigh/stegaphone_data/final_rec//p107/timbre/sample_1/watermarked_outside2_recording_USB_Lavalier_Microphone.wav,timbre,0.5000
conference,p102,/media/storage/hadleigh/stegaphone_data/final_rec//p102/timbre/sample_7/watermarked_conference_recording_USB_Lavalier_Microphone.wav,timbre,0.5667
conference,p102,/media/storage/hadleigh/stegaphone_data/final_rec//p102/timbre/sample_7/watermarked_conference_recording_iPhone_Microphone.wav,timbre,0.4000
conference,p102,/media/storage/hadleigh/stegaphone_data/final_rec//p102/timbre/sample_7/watermarked_conference_recording_Yeti_Stereo_Microphone.wav,timbre,0.5333
conference,p102,/media/storage/hadleigh/stegaphone_data/final_rec//p102/timbre/sample_7/watermarked_conference_recording_Fifine_USB_PnP_Audio_Device.wav,timbre,0.3667
conference,p102,/media/storage/hadleigh/stegaphone_data/final_rec//p102/timbre/sample_2/watermarked_conference_recording_USB_Lavalier_Microphone.wav,timbre,0.3000
conference,p102,/media/storage/hadleigh/stegaphone_data/final_rec//p102/timbre/sample_2/watermarked_conference_recording_iPhone_Microphone.wav,timbre,0.1667
conference,p102,/media/storage/hadleigh/stegaphone_data/final_rec//p102/timbre/sample_2/watermarked_conference_recording_Yeti_Stereo_Microphone.wav,timbre,0.3000
conference,p102,/media/storage/hadleigh/stegaphone_data/final_rec//p102/timbre/sample_2/watermarked_conference_recording_Fifine_USB_PnP_Audio_Device.wav,timbre,0.3000
conference,p102,/media/storage/hadleigh/stegaphone_data/final_rec//p102/timbre/sample_3/watermarked_conference_recording_USB_Lavalier_Microphone.wav,timbre,0.3667
conference,p102,/media/storage/hadleigh/stegaphone_data/final_rec//p102/timbre/sample_3/watermarked_conference_recording_iPhone_Microphone.wav,timbre,0.3000
conference,p102,/media/storage/hadleigh/stegaphone_data/final_rec//p102/timbre/sample_3/watermarked_conference_recording_Yeti_Stereo_Microphone.wav,timbre,0.2667
conference,p102,/media/storage/hadleigh/stegaphone_data/final_rec//p102/timbre/sample_3/watermarked_conference_recording_Fifine_USB_PnP_Audio_Device.wav,timbre,0.3000
conference,p102,/media/storage/hadleigh/stegaphone_data/final_rec//p102/timbre/sample_5/watermarked_conference_recording_USB_Lavalier_Microphone.wav,timbre,0.4667
conference,p102,/media/storage/hadleigh/stegaphone_data/final_rec//p102/timbre/sample_5/watermarked_conference_recording_iPhone_Microphone.wav,timbre,0.3000
conference,p102,/media/storage/hadleigh/stegaphone_data/final_rec//p102/timbre/sample_5/watermarked_conference_recording_Yeti_Stereo_Microphone.wav,timbre,0.4000
conference,p102,/media/storage/hadleigh/stegaphone_data/final_rec//p102/timbre/sample_5/watermarked_conference_recording_Fifine_USB_PnP_Audio_Device.wav,timbre,0.3000
conference,p102,/media/storage/hadleigh/stegaphone_data/final_rec//p102/timbre/sample_8/watermarked_conference_recording_USB_Lavalier_Microphone.wav,timbre,0.2333
conference,p102,/media/storage/hadleigh/stegaphone_data/final_rec//p102/timbre/sample_8/watermarked_conference_recording_iPhone_Microphone.wav,timbre,0.1333
conference,p102,/media/storage/hadleigh/stegaphone_data/final_rec//p102/timbre/sample_8/watermarked_conference_recording_Yeti_Stereo_Microphone.wav,timbre,0.2000
conference,p102,/media/storage/hadleigh/stegaphone_data/final_rec//p102/timbre/sample_8/watermarked_conference_recording_Fifine_USB_PnP_Audio_Device.wav,timbre,0.2333
conference,p102,/media/storage/hadleigh/stegaphone_data/final_rec//p102/timbre/sample_10/watermarked_conference_recording_USB_Lavalier_Microphone.wav,timbre,0.4333
conference,p102,/media/storage/hadleigh/stegaphone_data/final_rec//p102/timbre/sample_10/watermarked_conference_recording_iPhone_Microphone.wav,timbre,0.2000
conference,p102,/media/storage/hadleigh/stegaphone_data/final_rec//p102/timbre/sample_10/watermarked_conference_recording_Yeti_Stereo_Microphone.wav,timbre,0.3333
conference,p102,/media/storage/hadleigh/stegaphone_data/final_rec//p102/timbre/sample_10/watermarked_conference_recording_Fifine_USB_PnP_Audio_Device.wav,timbre,0.3000
conference,p102,/media/storage/hadleigh/stegaphone_data/final_rec//p102/timbre/sample_4/watermarked_conference_recording_USB_Lavalier_Microphone.wav,timbre,0.5333
conference,p102,/media/storage/hadleigh/stegaphone_data/final_rec//p102/timbre/sample_4/watermarked_conference_recording_iPhone_Microphone.wav,timbre,0.3000
conference,p102,/media/storage/hadleigh/stegaphone_data/final_rec//p102/timbre/sample_4/watermarked_conference_recording_Yeti_Stereo_Microphone.wav,timbre,0.5667
conference,p102,/media/storage/hadleigh/stegaphone_data/final_rec//p102/timbre/sample_4/watermarked_conference_recording_Fifine_USB_PnP_Audio_Device.wav,timbre,0.4333
conference,p102,/media/storage/hadleigh/stegaphone_data/final_rec//p102/timbre/sample_9/watermarked_conference_recording_USB_Lavalier_Microphone.wav,timbre,0.2667
conference,p102,/media/storage/hadleigh/stegaphone_data/final_rec//p102/timbre/sample_9/watermarked_conference_recording_iPhone_Microphone.wav,timbre,0.2667
conference,p102,/media/storage/hadleigh/stegaphone_data/final_rec//p102/timbre/sample_9/watermarked_conference_recording_Yeti_Stereo_Microphone.wav,timbre,0.2000
conference,p102,/media/storage/hadleigh/stegaphone_data/final_rec//p102/timbre/sample_9/watermarked_conference_recording_Fifine_USB_PnP_Audio_Device.wav,timbre,0.2333
conference,p102,/media/storage/hadleigh/stegaphone_data/final_rec//p102/timbre/sample_6/watermarked_conference_recording_USB_Lavalier_Microphone.wav,timbre,0.5333
conference,p102,/media/storage/hadleigh/stegaphone_data/final_rec//p102/timbre/sample_6/watermarked_conference_recording_iPhone_Microphone.wav,timbre,0.4000
conference,p102,/media/storage/hadleigh/stegaphone_data/final_rec//p102/timbre/sample_6/watermarked_conference_recording_Yeti_Stereo_Microphone.wav,timbre,0.4667
conference,p102,/media/storage/hadleigh/stegaphone_data/final_rec//p102/timbre/sample_6/watermarked_conference_recording_Fifine_USB_PnP_Audio_Device.wav,timbre,0.3333
conference,p102,/media/storage/hadleigh/stegaphone_data/final_rec//p102/timbre/sample_1/watermarked_conference_recording_USB_Lavalier_Microphone.wav,timbre,0.6000
conference,p102,/media/storage/hadleigh/stegaphone_data/final_rec//p102/timbre/sample_1/watermarked_conference_recording_iPhone_Microphone.wav,timbre,0.2000
conference,p102,/media/storage/hadleigh/stegaphone_data/final_rec//p102/timbre/sample_1/watermarked_conference_recording_Yeti_Stereo_Microphone.wav,timbre,0.4333
conference,p102,/media/storage/hadleigh/stegaphone_data/final_rec//p102/timbre/sample_1/watermarked_conference_recording_Fifine_USB_PnP_Audio_Device.wav,timbre,0.4000
conference,p103,/media/storage/hadleigh/stegaphone_data/final_rec//p103/timbre/sample_7/watermarked_conference_recording_USB_Lavalier_Microphone.wav,timbre,0.3333
conference,p103,/media/storage/hadleigh/stegaphone_data/final_rec//p103/timbre/sample_7/watermarked_conference_recording_iPhone_Microphone.wav,timbre,0.3000
conference,p103,/media/storage/hadleigh/stegaphone_data/final_rec//p103/timbre/sample_7/watermarked_conference_recording_Yeti_Stereo_Microphone.wav,timbre,0.1667
conference,p103,/media/storage/hadleigh/stegaphone_data/final_rec//p103/timbre/sample_7/watermarked_conference_recording_Fifine_USB_PnP_Audio_Device.wav,timbre,0.1333
conference,p103,/media/storage/hadleigh/stegaphone_data/final_rec//p103/timbre/sample_2/watermarked_conference_recording_USB_Lavalier_Microphone.wav,timbre,0.3000
conference,p103,/media/storage/hadleigh/stegaphone_data/final_rec//p103/timbre/sample_2/watermarked_conference_recording_iPhone_Microphone.wav,timbre,0.1667
conference,p103,/media/storage/hadleigh/stegaphone_data/final_rec//p103/timbre/sample_2/watermarked_conference_recording_Yeti_Stereo_Microphone.wav,timbre,0.3000
conference,p103,/media/storage/hadleigh/stegaphone_data/final_rec//p103/timbre/sample_2/watermarked_conference_recording_Fifine_USB_PnP_Audio_Device.wav,timbre,0.2333
conference,p103,/media/storage/hadleigh/stegaphone_data/final_rec//p103/timbre/sample_3/watermarked_conference_recording_USB_Lavalier_Microphone.wav,timbre,0.3000
conference,p103,/media/storage/hadleigh/stegaphone_data/final_rec//p103/timbre/sample_3/watermarked_conference_recording_iPhone_Microphone.wav,timbre,0.2667
conference,p103,/media/storage/hadleigh/stegaphone_data/final_rec//p103/timbre/sample_3/watermarked_conference_recording_Yeti_Stereo_Microphone.wav,timbre,0.2000
conference,p103,/media/storage/hadleigh/stegaphone_data/final_rec//p103/timbre/sample_3/watermarked_conference_recording_Fifine_USB_PnP_Audio_Device.wav,timbre,0.2333
conference,p103,/media/storage/hadleigh/stegaphone_data/final_rec//p103/timbre/sample_5/watermarked_conference_recording_USB_Lavalier_Microphone.wav,timbre,0.3333
conference,p103,/media/storage/hadleigh/stegaphone_data/final_rec//p103/timbre/sample_5/watermarked_conference_recording_iPhone_Microphone.wav,timbre,0.3000
conference,p103,/media/storage/hadleigh/stegaphone_data/final_rec//p103/timbre/sample_5/watermarked_conference_recording_Yeti_Stereo_Microphone.wav,timbre,0.2000
conference,p103,/media/storage/hadleigh/stegaphone_data/final_rec//p103/timbre/sample_5/watermarked_conference_recording_Fifine_USB_PnP_Audio_Device.wav,timbre,0.3000
conference,p103,/media/storage/hadleigh/stegaphone_data/final_rec//p103/timbre/sample_8/watermarked_conference_recording_USB_Lavalier_Microphone.wav,timbre,0.2000
conference,p103,/media/storage/hadleigh/stegaphone_data/final_rec//p103/timbre/sample_8/watermarked_conference_recording_iPhone_Microphone.wav,timbre,0.1333
conference,p103,/media/storage/hadleigh/stegaphone_data/final_rec//p103/timbre/sample_8/watermarked_conference_recording_Yeti_Stereo_Microphone.wav,timbre,0.2000
conference,p103,/media/storage/hadleigh/stegaphone_data/final_rec//p103/timbre/sample_8/watermarked_conference_recording_Fifine_USB_PnP_Audio_Device.wav,timbre,0.1667
conference,p103,/media/storage/hadleigh/stegaphone_data/final_rec//p103/timbre/sample_10/watermarked_conference_recording_USB_Lavalier_Microphone.wav,timbre,0.3000
conference,p103,/media/storage/hadleigh/stegaphone_data/final_rec//p103/timbre/sample_10/watermarked_conference_recording_iPhone_Microphone.wav,timbre,0.1333
conference,p103,/media/storage/hadleigh/stegaphone_data/final_rec//p103/timbre/sample_10/watermarked_conference_recording_Yeti_Stereo_Microphone.wav,timbre,0.1667
conference,p103,/media/storage/hadleigh/stegaphone_data/final_rec//p103/timbre/sample_10/watermarked_conference_recording_Fifine_USB_PnP_Audio_Device.wav,timbre,0.2000
conference,p103,/media/storage/hadleigh/stegaphone_data/final_rec//p103/timbre/sample_4/watermarked_conference_recording_USB_Lavalier_Microphone.wav,timbre,0.3000
conference,p103,/media/storage/hadleigh/stegaphone_data/final_rec//p103/timbre/sample_4/watermarked_conference_recording_iPhone_Microphone.wav,timbre,0.2333
conference,p103,/media/storage/hadleigh/stegaphone_data/final_rec//p103/timbre/sample_4/watermarked_conference_recording_Yeti_Stereo_Microphone.wav,timbre,0.2000
conference,p103,/media/storage/hadleigh/stegaphone_data/final_rec//p103/timbre/sample_4/watermarked_conference_recording_Fifine_USB_PnP_Audio_Device.wav,timbre,0.2667
conference,p103,/media/storage/hadleigh/stegaphone_data/final_rec//p103/timbre/sample_9/watermarked_conference_recording_USB_Lavalier_Microphone.wav,timbre,0.3333
conference,p103,/media/storage/hadleigh/stegaphone_data/final_rec//p103/timbre/sample_9/watermarked_conference_recording_iPhone_Microphone.wav,timbre,0.3667
conference,p103,/media/storage/hadleigh/stegaphone_data/final_rec//p103/timbre/sample_9/watermarked_conference_recording_Yeti_Stereo_Microphone.wav,timbre,0.3667
conference,p103,/media/storage/hadleigh/stegaphone_data/final_rec//p103/timbre/sample_9/watermarked_conference_recording_Fifine_USB_PnP_Audio_Device.wav,timbre,0.3333
conference,p103,/media/storage/hadleigh/stegaphone_data/final_rec//p103/timbre/sample_6/watermarked_conference_recording_USB_Lavalier_Microphone.wav,timbre,0.2333
conference,p103,/media/storage/hadleigh/stegaphone_data/final_rec//p103/timbre/sample_6/watermarked_conference_recording_iPhone_Microphone.wav,timbre,0.2667
conference,p103,/media/storage/hadleigh/stegaphone_data/final_rec//p103/timbre/sample_6/watermarked_conference_recording_Yeti_Stereo_Microphone.wav,timbre,0.3000
conference,p103,/media/storage/hadleigh/stegaphone_data/final_rec//p103/timbre/sample_6/watermarked_conference_recording_Fifine_USB_PnP_Audio_Device.wav,timbre,0.2000
conference,p103,/media/storage/hadleigh/stegaphone_data/final_rec//p103/timbre/sample_1/watermarked_conference_recording_USB_Lavalier_Microphone.wav,timbre,0.2000
conference,p103,/media/storage/hadleigh/stegaphone_data/final_rec//p103/timbre/sample_1/watermarked_conference_recording_iPhone_Microphone.wav,timbre,0.2333
conference,p103,/media/storage/hadleigh/stegaphone_data/final_rec//p103/timbre/sample_1/watermarked_conference_recording_Yeti_Stereo_Microphone.wav,timbre,0.2667
conference,p103,/media/storage/hadleigh/stegaphone_data/final_rec//p103/timbre/sample_1/watermarked_conference_recording_Fifine_USB_PnP_Audio_Device.wav,timbre,0.2667
conference,p104,/media/storage/hadleigh/stegaphone_data/final_rec//p104/timbre/sample_7/watermarked_conference_recording_USB_Lavalier_Microphone.wav,timbre,0.5667
conference,p104,/media/storage/hadleigh/stegaphone_data/final_rec//p104/timbre/sample_7/watermarked_conference_recording_iPhone_Microphone.wav,timbre,0.4667
conference,p104,/media/storage/hadleigh/stegaphone_data/final_rec//p104/timbre/sample_7/watermarked_conference_recording_Yeti_Stereo_Microphone.wav,timbre,0.3667
conference,p104,/media/storage/hadleigh/stegaphone_data/final_rec//p104/timbre/sample_7/watermarked_conference_recording_Fifine_USB_PnP_Audio_Device.wav,timbre,0.3667
conference,p104,/media/storage/hadleigh/stegaphone_data/final_rec//p104/timbre/sample_2/watermarked_conference_recording_USB_Lavalier_Microphone.wav,timbre,0.4000
conference,p104,/media/storage/hadleigh/stegaphone_data/final_rec//p104/timbre/sample_2/watermarked_conference_recording_iPhone_Microphone.wav,timbre,0.3333
conference,p104,/media/storage/hadleigh/stegaphone_data/final_rec//p104/timbre/sample_2/watermarked_conference_recording_Yeti_Stereo_Microphone.wav,timbre,0.2667
conference,p104,/media/storage/hadleigh/stegaphone_data/final_rec//p104/timbre/sample_2/watermarked_conference_recording_Fifine_USB_PnP_Audio_Device.wav,timbre,0.2667
conference,p104,/media/storage/hadleigh/stegaphone_data/final_rec//p104/timbre/sample_3/watermarked_conference_recording_USB_Lavalier_Microphone.wav,timbre,0.5333
conference,p104,/media/storage/hadleigh/stegaphone_data/final_rec//p104/timbre/sample_3/watermarked_conference_recording_iPhone_Microphone.wav,timbre,0.4333
conference,p104,/media/storage/hadleigh/stegaphone_data/final_rec//p104/timbre/sample_3/watermarked_conference_recording_Yeti_Stereo_Microphone.wav,timbre,0.5333
conference,p104,/media/storage/hadleigh/stegaphone_data/final_rec//p104/timbre/sample_3/watermarked_conference_recording_Fifine_USB_PnP_Audio_Device.wav,timbre,0.5000
conference,p104,/media/storage/hadleigh/stegaphone_data/final_rec//p104/timbre/sample_5/watermarked_conference_recording_USB_Lavalier_Microphone.wav,timbre,0.5333
conference,p104,/media/storage/hadleigh/stegaphone_data/final_rec//p104/timbre/sample_5/watermarked_conference_recording_iPhone_Microphone.wav,timbre,0.4000
conference,p104,/media/storage/hadleigh/stegaphone_data/final_rec//p104/timbre/sample_5/watermarked_conference_recording_Yeti_Stereo_Microphone.wav,timbre,0.4000
conference,p104,/media/storage/hadleigh/stegaphone_data/final_rec//p104/timbre/sample_5/watermarked_conference_recording_Fifine_USB_PnP_Audio_Device.wav,timbre,0.3667
conference,p104,/media/storage/hadleigh/stegaphone_data/final_rec//p104/timbre/sample_8/watermarked_conference_recording_USB_Lavalier_Microphone.wav,timbre,0.5667
conference,p104,/media/storage/hadleigh/stegaphone_data/final_rec//p104/timbre/sample_8/watermarked_conference_recording_iPhone_Microphone.wav,timbre,0.4333
conference,p104,/media/storage/hadleigh/stegaphone_data/final_rec//p104/timbre/sample_8/watermarked_conference_recording_Yeti_Stereo_Microphone.wav,timbre,0.4667
conference,p104,/media/storage/hadleigh/stegaphone_data/final_rec//p104/timbre/sample_8/watermarked_conference_recording_Fifine_USB_PnP_Audio_Device.wav,timbre,0.4667
conference,p104,/media/storage/hadleigh/stegaphone_data/final_rec//p104/timbre/sample_10/watermarked_conference_recording_USB_Lavalier_Microphone.wav,timbre,0.3667
conference,p104,/media/storage/hadleigh/stegaphone_data/final_rec//p104/timbre/sample_10/watermarked_conference_recording_iPhone_Microphone.wav,timbre,0.1667
conference,p104,/media/storage/hadleigh/stegaphone_data/final_rec//p104/timbre/sample_10/watermarked_conference_recording_Yeti_Stereo_Microphone.wav,timbre,0.2667
conference,p104,/media/storage/hadleigh/stegaphone_data/final_rec//p104/timbre/sample_10/watermarked_conference_recording_Fifine_USB_PnP_Audio_Device.wav,timbre,0.3333
conference,p104,/media/storage/hadleigh/stegaphone_data/final_rec//p104/timbre/sample_4/watermarked_conference_recording_USB_Lavalier_Microphone.wav,timbre,0.4333
conference,p104,/media/storage/hadleigh/stegaphone_data/final_rec//p104/timbre/sample_4/watermarked_conference_recording_iPhone_Microphone.wav,timbre,0.2667
conference,p104,/media/storage/hadleigh/stegaphone_data/final_rec//p104/timbre/sample_4/watermarked_conference_recording_Yeti_Stereo_Microphone.wav,timbre,0.3000
conference,p104,/media/storage/hadleigh/stegaphone_data/final_rec//p104/timbre/sample_4/watermarked_conference_recording_Fifine_USB_PnP_Audio_Device.wav,timbre,0.2333
conference,p104,/media/storage/hadleigh/stegaphone_data/final_rec//p104/timbre/sample_9/watermarked_conference_recording_USB_Lavalier_Microphone.wav,timbre,0.3000
conference,p104,/media/storage/hadleigh/stegaphone_data/final_rec//p104/timbre/sample_9/watermarked_conference_recording_iPhone_Microphone.wav,timbre,0.2667
conference,p104,/media/storage/hadleigh/stegaphone_data/final_rec//p104/timbre/sample_9/watermarked_conference_recording_Yeti_Stereo_Microphone.wav,timbre,0.2667
conference,p104,/media/storage/hadleigh/stegaphone_data/final_rec//p104/timbre/sample_9/watermarked_conference_recording_Fifine_USB_PnP_Audio_Device.wav,timbre,0.2000
conference,p104,/media/storage/hadleigh/stegaphone_data/final_rec//p104/timbre/sample_6/watermarked_conference_recording_USB_Lavalier_Microphone.wav,timbre,0.3333
conference,p104,/media/storage/hadleigh/stegaphone_data/final_rec//p104/timbre/sample_6/watermarked_conference_recording_iPhone_Microphone.wav,timbre,0.2667
conference,p104,/media/storage/hadleigh/stegaphone_data/final_rec//p104/timbre/sample_6/watermarked_conference_recording_Yeti_Stereo_Microphone.wav,timbre,0.2333
conference,p104,/media/storage/hadleigh/stegaphone_data/final_rec//p104/timbre/sample_6/watermarked_conference_recording_Fifine_USB_PnP_Audio_Device.wav,timbre,0.2667
conference,p104,/media/storage/hadleigh/stegaphone_data/final_rec//p104/timbre/sample_1/watermarked_conference_recording_USB_Lavalier_Microphone.wav,timbre,0.3667
conference,p104,/media/storage/hadleigh/stegaphone_data/final_rec//p104/timbre/sample_1/watermarked_conference_recording_iPhone_Microphone.wav,timbre,0.1667
conference,p104,/media/storage/hadleigh/stegaphone_data/final_rec//p104/timbre/sample_1/watermarked_conference_recording_Yeti_Stereo_Microphone.wav,timbre,0.2333
conference,p104,/media/storage/hadleigh/stegaphone_data/final_rec//p104/timbre/sample_1/watermarked_conference_recording_Fifine_USB_PnP_Audio_Device.wav,timbre,0.3333
conference,p105,/media/storage/hadleigh/stegaphone_data/final_rec//p105/timbre/sample_7/watermarked_conference_recording_USB_Lavalier_Microphone.wav,timbre,0.4667
conference,p105,/media/storage/hadleigh/stegaphone_data/final_rec//p105/timbre/sample_7/watermarked_conference_recording_iPhone_Microphone.wav,timbre,0.3000
conference,p105,/media/storage/hadleigh/stegaphone_data/final_rec//p105/timbre/sample_7/watermarked_conference_recording_Yeti_Stereo_Microphone.wav,timbre,0.5333
conference,p105,/media/storage/hadleigh/stegaphone_data/final_rec//p105/timbre/sample_7/watermarked_conference_recording_Fifine_USB_PnP_Audio_Device.wav,timbre,0.3000
conference,p105,/media/storage/hadleigh/stegaphone_data/final_rec//p105/timbre/sample_2/watermarked_conference_recording_USB_Lavalier_Microphone.wav,timbre,0.3667
conference,p105,/media/storage/hadleigh/stegaphone_data/final_rec//p105/timbre/sample_2/watermarked_conference_recording_iPhone_Microphone.wav,timbre,0.2667
conference,p105,/media/storage/hadleigh/stegaphone_data/final_rec//p105/timbre/sample_2/watermarked_conference_recording_Yeti_Stereo_Microphone.wav,timbre,0.4000
conference,p105,/media/storage/hadleigh/stegaphone_data/final_rec//p105/timbre/sample_2/watermarked_conference_recording_Fifine_USB_PnP_Audio_Device.wav,timbre,0.3333
conference,p105,/media/storage/hadleigh/stegaphone_data/final_rec//p105/timbre/sample_3/watermarked_conference_recording_USB_Lavalier_Microphone.wav,timbre,0.5000
conference,p105,/media/storage/hadleigh/stegaphone_data/final_rec//p105/timbre/sample_3/watermarked_conference_recording_iPhone_Microphone.wav,timbre,0.3333
conference,p105,/media/storage/hadleigh/stegaphone_data/final_rec//p105/timbre/sample_3/watermarked_conference_recording_Yeti_Stereo_Microphone.wav,timbre,0.3667
conference,p105,/media/storage/hadleigh/stegaphone_data/final_rec//p105/timbre/sample_3/watermarked_conference_recording_Fifine_USB_PnP_Audio_Device.wav,timbre,0.3333
conference,p105,/media/storage/hadleigh/stegaphone_data/final_rec//p105/timbre/sample_5/watermarked_conference_recording_USB_Lavalier_Microphone.wav,timbre,0.2333
conference,p105,/media/storage/hadleigh/stegaphone_data/final_rec//p105/timbre/sample_5/watermarked_conference_recording_iPhone_Microphone.wav,timbre,0.0000
conference,p105,/media/storage/hadleigh/stegaphone_data/final_rec//p105/timbre/sample_5/watermarked_conference_recording_Yeti_Stereo_Microphone.wav,timbre,0.2333
conference,p105,/media/storage/hadleigh/stegaphone_data/final_rec//p105/timbre/sample_5/watermarked_conference_recording_Fifine_USB_PnP_Audio_Device.wav,timbre,0.3333
conference,p105,/media/storage/hadleigh/stegaphone_data/final_rec//p105/timbre/sample_8/watermarked_conference_recording_USB_Lavalier_Microphone.wav,timbre,0.3333
conference,p105,/media/storage/hadleigh/stegaphone_data/final_rec//p105/timbre/sample_8/watermarked_conference_recording_iPhone_Microphone.wav,timbre,0.1667
conference,p105,/media/storage/hadleigh/stegaphone_data/final_rec//p105/timbre/sample_8/watermarked_conference_recording_Yeti_Stereo_Microphone.wav,timbre,0.2333
conference,p105,/media/storage/hadleigh/stegaphone_data/final_rec//p105/timbre/sample_8/watermarked_conference_recording_Fifine_USB_PnP_Audio_Device.wav,timbre,0.2333
conference,p105,/media/storage/hadleigh/stegaphone_data/final_rec//p105/timbre/sample_10/watermarked_conference_recording_USB_Lavalier_Microphone.wav,timbre,0.3667
conference,p105,/media/storage/hadleigh/stegaphone_data/final_rec//p105/timbre/sample_10/watermarked_conference_recording_iPhone_Microphone.wav,timbre,0.2333
conference,p105,/media/storage/hadleigh/stegaphone_data/final_rec//p105/timbre/sample_10/watermarked_conference_recording_Yeti_Stereo_Microphone.wav,timbre,0.2667
conference,p105,/media/storage/hadleigh/stegaphone_data/final_rec//p105/timbre/sample_10/watermarked_conference_recording_Fifine_USB_PnP_Audio_Device.wav,timbre,0.4000
conference,p105,/media/storage/hadleigh/stegaphone_data/final_rec//p105/timbre/sample_4/watermarked_conference_recording_USB_Lavalier_Microphone.wav,timbre,0.3667
conference,p105,/media/storage/hadleigh/stegaphone_data/final_rec//p105/timbre/sample_4/watermarked_conference_recording_iPhone_Microphone.wav,timbre,0.2667
conference,p105,/media/storage/hadleigh/stegaphone_data/final_rec//p105/timbre/sample_4/watermarked_conference_recording_Yeti_Stereo_Microphone.wav,timbre,0.3667
conference,p105,/media/storage/hadleigh/stegaphone_data/final_rec//p105/timbre/sample_4/watermarked_conference_recording_Fifine_USB_PnP_Audio_Device.wav,timbre,0.2667
conference,p105,/media/storage/hadleigh/stegaphone_data/final_rec//p105/timbre/sample_9/watermarked_conference_recording_USB_Lavalier_Microphone.wav,timbre,0.3333
conference,p105,/media/storage/hadleigh/stegaphone_data/final_rec//p105/timbre/sample_9/watermarked_conference_recording_iPhone_Microphone.wav,timbre,0.1000
conference,p105,/media/storage/hadleigh/stegaphone_data/final_rec//p105/timbre/sample_9/watermarked_conference_recording_Yeti_Stereo_Microphone.wav,timbre,0.4000
conference,p105,/media/storage/hadleigh/stegaphone_data/final_rec//p105/timbre/sample_9/watermarked_conference_recording_Fifine_USB_PnP_Audio_Device.wav,timbre,0.3000
conference,p105,/media/storage/hadleigh/stegaphone_data/final_rec//p105/timbre/sample_6/watermarked_conference_recording_USB_Lavalier_Microphone.wav,timbre,0.4000
conference,p105,/media/storage/hadleigh/stegaphone_data/final_rec//p105/timbre/sample_6/watermarked_conference_recording_iPhone_Microphone.wav,timbre,0.3333
conference,p105,/media/storage/hadleigh/stegaphone_data/final_rec//p105/timbre/sample_6/watermarked_conference_recording_Yeti_Stereo_Microphone.wav,timbre,0.3667
conference,p105,/media/storage/hadleigh/stegaphone_data/final_rec//p105/timbre/sample_6/watermarked_conference_recording_Fifine_USB_PnP_Audio_Device.wav,timbre,0.2667
conference,p105,/media/storage/hadleigh/stegaphone_data/final_rec//p105/timbre/sample_1/watermarked_conference_recording_USB_Lavalier_Microphone.wav,timbre,0.3333
conference,p105,/media/storage/hadleigh/stegaphone_data/final_rec//p105/timbre/sample_1/watermarked_conference_recording_iPhone_Microphone.wav,timbre,0.1333
conference,p105,/media/storage/hadleigh/stegaphone_data/final_rec//p105/timbre/sample_1/watermarked_conference_recording_Yeti_Stereo_Microphone.wav,timbre,0.2333
conference,p105,/media/storage/hadleigh/stegaphone_data/final_rec//p105/timbre/sample_1/watermarked_conference_recording_Fifine_USB_PnP_Audio_Device.wav,timbre,0.3000
conference,p106,/media/storage/hadleigh/stegaphone_data/final_rec//p106/timbre/sample_7/watermarked_conference_recording_USB_Lavalier_Microphone.wav,timbre,0.5000
conference,p106,/media/storage/hadleigh/stegaphone_data/final_rec//p106/timbre/sample_7/watermarked_conference_recording_iPhone_Microphone.wav,timbre,0.2333
conference,p106,/media/storage/hadleigh/stegaphone_data/final_rec//p106/timbre/sample_7/watermarked_conference_recording_Yeti_Stereo_Microphone.wav,timbre,0.3000
conference,p106,/media/storage/hadleigh/stegaphone_data/final_rec//p106/timbre/sample_7/watermarked_conference_recording_Fifine_USB_PnP_Audio_Device.wav,timbre,0.3667
conference,p106,/media/storage/hadleigh/stegaphone_data/final_rec//p106/timbre/sample_2/watermarked_conference_recording_USB_Lavalier_Microphone.wav,timbre,0.3333
conference,p106,/media/storage/hadleigh/stegaphone_data/final_rec//p106/timbre/sample_2/watermarked_conference_recording_iPhone_Microphone.wav,timbre,0.2667
conference,p106,/media/storage/hadleigh/stegaphone_data/final_rec//p106/timbre/sample_2/watermarked_conference_recording_Yeti_Stereo_Microphone.wav,timbre,0.3000
conference,p106,/media/storage/hadleigh/stegaphone_data/final_rec//p106/timbre/sample_2/watermarked_conference_recording_Fifine_USB_PnP_Audio_Device.wav,timbre,0.3667
conference,p106,/media/storage/hadleigh/stegaphone_data/final_rec//p106/timbre/sample_3/watermarked_conference_recording_USB_Lavalier_Microphone.wav,timbre,0.4333
conference,p106,/media/storage/hadleigh/stegaphone_data/final_rec//p106/timbre/sample_3/watermarked_conference_recording_iPhone_Microphone.wav,timbre,0.3667
conference,p106,/media/storage/hadleigh/stegaphone_data/final_rec//p106/timbre/sample_3/watermarked_conference_recording_Yeti_Stereo_Microphone.wav,timbre,0.2333
conference,p106,/media/storage/hadleigh/stegaphone_data/final_rec//p106/timbre/sample_3/watermarked_conference_recording_Fifine_USB_PnP_Audio_Device.wav,timbre,0.3667
conference,p106,/media/storage/hadleigh/stegaphone_data/final_rec//p106/timbre/sample_5/watermarked_conference_recording_USB_Lavalier_Microphone.wav,timbre,0.2667
conference,p106,/media/storage/hadleigh/stegaphone_data/final_rec//p106/timbre/sample_5/watermarked_conference_recording_iPhone_Microphone.wav,timbre,0.2000
conference,p106,/media/storage/hadleigh/stegaphone_data/final_rec//p106/timbre/sample_5/watermarked_conference_recording_Yeti_Stereo_Microphone.wav,timbre,0.2667
conference,p106,/media/storage/hadleigh/stegaphone_data/final_rec//p106/timbre/sample_5/watermarked_conference_recording_Fifine_USB_PnP_Audio_Device.wav,timbre,0.2667
conference,p106,/media/storage/hadleigh/stegaphone_data/final_rec//p106/timbre/sample_8/watermarked_conference_recording_USB_Lavalier_Microphone.wav,timbre,0.2667
conference,p106,/media/storage/hadleigh/stegaphone_data/final_rec//p106/timbre/sample_8/watermarked_conference_recording_iPhone_Microphone.wav,timbre,0.2667
conference,p106,/media/storage/hadleigh/stegaphone_data/final_rec//p106/timbre/sample_8/watermarked_conference_recording_Yeti_Stereo_Microphone.wav,timbre,0.2667
conference,p106,/media/storage/hadleigh/stegaphone_data/final_rec//p106/timbre/sample_8/watermarked_conference_recording_Fifine_USB_PnP_Audio_Device.wav,timbre,0.1667
conference,p106,/media/storage/hadleigh/stegaphone_data/final_rec//p106/timbre/sample_10/watermarked_conference_recording_USB_Lavalier_Microphone.wav,timbre,0.3667
conference,p106,/media/storage/hadleigh/stegaphone_data/final_rec//p106/timbre/sample_10/watermarked_conference_recording_iPhone_Microphone.wav,timbre,0.2333
conference,p106,/media/storage/hadleigh/stegaphone_data/final_rec//p106/timbre/sample_10/watermarked_conference_recording_Yeti_Stereo_Microphone.wav,timbre,0.3667
conference,p106,/media/storage/hadleigh/stegaphone_data/final_rec//p106/timbre/sample_10/watermarked_conference_recording_Fifine_USB_PnP_Audio_Device.wav,timbre,0.4000
conference,p106,/media/storage/hadleigh/stegaphone_data/final_rec//p106/timbre/sample_4/watermarked_conference_recording_USB_Lavalier_Microphone.wav,timbre,0.3667
conference,p106,/media/storage/hadleigh/stegaphone_data/final_rec//p106/timbre/sample_4/watermarked_conference_recording_iPhone_Microphone.wav,timbre,0.3667
conference,p106,/media/storage/hadleigh/stegaphone_data/final_rec//p106/timbre/sample_4/watermarked_conference_recording_Yeti_Stereo_Microphone.wav,timbre,0.3667
conference,p106,/media/storage/hadleigh/stegaphone_data/final_rec//p106/timbre/sample_4/watermarked_conference_recording_Fifine_USB_PnP_Audio_Device.wav,timbre,0.3333
conference,p106,/media/storage/hadleigh/stegaphone_data/final_rec//p106/timbre/sample_9/watermarked_conference_recording_USB_Lavalier_Microphone.wav,timbre,0.3667
conference,p106,/media/storage/hadleigh/stegaphone_data/final_rec//p106/timbre/sample_9/watermarked_conference_recording_iPhone_Microphone.wav,timbre,0.1667
conference,p106,/media/storage/hadleigh/stegaphone_data/final_rec//p106/timbre/sample_9/watermarked_conference_recording_Yeti_Stereo_Microphone.wav,timbre,0.2667
conference,p106,/media/storage/hadleigh/stegaphone_data/final_rec//p106/timbre/sample_9/watermarked_conference_recording_Fifine_USB_PnP_Audio_Device.wav,timbre,0.3000
conference,p106,/media/storage/hadleigh/stegaphone_data/final_rec//p106/timbre/sample_6/watermarked_conference_recording_USB_Lavalier_Microphone.wav,timbre,0.2667
conference,p106,/media/storage/hadleigh/stegaphone_data/final_rec//p106/timbre/sample_6/watermarked_conference_recording_iPhone_Microphone.wav,timbre,0.2000
conference,p106,/media/storage/hadleigh/stegaphone_data/final_rec//p106/timbre/sample_6/watermarked_conference_recording_Yeti_Stereo_Microphone.wav,timbre,0.1667
conference,p106,/media/storage/hadleigh/stegaphone_data/final_rec//p106/timbre/sample_6/watermarked_conference_recording_Fifine_USB_PnP_Audio_Device.wav,timbre,0.2000
conference,p106,/media/storage/hadleigh/stegaphone_data/final_rec//p106/timbre/sample_1/watermarked_conference_recording_USB_Lavalier_Microphone.wav,timbre,0.4000
conference,p106,/media/storage/hadleigh/stegaphone_data/final_rec//p106/timbre/sample_1/watermarked_conference_recording_iPhone_Microphone.wav,timbre,0.1333
conference,p106,/media/storage/hadleigh/stegaphone_data/final_rec//p106/timbre/sample_1/watermarked_conference_recording_Yeti_Stereo_Microphone.wav,timbre,0.2667
conference,p106,/media/storage/hadleigh/stegaphone_data/final_rec//p106/timbre/sample_1/watermarked_conference_recording_Fifine_USB_PnP_Audio_Device.wav,timbre,0.3667
conference,p107,/media/storage/hadleigh/stegaphone_data/final_rec//p107/timbre/sample_7/watermarked_conference_recording_USB_Lavalier_Microphone.wav,timbre,0.2667
conference,p107,/media/storage/hadleigh/stegaphone_data/final_rec//p107/timbre/sample_7/watermarked_conference_recording_iPhone_Microphone.wav,timbre,0.1333
conference,p107,/media/storage/hadleigh/stegaphone_data/final_rec//p107/timbre/sample_7/watermarked_conference_recording_Yeti_Stereo_Microphone.wav,timbre,0.2333
conference,p107,/media/storage/hadleigh/stegaphone_data/final_rec//p107/timbre/sample_7/watermarked_conference_recording_Fifine_USB_PnP_Audio_Device.wav,timbre,0.2000
conference,p107,/media/storage/hadleigh/stegaphone_data/final_rec//p107/timbre/sample_2/watermarked_conference_recording_USB_Lavalier_Microphone.wav,timbre,0.4333
conference,p107,/media/storage/hadleigh/stegaphone_data/final_rec//p107/timbre/sample_2/watermarked_conference_recording_iPhone_Microphone.wav,timbre,0.3000
conference,p107,/media/storage/hadleigh/stegaphone_data/final_rec//p107/timbre/sample_2/watermarked_conference_recording_Yeti_Stereo_Microphone.wav,timbre,0.3667
conference,p107,/media/storage/hadleigh/stegaphone_data/final_rec//p107/timbre/sample_2/watermarked_conference_recording_Fifine_USB_PnP_Audio_Device.wav,timbre,0.3667
conference,p107,/media/storage/hadleigh/stegaphone_data/final_rec//p107/timbre/sample_3/watermarked_conference_recording_USB_Lavalier_Microphone.wav,timbre,0.3000
conference,p107,/media/storage/hadleigh/stegaphone_data/final_rec//p107/timbre/sample_3/watermarked_conference_recording_iPhone_Microphone.wav,timbre,0.1333
conference,p107,/media/storage/hadleigh/stegaphone_data/final_rec//p107/timbre/sample_3/watermarked_conference_recording_Yeti_Stereo_Microphone.wav,timbre,0.2000
conference,p107,/media/storage/hadleigh/stegaphone_data/final_rec//p107/timbre/sample_3/watermarked_conference_recording_Fifine_USB_PnP_Audio_Device.wav,timbre,0.2000
conference,p107,/media/storage/hadleigh/stegaphone_data/final_rec//p107/timbre/sample_5/watermarked_conference_recording_USB_Lavalier_Microphone.wav,timbre,0.4000
conference,p107,/media/storage/hadleigh/stegaphone_data/final_rec//p107/timbre/sample_5/watermarked_conference_recording_iPhone_Microphone.wav,timbre,0.2667
conference,p107,/media/storage/hadleigh/stegaphone_data/final_rec//p107/timbre/sample_5/watermarked_conference_recording_Yeti_Stereo_Microphone.wav,timbre,0.3333
conference,p107,/media/storage/hadleigh/stegaphone_data/final_rec//p107/timbre/sample_5/watermarked_conference_recording_Fifine_USB_PnP_Audio_Device.wav,timbre,0.3333
conference,p107,/media/storage/hadleigh/stegaphone_data/final_rec//p107/timbre/sample_8/watermarked_conference_recording_USB_Lavalier_Microphone.wav,timbre,0.2333
conference,p107,/media/storage/hadleigh/stegaphone_data/final_rec//p107/timbre/sample_8/watermarked_conference_recording_iPhone_Microphone.wav,timbre,0.1333
conference,p107,/media/storage/hadleigh/stegaphone_data/final_rec//p107/timbre/sample_8/watermarked_conference_recording_Yeti_Stereo_Microphone.wav,timbre,0.2000
conference,p107,/media/storage/hadleigh/stegaphone_data/final_rec//p107/timbre/sample_8/watermarked_conference_recording_Fifine_USB_PnP_Audio_Device.wav,timbre,0.1333
conference,p107,/media/storage/hadleigh/stegaphone_data/final_rec//p107/timbre/sample_10/watermarked_conference_recording_USB_Lavalier_Microphone.wav,timbre,0.3333
conference,p107,/media/storage/hadleigh/stegaphone_data/final_rec//p107/timbre/sample_10/watermarked_conference_recording_iPhone_Microphone.wav,timbre,0.2000
conference,p107,/media/storage/hadleigh/stegaphone_data/final_rec//p107/timbre/sample_10/watermarked_conference_recording_Yeti_Stereo_Microphone.wav,timbre,0.2333
conference,p107,/media/storage/hadleigh/stegaphone_data/final_rec//p107/timbre/sample_10/watermarked_conference_recording_Fifine_USB_PnP_Audio_Device.wav,timbre,0.2667
conference,p107,/media/storage/hadleigh/stegaphone_data/final_rec//p107/timbre/sample_4/watermarked_conference_recording_USB_Lavalier_Microphone.wav,timbre,0.4000
conference,p107,/media/storage/hadleigh/stegaphone_data/final_rec//p107/timbre/sample_4/watermarked_conference_recording_iPhone_Microphone.wav,timbre,0.2667
conference,p107,/media/storage/hadleigh/stegaphone_data/final_rec//p107/timbre/sample_4/watermarked_conference_recording_Yeti_Stereo_Microphone.wav,timbre,0.4000
conference,p107,/media/storage/hadleigh/stegaphone_data/final_rec//p107/timbre/sample_4/watermarked_conference_recording_Fifine_USB_PnP_Audio_Device.wav,timbre,0.3000
conference,p107,/media/storage/hadleigh/stegaphone_data/final_rec//p107/timbre/sample_9/watermarked_conference_recording_USB_Lavalier_Microphone.wav,timbre,0.4667
conference,p107,/media/storage/hadleigh/stegaphone_data/final_rec//p107/timbre/sample_9/watermarked_conference_recording_iPhone_Microphone.wav,timbre,0.3000
conference,p107,/media/storage/hadleigh/stegaphone_data/final_rec//p107/timbre/sample_9/watermarked_conference_recording_Yeti_Stereo_Microphone.wav,timbre,0.4333
conference,p107,/media/storage/hadleigh/stegaphone_data/final_rec//p107/timbre/sample_9/watermarked_conference_recording_Fifine_USB_PnP_Audio_Device.wav,timbre,0.4333
conference,p107,/media/storage/hadleigh/stegaphone_data/final_rec//p107/timbre/sample_6/watermarked_conference_recording_USB_Lavalier_Microphone.wav,timbre,0.5667
conference,p107,/media/storage/hadleigh/stegaphone_data/final_rec//p107/timbre/sample_6/watermarked_conference_recording_iPhone_Microphone.wav,timbre,0.2000
conference,p107,/media/storage/hadleigh/stegaphone_data/final_rec//p107/timbre/sample_6/watermarked_conference_recording_Yeti_Stereo_Microphone.wav,timbre,0.4000
conference,p107,/media/storage/hadleigh/stegaphone_data/final_rec//p107/timbre/sample_6/watermarked_conference_recording_Fifine_USB_PnP_Audio_Device.wav,timbre,0.3333
conference,p107,/media/storage/hadleigh/stegaphone_data/final_rec//p107/timbre/sample_1/watermarked_conference_recording_USB_Lavalier_Microphone.wav,timbre,0.4000
conference,p107,/media/storage/hadleigh/stegaphone_data/final_rec//p107/timbre/sample_1/watermarked_conference_recording_iPhone_Microphone.wav,timbre,0.1667
conference,p107,/media/storage/hadleigh/stegaphone_data/final_rec//p107/timbre/sample_1/watermarked_conference_recording_Yeti_Stereo_Microphone.wav,timbre,0.3333
conference,p107,/media/storage/hadleigh/stegaphone_data/final_rec//p107/timbre/sample_1/watermarked_conference_recording_Fifine_USB_PnP_Audio_Device.wav,timbre,0.3667
lobby,p102,/media/storage/hadleigh/stegaphone_data/final_rec//p102/timbre/sample_7/watermarked_lobby_recording_Fifine_USB_PnP_Audio_Device.wav,timbre,0.6667
lobby,p102,/media/storage/hadleigh/stegaphone_data/final_rec//p102/timbre/sample_7/watermarked_lobby_recording_iPhone_Microphone.wav,timbre,0.6667
lobby,p102,/media/storage/hadleigh/stegaphone_data/final_rec//p102/timbre/sample_7/watermarked_lobby_recording_Yeti_Stereo_Microphone.wav,timbre,0.6667
lobby,p102,/media/storage/hadleigh/stegaphone_data/final_rec//p102/timbre/sample_7/watermarked_lobby_recording_USB_Lavalier_Microphone.wav,timbre,0.6667
lobby,p102,/media/storage/hadleigh/stegaphone_data/final_rec//p102/timbre/sample_2/watermarked_lobby_recording_Fifine_USB_PnP_Audio_Device.wav,timbre,0.4667
lobby,p102,/media/storage/hadleigh/stegaphone_data/final_rec//p102/timbre/sample_2/watermarked_lobby_recording_iPhone_Microphone.wav,timbre,0.4667
lobby,p102,/media/storage/hadleigh/stegaphone_data/final_rec//p102/timbre/sample_2/watermarked_lobby_recording_Yeti_Stereo_Microphone.wav,timbre,0.4333
lobby,p102,/media/storage/hadleigh/stegaphone_data/final_rec//p102/timbre/sample_2/watermarked_lobby_recording_USB_Lavalier_Microphone.wav,timbre,0.4667
lobby,p102,/media/storage/hadleigh/stegaphone_data/final_rec//p102/timbre/sample_3/watermarked_lobby_recording_Fifine_USB_PnP_Audio_Device.wav,timbre,0.5000
lobby,p102,/media/storage/hadleigh/stegaphone_data/final_rec//p102/timbre/sample_3/watermarked_lobby_recording_iPhone_Microphone.wav,timbre,0.4333
lobby,p102,/media/storage/hadleigh/stegaphone_data/final_rec//p102/timbre/sample_3/watermarked_lobby_recording_Yeti_Stereo_Microphone.wav,timbre,0.4667
lobby,p102,/media/storage/hadleigh/stegaphone_data/final_rec//p102/timbre/sample_3/watermarked_lobby_recording_USB_Lavalier_Microphone.wav,timbre,0.4667
lobby,p102,/media/storage/hadleigh/stegaphone_data/final_rec//p102/timbre/sample_5/watermarked_lobby_recording_Fifine_USB_PnP_Audio_Device.wav,timbre,0.3667
lobby,p102,/media/storage/hadleigh/stegaphone_data/final_rec//p102/timbre/sample_5/watermarked_lobby_recording_iPhone_Microphone.wav,timbre,0.5000
lobby,p102,/media/storage/hadleigh/stegaphone_data/final_rec//p102/timbre/sample_5/watermarked_lobby_recording_Yeti_Stereo_Microphone.wav,timbre,0.5000
lobby,p102,/media/storage/hadleigh/stegaphone_data/final_rec//p102/timbre/sample_5/watermarked_lobby_recording_USB_Lavalier_Microphone.wav,timbre,0.5000
lobby,p102,/media/storage/hadleigh/stegaphone_data/final_rec//p102/timbre/sample_8/watermarked_lobby_recording_Fifine_USB_PnP_Audio_Device.wav,timbre,0.3333
lobby,p102,/media/storage/hadleigh/stegaphone_data/final_rec//p102/timbre/sample_8/watermarked_lobby_recording_iPhone_Microphone.wav,timbre,0.3333
lobby,p102,/media/storage/hadleigh/stegaphone_data/final_rec//p102/timbre/sample_8/watermarked_lobby_recording_Yeti_Stereo_Microphone.wav,timbre,0.3000
lobby,p102,/media/storage/hadleigh/stegaphone_data/final_rec//p102/timbre/sample_8/watermarked_lobby_recording_USB_Lavalier_Microphone.wav,timbre,0.3333
lobby,p102,/media/storage/hadleigh/stegaphone_data/final_rec//p102/timbre/sample_10/watermarked_lobby_recording_Fifine_USB_PnP_Audio_Device.wav,timbre,0.5000
lobby,p102,/media/storage/hadleigh/stegaphone_data/final_rec//p102/timbre/sample_10/watermarked_lobby_recording_iPhone_Microphone.wav,timbre,0.4667
lobby,p102,/media/storage/hadleigh/stegaphone_data/final_rec//p102/timbre/sample_10/watermarked_lobby_recording_Yeti_Stereo_Microphone.wav,timbre,0.4667
lobby,p102,/media/storage/hadleigh/stegaphone_data/final_rec//p102/timbre/sample_10/watermarked_lobby_recording_USB_Lavalier_Microphone.wav,timbre,0.5000
lobby,p102,/media/storage/hadleigh/stegaphone_data/final_rec//p102/timbre/sample_4/watermarked_lobby_recording_Fifine_USB_PnP_Audio_Device.wav,timbre,0.5667
lobby,p102,/media/storage/hadleigh/stegaphone_data/final_rec//p102/timbre/sample_4/watermarked_lobby_recording_iPhone_Microphone.wav,timbre,0.6000
lobby,p102,/media/storage/hadleigh/stegaphone_data/final_rec//p102/timbre/sample_4/watermarked_lobby_recording_Yeti_Stereo_Microphone.wav,timbre,0.5667
lobby,p102,/media/storage/hadleigh/stegaphone_data/final_rec//p102/timbre/sample_4/watermarked_lobby_recording_USB_Lavalier_Microphone.wav,timbre,0.7000
lobby,p102,/media/storage/hadleigh/stegaphone_data/final_rec//p102/timbre/sample_9/watermarked_lobby_recording_Fifine_USB_PnP_Audio_Device.wav,timbre,0.3000
lobby,p102,/media/storage/hadleigh/stegaphone_data/final_rec//p102/timbre/sample_9/watermarked_lobby_recording_iPhone_Microphone.wav,timbre,0.2667
lobby,p102,/media/storage/hadleigh/stegaphone_data/final_rec//p102/timbre/sample_9/watermarked_lobby_recording_Yeti_Stereo_Microphone.wav,timbre,0.3000
lobby,p102,/media/storage/hadleigh/stegaphone_data/final_rec//p102/timbre/sample_9/watermarked_lobby_recording_USB_Lavalier_Microphone.wav,timbre,0.3000
lobby,p102,/media/storage/hadleigh/stegaphone_data/final_rec//p102/timbre/sample_6/watermarked_lobby_recording_Fifine_USB_PnP_Audio_Device.wav,timbre,0.6000
lobby,p102,/media/storage/hadleigh/stegaphone_data/final_rec//p102/timbre/sample_6/watermarked_lobby_recording_iPhone_Microphone.wav,timbre,0.5667
lobby,p102,/media/storage/hadleigh/stegaphone_data/final_rec//p102/timbre/sample_6/watermarked_lobby_recording_Yeti_Stereo_Microphone.wav,timbre,0.6000
lobby,p102,/media/storage/hadleigh/stegaphone_data/final_rec//p102/timbre/sample_6/watermarked_lobby_recording_USB_Lavalier_Microphone.wav,timbre,0.6000
lobby,p102,/media/storage/hadleigh/stegaphone_data/final_rec//p102/timbre/sample_1/watermarked_lobby_recording_Fifine_USB_PnP_Audio_Device.wav,timbre,0.6333
lobby,p102,/media/storage/hadleigh/stegaphone_data/final_rec//p102/timbre/sample_1/watermarked_lobby_recording_iPhone_Microphone.wav,timbre,0.6333
lobby,p102,/media/storage/hadleigh/stegaphone_data/final_rec//p102/timbre/sample_1/watermarked_lobby_recording_Yeti_Stereo_Microphone.wav,timbre,0.6333
lobby,p102,/media/storage/hadleigh/stegaphone_data/final_rec//p102/timbre/sample_1/watermarked_lobby_recording_USB_Lavalier_Microphone.wav,timbre,0.6667
lobby,p103,/media/storage/hadleigh/stegaphone_data/final_rec//p103/timbre/sample_7/watermarked_lobby_recording_Fifine_USB_PnP_Audio_Device.wav,timbre,0.3667
lobby,p103,/media/storage/hadleigh/stegaphone_data/final_rec//p103/timbre/sample_7/watermarked_lobby_recording_iPhone_Microphone.wav,timbre,0.4667
lobby,p103,/media/storage/hadleigh/stegaphone_data/final_rec//p103/timbre/sample_7/watermarked_lobby_recording_Yeti_Stereo_Microphone.wav,timbre,0.4333
lobby,p103,/media/storage/hadleigh/stegaphone_data/final_rec//p103/timbre/sample_7/watermarked_lobby_recording_USB_Lavalier_Microphone.wav,timbre,0.4667
lobby,p103,/media/storage/hadleigh/stegaphone_data/final_rec//p103/timbre/sample_2/watermarked_lobby_recording_Fifine_USB_PnP_Audio_Device.wav,timbre,0.4000
lobby,p103,/media/storage/hadleigh/stegaphone_data/final_rec//p103/timbre/sample_2/watermarked_lobby_recording_iPhone_Microphone.wav,timbre,0.4000
lobby,p103,/media/storage/hadleigh/stegaphone_data/final_rec//p103/timbre/sample_2/watermarked_lobby_recording_Yeti_Stereo_Microphone.wav,timbre,0.4000
lobby,p103,/media/storage/hadleigh/stegaphone_data/final_rec//p103/timbre/sample_2/watermarked_lobby_recording_USB_Lavalier_Microphone.wav,timbre,0.4000
lobby,p103,/media/storage/hadleigh/stegaphone_data/final_rec//p103/timbre/sample_3/watermarked_lobby_recording_Fifine_USB_PnP_Audio_Device.wav,timbre,0.4000
lobby,p103,/media/storage/hadleigh/stegaphone_data/final_rec//p103/timbre/sample_3/watermarked_lobby_recording_iPhone_Microphone.wav,timbre,0.4667
lobby,p103,/media/storage/hadleigh/stegaphone_data/final_rec//p103/timbre/sample_3/watermarked_lobby_recording_Yeti_Stereo_Microphone.wav,timbre,0.5000
lobby,p103,/media/storage/hadleigh/stegaphone_data/final_rec//p103/timbre/sample_3/watermarked_lobby_recording_USB_Lavalier_Microphone.wav,timbre,0.5333
lobby,p103,/media/storage/hadleigh/stegaphone_data/final_rec//p103/timbre/sample_5/watermarked_lobby_recording_Fifine_USB_PnP_Audio_Device.wav,timbre,0.5000
lobby,p103,/media/storage/hadleigh/stegaphone_data/final_rec//p103/timbre/sample_5/watermarked_lobby_recording_iPhone_Microphone.wav,timbre,0.5333
lobby,p103,/media/storage/hadleigh/stegaphone_data/final_rec//p103/timbre/sample_5/watermarked_lobby_recording_Yeti_Stereo_Microphone.wav,timbre,0.5667
lobby,p103,/media/storage/hadleigh/stegaphone_data/final_rec//p103/timbre/sample_5/watermarked_lobby_recording_USB_Lavalier_Microphone.wav,timbre,0.5667
lobby,p103,/media/storage/hadleigh/stegaphone_data/final_rec//p103/timbre/sample_8/watermarked_lobby_recording_Fifine_USB_PnP_Audio_Device.wav,timbre,0.3333
lobby,p103,/media/storage/hadleigh/stegaphone_data/final_rec//p103/timbre/sample_8/watermarked_lobby_recording_iPhone_Microphone.wav,timbre,0.3667
lobby,p103,/media/storage/hadleigh/stegaphone_data/final_rec//p103/timbre/sample_8/watermarked_lobby_recording_Yeti_Stereo_Microphone.wav,timbre,0.3333
lobby,p103,/media/storage/hadleigh/stegaphone_data/final_rec//p103/timbre/sample_8/watermarked_lobby_recording_USB_Lavalier_Microphone.wav,timbre,0.3667
lobby,p103,/media/storage/hadleigh/stegaphone_data/final_rec//p103/timbre/sample_10/watermarked_lobby_recording_Fifine_USB_PnP_Audio_Device.wav,timbre,0.2667
lobby,p103,/media/storage/hadleigh/stegaphone_data/final_rec//p103/timbre/sample_10/watermarked_lobby_recording_iPhone_Microphone.wav,timbre,0.4000
lobby,p103,/media/storage/hadleigh/stegaphone_data/final_rec//p103/timbre/sample_10/watermarked_lobby_recording_Yeti_Stereo_Microphone.wav,timbre,0.3667
lobby,p103,/media/storage/hadleigh/stegaphone_data/final_rec//p103/timbre/sample_10/watermarked_lobby_recording_USB_Lavalier_Microphone.wav,timbre,0.4333
lobby,p103,/media/storage/hadleigh/stegaphone_data/final_rec//p103/timbre/sample_4/watermarked_lobby_recording_Fifine_USB_PnP_Audio_Device.wav,timbre,0.4333
lobby,p103,/media/storage/hadleigh/stegaphone_data/final_rec//p103/timbre/sample_4/watermarked_lobby_recording_iPhone_Microphone.wav,timbre,0.5000
lobby,p103,/media/storage/hadleigh/stegaphone_data/final_rec//p103/timbre/sample_4/watermarked_lobby_recording_Yeti_Stereo_Microphone.wav,timbre,0.4000
lobby,p103,/media/storage/hadleigh/stegaphone_data/final_rec//p103/timbre/sample_4/watermarked_lobby_recording_USB_Lavalier_Microphone.wav,timbre,0.4333
lobby,p103,/media/storage/hadleigh/stegaphone_data/final_rec//p103/timbre/sample_9/watermarked_lobby_recording_Fifine_USB_PnP_Audio_Device.wav,timbre,0.5333
lobby,p103,/media/storage/hadleigh/stegaphone_data/final_rec//p103/timbre/sample_9/watermarked_lobby_recording_iPhone_Microphone.wav,timbre,0.4667
lobby,p103,/media/storage/hadleigh/stegaphone_data/final_rec//p103/timbre/sample_9/watermarked_lobby_recording_Yeti_Stereo_Microphone.wav,timbre,0.5333
lobby,p103,/media/storage/hadleigh/stegaphone_data/final_rec//p103/timbre/sample_9/watermarked_lobby_recording_USB_Lavalier_Microphone.wav,timbre,0.5667
lobby,p103,/media/storage/hadleigh/stegaphone_data/final_rec//p103/timbre/sample_6/watermarked_lobby_recording_Fifine_USB_PnP_Audio_Device.wav,timbre,0.5000
lobby,p103,/media/storage/hadleigh/stegaphone_data/final_rec//p103/timbre/sample_6/watermarked_lobby_recording_iPhone_Microphone.wav,timbre,0.4667
lobby,p103,/media/storage/hadleigh/stegaphone_data/final_rec//p103/timbre/sample_6/watermarked_lobby_recording_Yeti_Stereo_Microphone.wav,timbre,0.5000
lobby,p103,/media/storage/hadleigh/stegaphone_data/final_rec//p103/timbre/sample_6/watermarked_lobby_recording_USB_Lavalier_Microphone.wav,timbre,0.5000
lobby,p103,/media/storage/hadleigh/stegaphone_data/final_rec//p103/timbre/sample_1/watermarked_lobby_recording_Fifine_USB_PnP_Audio_Device.wav,timbre,0.3333
lobby,p103,/media/storage/hadleigh/stegaphone_data/final_rec//p103/timbre/sample_1/watermarked_lobby_recording_iPhone_Microphone.wav,timbre,0.3333
lobby,p103,/media/storage/hadleigh/stegaphone_data/final_rec//p103/timbre/sample_1/watermarked_lobby_recording_Yeti_Stereo_Microphone.wav,timbre,0.3333
lobby,p103,/media/storage/hadleigh/stegaphone_data/final_rec//p103/timbre/sample_1/watermarked_lobby_recording_USB_Lavalier_Microphone.wav,timbre,0.3333
lobby,p104,/media/storage/hadleigh/stegaphone_data/final_rec//p104/timbre/sample_7/watermarked_lobby_recording_Fifine_USB_PnP_Audio_Device.wav,timbre,0.6333
lobby,p104,/media/storage/hadleigh/stegaphone_data/final_rec//p104/timbre/sample_7/watermarked_lobby_recording_iPhone_Microphone.wav,timbre,0.6333
lobby,p104,/media/storage/hadleigh/stegaphone_data/final_rec//p104/timbre/sample_7/watermarked_lobby_recording_Yeti_Stereo_Microphone.wav,timbre,0.6333
lobby,p104,/media/storage/hadleigh/stegaphone_data/final_rec//p104/timbre/sample_7/watermarked_lobby_recording_USB_Lavalier_Microphone.wav,timbre,0.6333
lobby,p104,/media/storage/hadleigh/stegaphone_data/final_rec//p104/timbre/sample_2/watermarked_lobby_recording_Fifine_USB_PnP_Audio_Device.wav,timbre,0.4667
lobby,p104,/media/storage/hadleigh/stegaphone_data/final_rec//p104/timbre/sample_2/watermarked_lobby_recording_iPhone_Microphone.wav,timbre,0.4667
lobby,p104,/media/storage/hadleigh/stegaphone_data/final_rec//p104/timbre/sample_2/watermarked_lobby_recording_Yeti_Stereo_Microphone.wav,timbre,0.4667
lobby,p104,/media/storage/hadleigh/stegaphone_data/final_rec//p104/timbre/sample_2/watermarked_lobby_recording_USB_Lavalier_Microphone.wav,timbre,0.4667
lobby,p104,/media/storage/hadleigh/stegaphone_data/final_rec//p104/timbre/sample_3/watermarked_lobby_recording_Fifine_USB_PnP_Audio_Device.wav,timbre,0.6000
lobby,p104,/media/storage/hadleigh/stegaphone_data/final_rec//p104/timbre/sample_3/watermarked_lobby_recording_iPhone_Microphone.wav,timbre,0.6333
lobby,p104,/media/storage/hadleigh/stegaphone_data/final_rec//p104/timbre/sample_3/watermarked_lobby_recording_Yeti_Stereo_Microphone.wav,timbre,0.6333
lobby,p104,/media/storage/hadleigh/stegaphone_data/final_rec//p104/timbre/sample_3/watermarked_lobby_recording_USB_Lavalier_Microphone.wav,timbre,0.6333
lobby,p104,/media/storage/hadleigh/stegaphone_data/final_rec//p104/timbre/sample_5/watermarked_lobby_recording_Fifine_USB_PnP_Audio_Device.wav,timbre,0.6333
lobby,p104,/media/storage/hadleigh/stegaphone_data/final_rec//p104/timbre/sample_5/watermarked_lobby_recording_iPhone_Microphone.wav,timbre,0.6333
lobby,p104,/media/storage/hadleigh/stegaphone_data/final_rec//p104/timbre/sample_5/watermarked_lobby_recording_Yeti_Stereo_Microphone.wav,timbre,0.6333
lobby,p104,/media/storage/hadleigh/stegaphone_data/final_rec//p104/timbre/sample_5/watermarked_lobby_recording_USB_Lavalier_Microphone.wav,timbre,0.6667
lobby,p104,/media/storage/hadleigh/stegaphone_data/final_rec//p104/timbre/sample_8/watermarked_lobby_recording_Fifine_USB_PnP_Audio_Device.wav,timbre,0.6333
lobby,p104,/media/storage/hadleigh/stegaphone_data/final_rec//p104/timbre/sample_8/watermarked_lobby_recording_iPhone_Microphone.wav,timbre,0.6333
lobby,p104,/media/storage/hadleigh/stegaphone_data/final_rec//p104/timbre/sample_8/watermarked_lobby_recording_Yeti_Stereo_Microphone.wav,timbre,0.6667
lobby,p104,/media/storage/hadleigh/stegaphone_data/final_rec//p104/timbre/sample_8/watermarked_lobby_recording_USB_Lavalier_Microphone.wav,timbre,0.6333
lobby,p104,/media/storage/hadleigh/stegaphone_data/final_rec//p104/timbre/sample_10/watermarked_lobby_recording_Fifine_USB_PnP_Audio_Device.wav,timbre,0.4000
lobby,p104,/media/storage/hadleigh/stegaphone_data/final_rec//p104/timbre/sample_10/watermarked_lobby_recording_iPhone_Microphone.wav,timbre,0.4000
lobby,p104,/media/storage/hadleigh/stegaphone_data/final_rec//p104/timbre/sample_10/watermarked_lobby_recording_Yeti_Stereo_Microphone.wav,timbre,0.4000
lobby,p104,/media/storage/hadleigh/stegaphone_data/final_rec//p104/timbre/sample_10/watermarked_lobby_recording_USB_Lavalier_Microphone.wav,timbre,0.4000
lobby,p104,/media/storage/hadleigh/stegaphone_data/final_rec//p104/timbre/sample_4/watermarked_lobby_recording_Fifine_USB_PnP_Audio_Device.wav,timbre,0.4667
lobby,p104,/media/storage/hadleigh/stegaphone_data/final_rec//p104/timbre/sample_4/watermarked_lobby_recording_iPhone_Microphone.wav,timbre,0.4667
lobby,p104,/media/storage/hadleigh/stegaphone_data/final_rec//p104/timbre/sample_4/watermarked_lobby_recording_Yeti_Stereo_Microphone.wav,timbre,0.4667
lobby,p104,/media/storage/hadleigh/stegaphone_data/final_rec//p104/timbre/sample_4/watermarked_lobby_recording_USB_Lavalier_Microphone.wav,timbre,0.4333
lobby,p104,/media/storage/hadleigh/stegaphone_data/final_rec//p104/timbre/sample_9/watermarked_lobby_recording_Fifine_USB_PnP_Audio_Device.wav,timbre,0.3667
lobby,p104,/media/storage/hadleigh/stegaphone_data/final_rec//p104/timbre/sample_9/watermarked_lobby_recording_iPhone_Microphone.wav,timbre,0.3667
lobby,p104,/media/storage/hadleigh/stegaphone_data/final_rec//p104/timbre/sample_9/watermarked_lobby_recording_Yeti_Stereo_Microphone.wav,timbre,0.3667
lobby,p104,/media/storage/hadleigh/stegaphone_data/final_rec//p104/timbre/sample_9/watermarked_lobby_recording_USB_Lavalier_Microphone.wav,timbre,0.3667
lobby,p104,/media/storage/hadleigh/stegaphone_data/final_rec//p104/timbre/sample_6/watermarked_lobby_recording_Fifine_USB_PnP_Audio_Device.wav,timbre,0.3667
lobby,p104,/media/storage/hadleigh/stegaphone_data/final_rec//p104/timbre/sample_6/watermarked_lobby_recording_iPhone_Microphone.wav,timbre,0.3667
lobby,p104,/media/storage/hadleigh/stegaphone_data/final_rec//p104/timbre/sample_6/watermarked_lobby_recording_Yeti_Stereo_Microphone.wav,timbre,0.4000
lobby,p104,/media/storage/hadleigh/stegaphone_data/final_rec//p104/timbre/sample_6/watermarked_lobby_recording_USB_Lavalier_Microphone.wav,timbre,0.4000
lobby,p104,/media/storage/hadleigh/stegaphone_data/final_rec//p104/timbre/sample_1/watermarked_lobby_recording_Fifine_USB_PnP_Audio_Device.wav,timbre,0.4667
lobby,p104,/media/storage/hadleigh/stegaphone_data/final_rec//p104/timbre/sample_1/watermarked_lobby_recording_iPhone_Microphone.wav,timbre,0.5000
lobby,p104,/media/storage/hadleigh/stegaphone_data/final_rec//p104/timbre/sample_1/watermarked_lobby_recording_Yeti_Stereo_Microphone.wav,timbre,0.4333
lobby,p104,/media/storage/hadleigh/stegaphone_data/final_rec//p104/timbre/sample_1/watermarked_lobby_recording_USB_Lavalier_Microphone.wav,timbre,0.4667
lobby,p105,/media/storage/hadleigh/stegaphone_data/final_rec//p105/timbre/sample_7/watermarked_lobby_recording_Fifine_USB_PnP_Audio_Device.wav,timbre,0.6333
lobby,p105,/media/storage/hadleigh/stegaphone_data/final_rec//p105/timbre/sample_7/watermarked_lobby_recording_iPhone_Microphone.wav,timbre,0.6333
lobby,p105,/media/storage/hadleigh/stegaphone_data/final_rec//p105/timbre/sample_7/watermarked_lobby_recording_Yeti_Stereo_Microphone.wav,timbre,0.6667
lobby,p105,/media/storage/hadleigh/stegaphone_data/final_rec//p105/timbre/sample_7/watermarked_lobby_recording_USB_Lavalier_Microphone.wav,timbre,0.6333
lobby,p105,/media/storage/hadleigh/stegaphone_data/final_rec//p105/timbre/sample_2/watermarked_lobby_recording_Fifine_USB_PnP_Audio_Device.wav,timbre,0.4333
lobby,p105,/media/storage/hadleigh/stegaphone_data/final_rec//p105/timbre/sample_2/watermarked_lobby_recording_iPhone_Microphone.wav,timbre,0.4333
lobby,p105,/media/storage/hadleigh/stegaphone_data/final_rec//p105/timbre/sample_2/watermarked_lobby_recording_Yeti_Stereo_Microphone.wav,timbre,0.4333
lobby,p105,/media/storage/hadleigh/stegaphone_data/final_rec//p105/timbre/sample_2/watermarked_lobby_recording_USB_Lavalier_Microphone.wav,timbre,0.4333
lobby,p105,/media/storage/hadleigh/stegaphone_data/final_rec//p105/timbre/sample_3/watermarked_lobby_recording_Fifine_USB_PnP_Audio_Device.wav,timbre,0.5333
lobby,p105,/media/storage/hadleigh/stegaphone_data/final_rec//p105/timbre/sample_3/watermarked_lobby_recording_iPhone_Microphone.wav,timbre,0.6000
lobby,p105,/media/storage/hadleigh/stegaphone_data/final_rec//p105/timbre/sample_3/watermarked_lobby_recording_Yeti_Stereo_Microphone.wav,timbre,0.5667
lobby,p105,/media/storage/hadleigh/stegaphone_data/final_rec//p105/timbre/sample_3/watermarked_lobby_recording_USB_Lavalier_Microphone.wav,timbre,0.5667
lobby,p105,/media/storage/hadleigh/stegaphone_data/final_rec//p105/timbre/sample_5/watermarked_lobby_recording_Fifine_USB_PnP_Audio_Device.wav,timbre,0.3000
lobby,p105,/media/storage/hadleigh/stegaphone_data/final_rec//p105/timbre/sample_5/watermarked_lobby_recording_iPhone_Microphone.wav,timbre,0.3667
lobby,p105,/media/storage/hadleigh/stegaphone_data/final_rec//p105/timbre/sample_5/watermarked_lobby_recording_Yeti_Stereo_Microphone.wav,timbre,0.4000
lobby,p105,/media/storage/hadleigh/stegaphone_data/final_rec//p105/timbre/sample_5/watermarked_lobby_recording_USB_Lavalier_Microphone.wav,timbre,0.4000
lobby,p105,/media/storage/hadleigh/stegaphone_data/final_rec//p105/timbre/sample_8/watermarked_lobby_recording_Fifine_USB_PnP_Audio_Device.wav,timbre,0.3333
lobby,p105,/media/storage/hadleigh/stegaphone_data/final_rec//p105/timbre/sample_8/watermarked_lobby_recording_iPhone_Microphone.wav,timbre,0.4000
lobby,p105,/media/storage/hadleigh/stegaphone_data/final_rec//p105/timbre/sample_8/watermarked_lobby_recording_Yeti_Stereo_Microphone.wav,timbre,0.4000
lobby,p105,/media/storage/hadleigh/stegaphone_data/final_rec//p105/timbre/sample_8/watermarked_lobby_recording_USB_Lavalier_Microphone.wav,timbre,0.4000
lobby,p105,/media/storage/hadleigh/stegaphone_data/final_rec//p105/timbre/sample_10/watermarked_lobby_recording_Fifine_USB_PnP_Audio_Device.wav,timbre,0.5000
lobby,p105,/media/storage/hadleigh/stegaphone_data/final_rec//p105/timbre/sample_10/watermarked_lobby_recording_iPhone_Microphone.wav,timbre,0.5333
lobby,p105,/media/storage/hadleigh/stegaphone_data/final_rec//p105/timbre/sample_10/watermarked_lobby_recording_Yeti_Stereo_Microphone.wav,timbre,0.5000
lobby,p105,/media/storage/hadleigh/stegaphone_data/final_rec//p105/timbre/sample_10/watermarked_lobby_recording_USB_Lavalier_Microphone.wav,timbre,0.5333
lobby,p105,/media/storage/hadleigh/stegaphone_data/final_rec//p105/timbre/sample_4/watermarked_lobby_recording_Fifine_USB_PnP_Audio_Device.wav,timbre,0.5333
lobby,p105,/media/storage/hadleigh/stegaphone_data/final_rec//p105/timbre/sample_4/watermarked_lobby_recording_iPhone_Microphone.wav,timbre,0.5667
lobby,p105,/media/storage/hadleigh/stegaphone_data/final_rec//p105/timbre/sample_4/watermarked_lobby_recording_Yeti_Stereo_Microphone.wav,timbre,0.5667
lobby,p105,/media/storage/hadleigh/stegaphone_data/final_rec//p105/timbre/sample_4/watermarked_lobby_recording_USB_Lavalier_Microphone.wav,timbre,0.5333
lobby,p105,/media/storage/hadleigh/stegaphone_data/final_rec//p105/timbre/sample_9/watermarked_lobby_recording_Fifine_USB_PnP_Audio_Device.wav,timbre,0.3333
lobby,p105,/media/storage/hadleigh/stegaphone_data/final_rec//p105/timbre/sample_9/watermarked_lobby_recording_iPhone_Microphone.wav,timbre,0.3667
lobby,p105,/media/storage/hadleigh/stegaphone_data/final_rec//p105/timbre/sample_9/watermarked_lobby_recording_Yeti_Stereo_Microphone.wav,timbre,0.3333
lobby,p105,/media/storage/hadleigh/stegaphone_data/final_rec//p105/timbre/sample_9/watermarked_lobby_recording_USB_Lavalier_Microphone.wav,timbre,0.4000
lobby,p105,/media/storage/hadleigh/stegaphone_data/final_rec//p105/timbre/sample_6/watermarked_lobby_recording_Fifine_USB_PnP_Audio_Device.wav,timbre,0.4667
lobby,p105,/media/storage/hadleigh/stegaphone_data/final_rec//p105/timbre/sample_6/watermarked_lobby_recording_iPhone_Microphone.wav,timbre,0.4667
lobby,p105,/media/storage/hadleigh/stegaphone_data/final_rec//p105/timbre/sample_6/watermarked_lobby_recording_Yeti_Stereo_Microphone.wav,timbre,0.4333
lobby,p105,/media/storage/hadleigh/stegaphone_data/final_rec//p105/timbre/sample_6/watermarked_lobby_recording_USB_Lavalier_Microphone.wav,timbre,0.4667
lobby,p105,/media/storage/hadleigh/stegaphone_data/final_rec//p105/timbre/sample_1/watermarked_lobby_recording_Fifine_USB_PnP_Audio_Device.wav,timbre,0.3667
lobby,p105,/media/storage/hadleigh/stegaphone_data/final_rec//p105/timbre/sample_1/watermarked_lobby_recording_iPhone_Microphone.wav,timbre,0.3333
lobby,p105,/media/storage/hadleigh/stegaphone_data/final_rec//p105/timbre/sample_1/watermarked_lobby_recording_Yeti_Stereo_Microphone.wav,timbre,0.3667
lobby,p105,/media/storage/hadleigh/stegaphone_data/final_rec//p105/timbre/sample_1/watermarked_lobby_recording_USB_Lavalier_Microphone.wav,timbre,0.3667
lobby,p106,/media/storage/hadleigh/stegaphone_data/final_rec//p106/timbre/sample_7/watermarked_lobby_recording_Fifine_USB_PnP_Audio_Device.wav,timbre,0.4667
lobby,p106,/media/storage/hadleigh/stegaphone_data/final_rec//p106/timbre/sample_7/watermarked_lobby_recording_iPhone_Microphone.wav,timbre,0.4667
lobby,p106,/media/storage/hadleigh/stegaphone_data/final_rec//p106/timbre/sample_7/watermarked_lobby_recording_Yeti_Stereo_Microphone.wav,timbre,0.4667
lobby,p106,/media/storage/hadleigh/stegaphone_data/final_rec//p106/timbre/sample_7/watermarked_lobby_recording_USB_Lavalier_Microphone.wav,timbre,0.4667
lobby,p106,/media/storage/hadleigh/stegaphone_data/final_rec//p106/timbre/sample_2/watermarked_lobby_recording_Fifine_USB_PnP_Audio_Device.wav,timbre,0.5000
lobby,p106,/media/storage/hadleigh/stegaphone_data/final_rec//p106/timbre/sample_2/watermarked_lobby_recording_iPhone_Microphone.wav,timbre,0.4333
lobby,p106,/media/storage/hadleigh/stegaphone_data/final_rec//p106/timbre/sample_2/watermarked_lobby_recording_Yeti_Stereo_Microphone.wav,timbre,0.5000
lobby,p106,/media/storage/hadleigh/stegaphone_data/final_rec//p106/timbre/sample_2/watermarked_lobby_recording_USB_Lavalier_Microphone.wav,timbre,0.5333
lobby,p106,/media/storage/hadleigh/stegaphone_data/final_rec//p106/timbre/sample_3/watermarked_lobby_recording_Fifine_USB_PnP_Audio_Device.wav,timbre,0.5000
lobby,p106,/media/storage/hadleigh/stegaphone_data/final_rec//p106/timbre/sample_3/watermarked_lobby_recording_iPhone_Microphone.wav,timbre,0.5667
lobby,p106,/media/storage/hadleigh/stegaphone_data/final_rec//p106/timbre/sample_3/watermarked_lobby_recording_Yeti_Stereo_Microphone.wav,timbre,0.5667
lobby,p106,/media/storage/hadleigh/stegaphone_data/final_rec//p106/timbre/sample_3/watermarked_lobby_recording_USB_Lavalier_Microphone.wav,timbre,0.5333
lobby,p106,/media/storage/hadleigh/stegaphone_data/final_rec//p106/timbre/sample_5/watermarked_lobby_recording_Fifine_USB_PnP_Audio_Device.wav,timbre,0.3333
lobby,p106,/media/storage/hadleigh/stegaphone_data/final_rec//p106/timbre/sample_5/watermarked_lobby_recording_iPhone_Microphone.wav,timbre,0.3667
lobby,p106,/media/storage/hadleigh/stegaphone_data/final_rec//p106/timbre/sample_5/watermarked_lobby_recording_Yeti_Stereo_Microphone.wav,timbre,0.4000
lobby,p106,/media/storage/hadleigh/stegaphone_data/final_rec//p106/timbre/sample_5/watermarked_lobby_recording_USB_Lavalier_Microphone.wav,timbre,0.4000
lobby,p106,/media/storage/hadleigh/stegaphone_data/final_rec//p106/timbre/sample_8/watermarked_lobby_recording_Fifine_USB_PnP_Audio_Device.wav,timbre,0.3667
lobby,p106,/media/storage/hadleigh/stegaphone_data/final_rec//p106/timbre/sample_8/watermarked_lobby_recording_iPhone_Microphone.wav,timbre,0.3667
lobby,p106,/media/storage/hadleigh/stegaphone_data/final_rec//p106/timbre/sample_8/watermarked_lobby_recording_Yeti_Stereo_Microphone.wav,timbre,0.4000
lobby,p106,/media/storage/hadleigh/stegaphone_data/final_rec//p106/timbre/sample_8/watermarked_lobby_recording_USB_Lavalier_Microphone.wav,timbre,0.4000
lobby,p106,/media/storage/hadleigh/stegaphone_data/final_rec//p106/timbre/sample_10/watermarked_lobby_recording_Fifine_USB_PnP_Audio_Device.wav,timbre,0.5333
lobby,p106,/media/storage/hadleigh/stegaphone_data/final_rec//p106/timbre/sample_10/watermarked_lobby_recording_iPhone_Microphone.wav,timbre,0.5333
lobby,p106,/media/storage/hadleigh/stegaphone_data/final_rec//p106/timbre/sample_10/watermarked_lobby_recording_Yeti_Stereo_Microphone.wav,timbre,0.5333
lobby,p106,/media/storage/hadleigh/stegaphone_data/final_rec//p106/timbre/sample_10/watermarked_lobby_recording_USB_Lavalier_Microphone.wav,timbre,0.5000
lobby,p106,/media/storage/hadleigh/stegaphone_data/final_rec//p106/timbre/sample_4/watermarked_lobby_recording_Fifine_USB_PnP_Audio_Device.wav,timbre,0.4667
lobby,p106,/media/storage/hadleigh/stegaphone_data/final_rec//p106/timbre/sample_4/watermarked_lobby_recording_iPhone_Microphone.wav,timbre,0.5333
lobby,p106,/media/storage/hadleigh/stegaphone_data/final_rec//p106/timbre/sample_4/watermarked_lobby_recording_Yeti_Stereo_Microphone.wav,timbre,0.6000
lobby,p106,/media/storage/hadleigh/stegaphone_data/final_rec//p106/timbre/sample_4/watermarked_lobby_recording_USB_Lavalier_Microphone.wav,timbre,0.6000
lobby,p106,/media/storage/hadleigh/stegaphone_data/final_rec//p106/timbre/sample_9/watermarked_lobby_recording_Fifine_USB_PnP_Audio_Device.wav,timbre,0.4667
lobby,p106,/media/storage/hadleigh/stegaphone_data/final_rec//p106/timbre/sample_9/watermarked_lobby_recording_iPhone_Microphone.wav,timbre,0.5000
lobby,p106,/media/storage/hadleigh/stegaphone_data/final_rec//p106/timbre/sample_9/watermarked_lobby_recording_Yeti_Stereo_Microphone.wav,timbre,0.4333
lobby,p106,/media/storage/hadleigh/stegaphone_data/final_rec//p106/timbre/sample_9/watermarked_lobby_recording_USB_Lavalier_Microphone.wav,timbre,0.5000
lobby,p106,/media/storage/hadleigh/stegaphone_data/final_rec//p106/timbre/sample_6/watermarked_lobby_recording_Fifine_USB_PnP_Audio_Device.wav,timbre,0.2333
lobby,p106,/media/storage/hadleigh/stegaphone_data/final_rec//p106/timbre/sample_6/watermarked_lobby_recording_iPhone_Microphone.wav,timbre,0.2667
lobby,p106,/media/storage/hadleigh/stegaphone_data/final_rec//p106/timbre/sample_6/watermarked_lobby_recording_Yeti_Stereo_Microphone.wav,timbre,0.2667
lobby,p106,/media/storage/hadleigh/stegaphone_data/final_rec//p106/timbre/sample_6/watermarked_lobby_recording_USB_Lavalier_Microphone.wav,timbre,0.2667
lobby,p106,/media/storage/hadleigh/stegaphone_data/final_rec//p106/timbre/sample_1/watermarked_lobby_recording_Fifine_USB_PnP_Audio_Device.wav,timbre,0.4000
lobby,p106,/media/storage/hadleigh/stegaphone_data/final_rec//p106/timbre/sample_1/watermarked_lobby_recording_iPhone_Microphone.wav,timbre,0.4667
lobby,p106,/media/storage/hadleigh/stegaphone_data/final_rec//p106/timbre/sample_1/watermarked_lobby_recording_Yeti_Stereo_Microphone.wav,timbre,0.4667
lobby,p106,/media/storage/hadleigh/stegaphone_data/final_rec//p106/timbre/sample_1/watermarked_lobby_recording_USB_Lavalier_Microphone.wav,timbre,0.4667
lobby,p107,/media/storage/hadleigh/stegaphone_data/final_rec//p107/timbre/sample_7/watermarked_lobby_recording_Fifine_USB_PnP_Audio_Device.wav,timbre,0.3000
lobby,p107,/media/storage/hadleigh/stegaphone_data/final_rec//p107/timbre/sample_7/watermarked_lobby_recording_iPhone_Microphone.wav,timbre,0.3667
lobby,p107,/media/storage/hadleigh/stegaphone_data/final_rec//p107/timbre/sample_7/watermarked_lobby_recording_Yeti_Stereo_Microphone.wav,timbre,0.4000
lobby,p107,/media/storage/hadleigh/stegaphone_data/final_rec//p107/timbre/sample_7/watermarked_lobby_recording_USB_Lavalier_Microphone.wav,timbre,0.3667
lobby,p107,/media/storage/hadleigh/stegaphone_data/final_rec//p107/timbre/sample_2/watermarked_lobby_recording_Fifine_USB_PnP_Audio_Device.wav,timbre,0.5667
lobby,p107,/media/storage/hadleigh/stegaphone_data/final_rec//p107/timbre/sample_2/watermarked_lobby_recording_iPhone_Microphone.wav,timbre,0.6000
lobby,p107,/media/storage/hadleigh/stegaphone_data/final_rec//p107/timbre/sample_2/watermarked_lobby_recording_Yeti_Stereo_Microphone.wav,timbre,0.5667
lobby,p107,/media/storage/hadleigh/stegaphone_data/final_rec//p107/timbre/sample_2/watermarked_lobby_recording_USB_Lavalier_Microphone.wav,timbre,0.5667
lobby,p107,/media/storage/hadleigh/stegaphone_data/final_rec//p107/timbre/sample_3/watermarked_lobby_recording_Fifine_USB_PnP_Audio_Device.wav,timbre,0.3333
lobby,p107,/media/storage/hadleigh/stegaphone_data/final_rec//p107/timbre/sample_3/watermarked_lobby_recording_iPhone_Microphone.wav,timbre,0.3333
lobby,p107,/media/storage/hadleigh/stegaphone_data/final_rec//p107/timbre/sample_3/watermarked_lobby_recording_Yeti_Stereo_Microphone.wav,timbre,0.3333
lobby,p107,/media/storage/hadleigh/stegaphone_data/final_rec//p107/timbre/sample_3/watermarked_lobby_recording_USB_Lavalier_Microphone.wav,timbre,0.3333
lobby,p107,/media/storage/hadleigh/stegaphone_data/final_rec//p107/timbre/sample_5/watermarked_lobby_recording_Fifine_USB_PnP_Audio_Device.wav,timbre,0.5000
lobby,p107,/media/storage/hadleigh/stegaphone_data/final_rec//p107/timbre/sample_5/watermarked_lobby_recording_iPhone_Microphone.wav,timbre,0.5000
lobby,p107,/media/storage/hadleigh/stegaphone_data/final_rec//p107/timbre/sample_5/watermarked_lobby_recording_Yeti_Stereo_Microphone.wav,timbre,0.5333
lobby,p107,/media/storage/hadleigh/stegaphone_data/final_rec//p107/timbre/sample_5/watermarked_lobby_recording_USB_Lavalier_Microphone.wav,timbre,0.5667
lobby,p107,/media/storage/hadleigh/stegaphone_data/final_rec//p107/timbre/sample_8/watermarked_lobby_recording_Fifine_USB_PnP_Audio_Device.wav,timbre,0.3000
lobby,p107,/media/storage/hadleigh/stegaphone_data/final_rec//p107/timbre/sample_8/watermarked_lobby_recording_iPhone_Microphone.wav,timbre,0.3667
lobby,p107,/media/storage/hadleigh/stegaphone_data/final_rec//p107/timbre/sample_8/watermarked_lobby_recording_Yeti_Stereo_Microphone.wav,timbre,0.3667
lobby,p107,/media/storage/hadleigh/stegaphone_data/final_rec//p107/timbre/sample_8/watermarked_lobby_recording_USB_Lavalier_Microphone.wav,timbre,0.3667
lobby,p107,/media/storage/hadleigh/stegaphone_data/final_rec//p107/timbre/sample_10/watermarked_lobby_recording_Fifine_USB_PnP_Audio_Device.wav,timbre,0.4000
lobby,p107,/media/storage/hadleigh/stegaphone_data/final_rec//p107/timbre/sample_10/watermarked_lobby_recording_iPhone_Microphone.wav,timbre,0.4000
lobby,p107,/media/storage/hadleigh/stegaphone_data/final_rec//p107/timbre/sample_10/watermarked_lobby_recording_Yeti_Stereo_Microphone.wav,timbre,0.4000
lobby,p107,/media/storage/hadleigh/stegaphone_data/final_rec//p107/timbre/sample_10/watermarked_lobby_recording_USB_Lavalier_Microphone.wav,timbre,0.4000
lobby,p107,/media/storage/hadleigh/stegaphone_data/final_rec//p107/timbre/sample_4/watermarked_lobby_recording_Fifine_USB_PnP_Audio_Device.wav,timbre,0.5667
lobby,p107,/media/storage/hadleigh/stegaphone_data/final_rec//p107/timbre/sample_4/watermarked_lobby_recording_iPhone_Microphone.wav,timbre,0.5333
lobby,p107,/media/storage/hadleigh/stegaphone_data/final_rec//p107/timbre/sample_4/watermarked_lobby_recording_Yeti_Stereo_Microphone.wav,timbre,0.5333
lobby,p107,/media/storage/hadleigh/stegaphone_data/final_rec//p107/timbre/sample_4/watermarked_lobby_recording_USB_Lavalier_Microphone.wav,timbre,0.5333
lobby,p107,/media/storage/hadleigh/stegaphone_data/final_rec//p107/timbre/sample_9/watermarked_lobby_recording_Fifine_USB_PnP_Audio_Device.wav,timbre,0.6000
lobby,p107,/media/storage/hadleigh/stegaphone_data/final_rec//p107/timbre/sample_9/watermarked_lobby_recording_iPhone_Microphone.wav,timbre,0.6000
lobby,p107,/media/storage/hadleigh/stegaphone_data/final_rec//p107/timbre/sample_9/watermarked_lobby_recording_Yeti_Stereo_Microphone.wav,timbre,0.6000
lobby,p107,/media/storage/hadleigh/stegaphone_data/final_rec//p107/timbre/sample_9/watermarked_lobby_recording_USB_Lavalier_Microphone.wav,timbre,0.6000
lobby,p107,/media/storage/hadleigh/stegaphone_data/final_rec//p107/timbre/sample_6/watermarked_lobby_recording_Fifine_USB_PnP_Audio_Device.wav,timbre,0.6000
lobby,p107,/media/storage/hadleigh/stegaphone_data/final_rec//p107/timbre/sample_6/watermarked_lobby_recording_iPhone_Microphone.wav,timbre,0.6000
lobby,p107,/media/storage/hadleigh/stegaphone_data/final_rec//p107/timbre/sample_6/watermarked_lobby_recording_Yeti_Stereo_Microphone.wav,timbre,0.6333
lobby,p107,/media/storage/hadleigh/stegaphone_data/final_rec//p107/timbre/sample_6/watermarked_lobby_recording_USB_Lavalier_Microphone.wav,timbre,0.6333
lobby,p107,/media/storage/hadleigh/stegaphone_data/final_rec//p107/timbre/sample_1/watermarked_lobby_recording_Fifine_USB_PnP_Audio_Device.wav,timbre,0.5000
lobby,p107,/media/storage/hadleigh/stegaphone_data/final_rec//p107/timbre/sample_1/watermarked_lobby_recording_iPhone_Microphone.wav,timbre,0.5000
lobby,p107,/media/storage/hadleigh/stegaphone_data/final_rec//p107/timbre/sample_1/watermarked_lobby_recording_Yeti_Stereo_Microphone.wav,timbre,0.5000
lobby,p107,/media/storage/hadleigh/stegaphone_data/final_rec//p107/timbre/sample_1/watermarked_lobby_recording_USB_Lavalier_Microphone.wav,timbre,0.5333
apartment,p102,/media/storage/hadleigh/stegaphone_data/final_rec//p102/timbre/sample_7/watermarked_apartment_recording_iPhone_Microphone.wav,timbre,0.5333
apartment,p102,/media/storage/hadleigh/stegaphone_data/final_rec//p102/timbre/sample_7/watermarked_apartment_recording_Fifine_USB_PnP_Audio_Device.wav,timbre,0.5000
apartment,p102,/media/storage/hadleigh/stegaphone_data/final_rec//p102/timbre/sample_7/watermarked_apartment_recording_Yeti_Stereo_Microphone.wav,timbre,0.5333
apartment,p102,/media/storage/hadleigh/stegaphone_data/final_rec//p102/timbre/sample_7/watermarked_apartment_recording_USB_Lavalier_Microphone.wav,timbre,0.6000
apartment,p102,/media/storage/hadleigh/stegaphone_data/final_rec//p102/timbre/sample_2/watermarked_apartment_recording_iPhone_Microphone.wav,timbre,0.4000
apartment,p102,/media/storage/hadleigh/stegaphone_data/final_rec//p102/timbre/sample_2/watermarked_apartment_recording_Fifine_USB_PnP_Audio_Device.wav,timbre,0.4333
apartment,p102,/media/storage/hadleigh/stegaphone_data/final_rec//p102/timbre/sample_2/watermarked_apartment_recording_Yeti_Stereo_Microphone.wav,timbre,0.3333
apartment,p102,/media/storage/hadleigh/stegaphone_data/final_rec//p102/timbre/sample_2/watermarked_apartment_recording_USB_Lavalier_Microphone.wav,timbre,0.3667
apartment,p102,/media/storage/hadleigh/stegaphone_data/final_rec//p102/timbre/sample_3/watermarked_apartment_recording_iPhone_Microphone.wav,timbre,0.3667
apartment,p102,/media/storage/hadleigh/stegaphone_data/final_rec//p102/timbre/sample_3/watermarked_apartment_recording_Fifine_USB_PnP_Audio_Device.wav,timbre,0.3667
apartment,p102,/media/storage/hadleigh/stegaphone_data/final_rec//p102/timbre/sample_3/watermarked_apartment_recording_Yeti_Stereo_Microphone.wav,timbre,0.4667
apartment,p102,/media/storage/hadleigh/stegaphone_data/final_rec//p102/timbre/sample_3/watermarked_apartment_recording_USB_Lavalier_Microphone.wav,timbre,0.4667
apartment,p102,/media/storage/hadleigh/stegaphone_data/final_rec//p102/timbre/sample_5/watermarked_apartment_recording_iPhone_Microphone.wav,timbre,0.3333
apartment,p102,/media/storage/hadleigh/stegaphone_data/final_rec//p102/timbre/sample_5/watermarked_apartment_recording_Fifine_USB_PnP_Audio_Device.wav,timbre,0.4333
apartment,p102,/media/storage/hadleigh/stegaphone_data/final_rec//p102/timbre/sample_5/watermarked_apartment_recording_Yeti_Stereo_Microphone.wav,timbre,0.4333
apartment,p102,/media/storage/hadleigh/stegaphone_data/final_rec//p102/timbre/sample_5/watermarked_apartment_recording_USB_Lavalier_Microphone.wav,timbre,0.4000
apartment,p102,/media/storage/hadleigh/stegaphone_data/final_rec//p102/timbre/sample_8/watermarked_apartment_recording_iPhone_Microphone.wav,timbre,0.3000
apartment,p102,/media/storage/hadleigh/stegaphone_data/final_rec//p102/timbre/sample_8/watermarked_apartment_recording_Fifine_USB_PnP_Audio_Device.wav,timbre,0.1667
apartment,p102,/media/storage/hadleigh/stegaphone_data/final_rec//p102/timbre/sample_8/watermarked_apartment_recording_Yeti_Stereo_Microphone.wav,timbre,0.2667
apartment,p102,/media/storage/hadleigh/stegaphone_data/final_rec//p102/timbre/sample_8/watermarked_apartment_recording_USB_Lavalier_Microphone.wav,timbre,0.2667
apartment,p102,/media/storage/hadleigh/stegaphone_data/final_rec//p102/timbre/sample_10/watermarked_apartment_recording_iPhone_Microphone.wav,timbre,0.3000
apartment,p102,/media/storage/hadleigh/stegaphone_data/final_rec//p102/timbre/sample_10/watermarked_apartment_recording_Fifine_USB_PnP_Audio_Device.wav,timbre,0.3333
apartment,p102,/media/storage/hadleigh/stegaphone_data/final_rec//p102/timbre/sample_10/watermarked_apartment_recording_Yeti_Stereo_Microphone.wav,timbre,0.3667
apartment,p102,/media/storage/hadleigh/stegaphone_data/final_rec//p102/timbre/sample_10/watermarked_apartment_recording_USB_Lavalier_Microphone.wav,timbre,0.4333
apartment,p102,/media/storage/hadleigh/stegaphone_data/final_rec//p102/timbre/sample_4/watermarked_apartment_recording_iPhone_Microphone.wav,timbre,0.3333
apartment,p102,/media/storage/hadleigh/stegaphone_data/final_rec//p102/timbre/sample_4/watermarked_apartment_recording_Fifine_USB_PnP_Audio_Device.wav,timbre,0.6000
apartment,p102,/media/storage/hadleigh/stegaphone_data/final_rec//p102/timbre/sample_4/watermarked_apartment_recording_Yeti_Stereo_Microphone.wav,timbre,0.5667
apartment,p102,/media/storage/hadleigh/stegaphone_data/final_rec//p102/timbre/sample_4/watermarked_apartment_recording_USB_Lavalier_Microphone.wav,timbre,0.6667
apartment,p102,/media/storage/hadleigh/stegaphone_data/final_rec//p102/timbre/sample_9/watermarked_apartment_recording_iPhone_Microphone.wav,timbre,0.3000
apartment,p102,/media/storage/hadleigh/stegaphone_data/final_rec//p102/timbre/sample_9/watermarked_apartment_recording_Fifine_USB_PnP_Audio_Device.wav,timbre,0.2000
apartment,p102,/media/storage/hadleigh/stegaphone_data/final_rec//p102/timbre/sample_9/watermarked_apartment_recording_Yeti_Stereo_Microphone.wav,timbre,0.3000
apartment,p102,/media/storage/hadleigh/stegaphone_data/final_rec//p102/timbre/sample_9/watermarked_apartment_recording_USB_Lavalier_Microphone.wav,timbre,0.3000
apartment,p102,/media/storage/hadleigh/stegaphone_data/final_rec//p102/timbre/sample_6/watermarked_apartment_recording_iPhone_Microphone.wav,timbre,0.4000
apartment,p102,/media/storage/hadleigh/stegaphone_data/final_rec//p102/timbre/sample_6/watermarked_apartment_recording_Fifine_USB_PnP_Audio_Device.wav,timbre,0.5000
apartment,p102,/media/storage/hadleigh/stegaphone_data/final_rec//p102/timbre/sample_6/watermarked_apartment_recording_Yeti_Stereo_Microphone.wav,timbre,0.5333
apartment,p102,/media/storage/hadleigh/stegaphone_data/final_rec//p102/timbre/sample_6/watermarked_apartment_recording_USB_Lavalier_Microphone.wav,timbre,0.6000
apartment,p102,/media/storage/hadleigh/stegaphone_data/final_rec//p102/timbre/sample_1/watermarked_apartment_recording_iPhone_Microphone.wav,timbre,0.5000
apartment,p102,/media/storage/hadleigh/stegaphone_data/final_rec//p102/timbre/sample_1/watermarked_apartment_recording_Fifine_USB_PnP_Audio_Device.wav,timbre,0.4667
apartment,p102,/media/storage/hadleigh/stegaphone_data/final_rec//p102/timbre/sample_1/watermarked_apartment_recording_Yeti_Stereo_Microphone.wav,timbre,0.5000
apartment,p102,/media/storage/hadleigh/stegaphone_data/final_rec//p102/timbre/sample_1/watermarked_apartment_recording_USB_Lavalier_Microphone.wav,timbre,0.6333
apartment,p103,/media/storage/hadleigh/stegaphone_data/final_rec//p103/timbre/sample_7/watermarked_apartment_recording_iPhone_Microphone.wav,timbre,0.3000
apartment,p103,/media/storage/hadleigh/stegaphone_data/final_rec//p103/timbre/sample_7/watermarked_apartment_recording_Fifine_USB_PnP_Audio_Device.wav,timbre,0.3000
apartment,p103,/media/storage/hadleigh/stegaphone_data/final_rec//p103/timbre/sample_7/watermarked_apartment_recording_Yeti_Stereo_Microphone.wav,timbre,0.3667
apartment,p103,/media/storage/hadleigh/stegaphone_data/final_rec//p103/timbre/sample_7/watermarked_apartment_recording_USB_Lavalier_Microphone.wav,timbre,0.4667
apartment,p103,/media/storage/hadleigh/stegaphone_data/final_rec//p103/timbre/sample_2/watermarked_apartment_recording_iPhone_Microphone.wav,timbre,0.2333
apartment,p103,/media/storage/hadleigh/stegaphone_data/final_rec//p103/timbre/sample_2/watermarked_apartment_recording_Fifine_USB_PnP_Audio_Device.wav,timbre,0.2000
apartment,p103,/media/storage/hadleigh/stegaphone_data/final_rec//p103/timbre/sample_2/watermarked_apartment_recording_Yeti_Stereo_Microphone.wav,timbre,0.2667
apartment,p103,/media/storage/hadleigh/stegaphone_data/final_rec//p103/timbre/sample_2/watermarked_apartment_recording_USB_Lavalier_Microphone.wav,timbre,0.3667
apartment,p103,/media/storage/hadleigh/stegaphone_data/final_rec//p103/timbre/sample_3/watermarked_apartment_recording_iPhone_Microphone.wav,timbre,0.3667
apartment,p103,/media/storage/hadleigh/stegaphone_data/final_rec//p103/timbre/sample_3/watermarked_apartment_recording_Fifine_USB_PnP_Audio_Device.wav,timbre,0.3000
apartment,p103,/media/storage/hadleigh/stegaphone_data/final_rec//p103/timbre/sample_3/watermarked_apartment_recording_Yeti_Stereo_Microphone.wav,timbre,0.5000
apartment,p103,/media/storage/hadleigh/stegaphone_data/final_rec//p103/timbre/sample_3/watermarked_apartment_recording_USB_Lavalier_Microphone.wav,timbre,0.4333
apartment,p103,/media/storage/hadleigh/stegaphone_data/final_rec//p103/timbre/sample_5/watermarked_apartment_recording_iPhone_Microphone.wav,timbre,0.4333
apartment,p103,/media/storage/hadleigh/stegaphone_data/final_rec//p103/timbre/sample_5/watermarked_apartment_recording_Fifine_USB_PnP_Audio_Device.wav,timbre,0.4333
apartment,p103,/media/storage/hadleigh/stegaphone_data/final_rec//p103/timbre/sample_5/watermarked_apartment_recording_Yeti_Stereo_Microphone.wav,timbre,0.3667
apartment,p103,/media/storage/hadleigh/stegaphone_data/final_rec//p103/timbre/sample_5/watermarked_apartment_recording_USB_Lavalier_Microphone.wav,timbre,0.4667
apartment,p103,/media/storage/hadleigh/stegaphone_data/final_rec//p103/timbre/sample_8/watermarked_apartment_recording_iPhone_Microphone.wav,timbre,0.2667
apartment,p103,/media/storage/hadleigh/stegaphone_data/final_rec//p103/timbre/sample_8/watermarked_apartment_recording_Fifine_USB_PnP_Audio_Device.wav,timbre,0.2667
apartment,p103,/media/storage/hadleigh/stegaphone_data/final_rec//p103/timbre/sample_8/watermarked_apartment_recording_Yeti_Stereo_Microphone.wav,timbre,0.3333
apartment,p103,/media/storage/hadleigh/stegaphone_data/final_rec//p103/timbre/sample_8/watermarked_apartment_recording_USB_Lavalier_Microphone.wav,timbre,0.3333
apartment,p103,/media/storage/hadleigh/stegaphone_data/final_rec//p103/timbre/sample_10/watermarked_apartment_recording_iPhone_Microphone.wav,timbre,0.3667
apartment,p103,/media/storage/hadleigh/stegaphone_data/final_rec//p103/timbre/sample_10/watermarked_apartment_recording_Fifine_USB_PnP_Audio_Device.wav,timbre,0.2333
apartment,p103,/media/storage/hadleigh/stegaphone_data/final_rec//p103/timbre/sample_10/watermarked_apartment_recording_Yeti_Stereo_Microphone.wav,timbre,0.4333
apartment,p103,/media/storage/hadleigh/stegaphone_data/final_rec//p103/timbre/sample_10/watermarked_apartment_recording_USB_Lavalier_Microphone.wav,timbre,0.4000
apartment,p103,/media/storage/hadleigh/stegaphone_data/final_rec//p103/timbre/sample_4/watermarked_apartment_recording_iPhone_Microphone.wav,timbre,0.3000
apartment,p103,/media/storage/hadleigh/stegaphone_data/final_rec//p103/timbre/sample_4/watermarked_apartment_recording_Fifine_USB_PnP_Audio_Device.wav,timbre,0.2667
apartment,p103,/media/storage/hadleigh/stegaphone_data/final_rec//p103/timbre/sample_4/watermarked_apartment_recording_Yeti_Stereo_Microphone.wav,timbre,0.4333
apartment,p103,/media/storage/hadleigh/stegaphone_data/final_rec//p103/timbre/sample_4/watermarked_apartment_recording_USB_Lavalier_Microphone.wav,timbre,0.4000
apartment,p103,/media/storage/hadleigh/stegaphone_data/final_rec//p103/timbre/sample_9/watermarked_apartment_recording_iPhone_Microphone.wav,timbre,0.4333
apartment,p103,/media/storage/hadleigh/stegaphone_data/final_rec//p103/timbre/sample_9/watermarked_apartment_recording_Fifine_USB_PnP_Audio_Device.wav,timbre,0.4000
apartment,p103,/media/storage/hadleigh/stegaphone_data/final_rec//p103/timbre/sample_9/watermarked_apartment_recording_Yeti_Stereo_Microphone.wav,timbre,0.4667
apartment,p103,/media/storage/hadleigh/stegaphone_data/final_rec//p103/timbre/sample_9/watermarked_apartment_recording_USB_Lavalier_Microphone.wav,timbre,0.4667
apartment,p103,/media/storage/hadleigh/stegaphone_data/final_rec//p103/timbre/sample_6/watermarked_apartment_recording_iPhone_Microphone.wav,timbre,0.3000
apartment,p103,/media/storage/hadleigh/stegaphone_data/final_rec//p103/timbre/sample_6/watermarked_apartment_recording_Fifine_USB_PnP_Audio_Device.wav,timbre,0.3333
apartment,p103,/media/storage/hadleigh/stegaphone_data/final_rec//p103/timbre/sample_6/watermarked_apartment_recording_Yeti_Stereo_Microphone.wav,timbre,0.4000
apartment,p103,/media/storage/hadleigh/stegaphone_data/final_rec//p103/timbre/sample_6/watermarked_apartment_recording_USB_Lavalier_Microphone.wav,timbre,0.5000
apartment,p103,/media/storage/hadleigh/stegaphone_data/final_rec//p103/timbre/sample_1/watermarked_apartment_recording_iPhone_Microphone.wav,timbre,0.2667
apartment,p103,/media/storage/hadleigh/stegaphone_data/final_rec//p103/timbre/sample_1/watermarked_apartment_recording_Fifine_USB_PnP_Audio_Device.wav,timbre,0.3000
apartment,p103,/media/storage/hadleigh/stegaphone_data/final_rec//p103/timbre/sample_1/watermarked_apartment_recording_Yeti_Stereo_Microphone.wav,timbre,0.3000
apartment,p103,/media/storage/hadleigh/stegaphone_data/final_rec//p103/timbre/sample_1/watermarked_apartment_recording_USB_Lavalier_Microphone.wav,timbre,0.3333
apartment,p104,/media/storage/hadleigh/stegaphone_data/final_rec//p104/timbre/sample_7/watermarked_apartment_recording_iPhone_Microphone.wav,timbre,0.5333
apartment,p104,/media/storage/hadleigh/stegaphone_data/final_rec//p104/timbre/sample_7/watermarked_apartment_recording_Fifine_USB_PnP_Audio_Device.wav,timbre,0.5667
apartment,p104,/media/storage/hadleigh/stegaphone_data/final_rec//p104/timbre/sample_7/watermarked_apartment_recording_Yeti_Stereo_Microphone.wav,timbre,0.5000
apartment,p104,/media/storage/hadleigh/stegaphone_data/final_rec//p104/timbre/sample_7/watermarked_apartment_recording_USB_Lavalier_Microphone.wav,timbre,0.5667
apartment,p104,/media/storage/hadleigh/stegaphone_data/final_rec//p104/timbre/sample_2/watermarked_apartment_recording_iPhone_Microphone.wav,timbre,0.3333
apartment,p104,/media/storage/hadleigh/stegaphone_data/final_rec//p104/timbre/sample_2/watermarked_apartment_recording_Fifine_USB_PnP_Audio_Device.wav,timbre,0.3000
apartment,p104,/media/storage/hadleigh/stegaphone_data/final_rec//p104/timbre/sample_2/watermarked_apartment_recording_Yeti_Stereo_Microphone.wav,timbre,0.3000
apartment,p104,/media/storage/hadleigh/stegaphone_data/final_rec//p104/timbre/sample_2/watermarked_apartment_recording_USB_Lavalier_Microphone.wav,timbre,0.4333
apartment,p104,/media/storage/hadleigh/stegaphone_data/final_rec//p104/timbre/sample_3/watermarked_apartment_recording_iPhone_Microphone.wav,timbre,0.6000
apartment,p104,/media/storage/hadleigh/stegaphone_data/final_rec//p104/timbre/sample_3/watermarked_apartment_recording_Fifine_USB_PnP_Audio_Device.wav,timbre,0.4667
apartment,p104,/media/storage/hadleigh/stegaphone_data/final_rec//p104/timbre/sample_3/watermarked_apartment_recording_Yeti_Stereo_Microphone.wav,timbre,0.5667
apartment,p104,/media/storage/hadleigh/stegaphone_data/final_rec//p104/timbre/sample_3/watermarked_apartment_recording_USB_Lavalier_Microphone.wav,timbre,0.6000
apartment,p104,/media/storage/hadleigh/stegaphone_data/final_rec//p104/timbre/sample_5/watermarked_apartment_recording_iPhone_Microphone.wav,timbre,0.5000
apartment,p104,/media/storage/hadleigh/stegaphone_data/final_rec//p104/timbre/sample_5/watermarked_apartment_recording_Fifine_USB_PnP_Audio_Device.wav,timbre,0.4667
apartment,p104,/media/storage/hadleigh/stegaphone_data/final_rec//p104/timbre/sample_5/watermarked_apartment_recording_Yeti_Stereo_Microphone.wav,timbre,0.5333
apartment,p104,/media/storage/hadleigh/stegaphone_data/final_rec//p104/timbre/sample_5/watermarked_apartment_recording_USB_Lavalier_Microphone.wav,timbre,0.6000
apartment,p104,/media/storage/hadleigh/stegaphone_data/final_rec//p104/timbre/sample_8/watermarked_apartment_recording_iPhone_Microphone.wav,timbre,0.5000
apartment,p104,/media/storage/hadleigh/stegaphone_data/final_rec//p104/timbre/sample_8/watermarked_apartment_recording_Fifine_USB_PnP_Audio_Device.wav,timbre,0.4333
apartment,p104,/media/storage/hadleigh/stegaphone_data/final_rec//p104/timbre/sample_8/watermarked_apartment_recording_Yeti_Stereo_Microphone.wav,timbre,0.5000
apartment,p104,/media/storage/hadleigh/stegaphone_data/final_rec//p104/timbre/sample_8/watermarked_apartment_recording_USB_Lavalier_Microphone.wav,timbre,0.6000
apartment,p104,/media/storage/hadleigh/stegaphone_data/final_rec//p104/timbre/sample_10/watermarked_apartment_recording_iPhone_Microphone.wav,timbre,0.3333
apartment,p104,/media/storage/hadleigh/stegaphone_data/final_rec//p104/timbre/sample_10/watermarked_apartment_recording_Fifine_USB_PnP_Audio_Device.wav,timbre,0.2000
apartment,p104,/media/storage/hadleigh/stegaphone_data/final_rec//p104/timbre/sample_10/watermarked_apartment_recording_Yeti_Stereo_Microphone.wav,timbre,0.3000
apartment,p104,/media/storage/hadleigh/stegaphone_data/final_rec//p104/timbre/sample_10/watermarked_apartment_recording_USB_Lavalier_Microphone.wav,timbre,0.3667
apartment,p104,/media/storage/hadleigh/stegaphone_data/final_rec//p104/timbre/sample_4/watermarked_apartment_recording_iPhone_Microphone.wav,timbre,0.2667
apartment,p104,/media/storage/hadleigh/stegaphone_data/final_rec//p104/timbre/sample_4/watermarked_apartment_recording_Fifine_USB_PnP_Audio_Device.wav,timbre,0.4000
apartment,p104,/media/storage/hadleigh/stegaphone_data/final_rec//p104/timbre/sample_4/watermarked_apartment_recording_Yeti_Stereo_Microphone.wav,timbre,0.3667
apartment,p104,/media/storage/hadleigh/stegaphone_data/final_rec//p104/timbre/sample_4/watermarked_apartment_recording_USB_Lavalier_Microphone.wav,timbre,0.4000
apartment,p104,/media/storage/hadleigh/stegaphone_data/final_rec//p104/timbre/sample_9/watermarked_apartment_recording_iPhone_Microphone.wav,timbre,0.3333
apartment,p104,/media/storage/hadleigh/stegaphone_data/final_rec//p104/timbre/sample_9/watermarked_apartment_recording_Fifine_USB_PnP_Audio_Device.wav,timbre,0.3000
apartment,p104,/media/storage/hadleigh/stegaphone_data/final_rec//p104/timbre/sample_9/watermarked_apartment_recording_Yeti_Stereo_Microphone.wav,timbre,0.3333
apartment,p104,/media/storage/hadleigh/stegaphone_data/final_rec//p104/timbre/sample_9/watermarked_apartment_recording_USB_Lavalier_Microphone.wav,timbre,0.3667
apartment,p104,/media/storage/hadleigh/stegaphone_data/final_rec//p104/timbre/sample_6/watermarked_apartment_recording_iPhone_Microphone.wav,timbre,0.3000
apartment,p104,/media/storage/hadleigh/stegaphone_data/final_rec//p104/timbre/sample_6/watermarked_apartment_recording_Fifine_USB_PnP_Audio_Device.wav,timbre,0.3000
apartment,p104,/media/storage/hadleigh/stegaphone_data/final_rec//p104/timbre/sample_6/watermarked_apartment_recording_Yeti_Stereo_Microphone.wav,timbre,0.3667
apartment,p104,/media/storage/hadleigh/stegaphone_data/final_rec//p104/timbre/sample_6/watermarked_apartment_recording_USB_Lavalier_Microphone.wav,timbre,0.3667
apartment,p104,/media/storage/hadleigh/stegaphone_data/final_rec//p104/timbre/sample_1/watermarked_apartment_recording_iPhone_Microphone.wav,timbre,0.3667
apartment,p104,/media/storage/hadleigh/stegaphone_data/final_rec//p104/timbre/sample_1/watermarked_apartment_recording_Fifine_USB_PnP_Audio_Device.wav,timbre,0.3667
apartment,p104,/media/storage/hadleigh/stegaphone_data/final_rec//p104/timbre/sample_1/watermarked_apartment_recording_Yeti_Stereo_Microphone.wav,timbre,0.3667
apartment,p104,/media/storage/hadleigh/stegaphone_data/final_rec//p104/timbre/sample_1/watermarked_apartment_recording_USB_Lavalier_Microphone.wav,timbre,0.3667
apartment,p105,/media/storage/hadleigh/stegaphone_data/final_rec//p105/timbre/sample_7/watermarked_apartment_recording_iPhone_Microphone.wav,timbre,0.3333
apartment,p105,/media/storage/hadleigh/stegaphone_data/final_rec//p105/timbre/sample_7/watermarked_apartment_recording_Fifine_USB_PnP_Audio_Device.wav,timbre,0.5000
apartment,p105,/media/storage/hadleigh/stegaphone_data/final_rec//p105/timbre/sample_7/watermarked_apartment_recording_Yeti_Stereo_Microphone.wav,timbre,0.4667
apartment,p105,/media/storage/hadleigh/stegaphone_data/final_rec//p105/timbre/sample_7/watermarked_apartment_recording_USB_Lavalier_Microphone.wav,timbre,0.6000
apartment,p105,/media/storage/hadleigh/stegaphone_data/final_rec//p105/timbre/sample_2/watermarked_apartment_recording_iPhone_Microphone.wav,timbre,0.3667
apartment,p105,/media/storage/hadleigh/stegaphone_data/final_rec//p105/timbre/sample_2/watermarked_apartment_recording_Fifine_USB_PnP_Audio_Device.wav,timbre,0.3667
apartment,p105,/media/storage/hadleigh/stegaphone_data/final_rec//p105/timbre/sample_2/watermarked_apartment_recording_Yeti_Stereo_Microphone.wav,timbre,0.3333
apartment,p105,/media/storage/hadleigh/stegaphone_data/final_rec//p105/timbre/sample_2/watermarked_apartment_recording_USB_Lavalier_Microphone.wav,timbre,0.4000
apartment,p105,/media/storage/hadleigh/stegaphone_data/final_rec//p105/timbre/sample_3/watermarked_apartment_recording_iPhone_Microphone.wav,timbre,0.4333
apartment,p105,/media/storage/hadleigh/stegaphone_data/final_rec//p105/timbre/sample_3/watermarked_apartment_recording_Fifine_USB_PnP_Audio_Device.wav,timbre,0.4667
apartment,p105,/media/storage/hadleigh/stegaphone_data/final_rec//p105/timbre/sample_3/watermarked_apartment_recording_Yeti_Stereo_Microphone.wav,timbre,0.5333
apartment,p105,/media/storage/hadleigh/stegaphone_data/final_rec//p105/timbre/sample_3/watermarked_apartment_recording_USB_Lavalier_Microphone.wav,timbre,0.5000
apartment,p105,/media/storage/hadleigh/stegaphone_data/final_rec//p105/timbre/sample_5/watermarked_apartment_recording_iPhone_Microphone.wav,timbre,0.2000
apartment,p105,/media/storage/hadleigh/stegaphone_data/final_rec//p105/timbre/sample_5/watermarked_apartment_recording_Fifine_USB_PnP_Audio_Device.wav,timbre,0.3333
apartment,p105,/media/storage/hadleigh/stegaphone_data/final_rec//p105/timbre/sample_5/watermarked_apartment_recording_Yeti_Stereo_Microphone.wav,timbre,0.2667
apartment,p105,/media/storage/hadleigh/stegaphone_data/final_rec//p105/timbre/sample_5/watermarked_apartment_recording_USB_Lavalier_Microphone.wav,timbre,0.3333
apartment,p105,/media/storage/hadleigh/stegaphone_data/final_rec//p105/timbre/sample_8/watermarked_apartment_recording_iPhone_Microphone.wav,timbre,0.3000
apartment,p105,/media/storage/hadleigh/stegaphone_data/final_rec//p105/timbre/sample_8/watermarked_apartment_recording_Fifine_USB_PnP_Audio_Device.wav,timbre,0.3333
apartment,p105,/media/storage/hadleigh/stegaphone_data/final_rec//p105/timbre/sample_8/watermarked_apartment_recording_Yeti_Stereo_Microphone.wav,timbre,0.3667
apartment,p105,/media/storage/hadleigh/stegaphone_data/final_rec//p105/timbre/sample_8/watermarked_apartment_recording_USB_Lavalier_Microphone.wav,timbre,0.4000
apartment,p105,/media/storage/hadleigh/stegaphone_data/final_rec//p105/timbre/sample_10/watermarked_apartment_recording_iPhone_Microphone.wav,timbre,0.3333
apartment,p105,/media/storage/hadleigh/stegaphone_data/final_rec//p105/timbre/sample_10/watermarked_apartment_recording_Fifine_USB_PnP_Audio_Device.wav,timbre,0.4333
apartment,p105,/media/storage/hadleigh/stegaphone_data/final_rec//p105/timbre/sample_10/watermarked_apartment_recording_Yeti_Stereo_Microphone.wav,timbre,0.3667
apartment,p105,/media/storage/hadleigh/stegaphone_data/final_rec//p105/timbre/sample_10/watermarked_apartment_recording_USB_Lavalier_Microphone.wav,timbre,0.4667
apartment,p105,/media/storage/hadleigh/stegaphone_data/final_rec//p105/timbre/sample_4/watermarked_apartment_recording_iPhone_Microphone.wav,timbre,0.3667
apartment,p105,/media/storage/hadleigh/stegaphone_data/final_rec//p105/timbre/sample_4/watermarked_apartment_recording_Fifine_USB_PnP_Audio_Device.wav,timbre,0.4667
apartment,p105,/media/storage/hadleigh/stegaphone_data/final_rec//p105/timbre/sample_4/watermarked_apartment_recording_Yeti_Stereo_Microphone.wav,timbre,0.4667
apartment,p105,/media/storage/hadleigh/stegaphone_data/final_rec//p105/timbre/sample_4/watermarked_apartment_recording_USB_Lavalier_Microphone.wav,timbre,0.5333
apartment,p105,/media/storage/hadleigh/stegaphone_data/final_rec//p105/timbre/sample_9/watermarked_apartment_recording_iPhone_Microphone.wav,timbre,0.1667
apartment,p105,/media/storage/hadleigh/stegaphone_data/final_rec//p105/timbre/sample_9/watermarked_apartment_recording_Fifine_USB_PnP_Audio_Device.wav,timbre,0.3000
apartment,p105,/media/storage/hadleigh/stegaphone_data/final_rec//p105/timbre/sample_9/watermarked_apartment_recording_Yeti_Stereo_Microphone.wav,timbre,0.3333
apartment,p105,/media/storage/hadleigh/stegaphone_data/final_rec//p105/timbre/sample_9/watermarked_apartment_recording_USB_Lavalier_Microphone.wav,timbre,0.4000
apartment,p105,/media/storage/hadleigh/stegaphone_data/final_rec//p105/timbre/sample_6/watermarked_apartment_recording_iPhone_Microphone.wav,timbre,0.3000
apartment,p105,/media/storage/hadleigh/stegaphone_data/final_rec//p105/timbre/sample_6/watermarked_apartment_recording_Fifine_USB_PnP_Audio_Device.wav,timbre,0.4000
apartment,p105,/media/storage/hadleigh/stegaphone_data/final_rec//p105/timbre/sample_6/watermarked_apartment_recording_Yeti_Stereo_Microphone.wav,timbre,0.3333
apartment,p105,/media/storage/hadleigh/stegaphone_data/final_rec//p105/timbre/sample_6/watermarked_apartment_recording_USB_Lavalier_Microphone.wav,timbre,0.4000
apartment,p105,/media/storage/hadleigh/stegaphone_data/final_rec//p105/timbre/sample_1/watermarked_apartment_recording_iPhone_Microphone.wav,timbre,0.2333
apartment,p105,/media/storage/hadleigh/stegaphone_data/final_rec//p105/timbre/sample_1/watermarked_apartment_recording_Fifine_USB_PnP_Audio_Device.wav,timbre,0.2667
apartment,p105,/media/storage/hadleigh/stegaphone_data/final_rec//p105/timbre/sample_1/watermarked_apartment_recording_Yeti_Stereo_Microphone.wav,timbre,0.3000
apartment,p105,/media/storage/hadleigh/stegaphone_data/final_rec//p105/timbre/sample_1/watermarked_apartment_recording_USB_Lavalier_Microphone.wav,timbre,0.3667
apartment,p106,/media/storage/hadleigh/stegaphone_data/final_rec//p106/timbre/sample_7/watermarked_apartment_recording_iPhone_Microphone.wav,timbre,0.3333
apartment,p106,/media/storage/hadleigh/stegaphone_data/final_rec//p106/timbre/sample_7/watermarked_apartment_recording_Fifine_USB_PnP_Audio_Device.wav,timbre,0.5000
apartment,p106,/media/storage/hadleigh/stegaphone_data/final_rec//p106/timbre/sample_7/watermarked_apartment_recording_Yeti_Stereo_Microphone.wav,timbre,0.5333
apartment,p106,/media/storage/hadleigh/stegaphone_data/final_rec//p106/timbre/sample_7/watermarked_apartment_recording_USB_Lavalier_Microphone.wav,timbre,0.4667
apartment,p106,/media/storage/hadleigh/stegaphone_data/final_rec//p106/timbre/sample_2/watermarked_apartment_recording_iPhone_Microphone.wav,timbre,0.4000
apartment,p106,/media/storage/hadleigh/stegaphone_data/final_rec//p106/timbre/sample_2/watermarked_apartment_recording_Fifine_USB_PnP_Audio_Device.wav,timbre,0.3000
apartment,p106,/media/storage/hadleigh/stegaphone_data/final_rec//p106/timbre/sample_2/watermarked_apartment_recording_Yeti_Stereo_Microphone.wav,timbre,0.3333
apartment,p106,/media/storage/hadleigh/stegaphone_data/final_rec//p106/timbre/sample_2/watermarked_apartment_recording_USB_Lavalier_Microphone.wav,timbre,0.4667
apartment,p106,/media/storage/hadleigh/stegaphone_data/final_rec//p106/timbre/sample_3/watermarked_apartment_recording_iPhone_Microphone.wav,timbre,0.4333
apartment,p106,/media/storage/hadleigh/stegaphone_data/final_rec//p106/timbre/sample_3/watermarked_apartment_recording_Fifine_USB_PnP_Audio_Device.wav,timbre,0.4000
apartment,p106,/media/storage/hadleigh/stegaphone_data/final_rec//p106/timbre/sample_3/watermarked_apartment_recording_Yeti_Stereo_Microphone.wav,timbre,0.5000
apartment,p106,/media/storage/hadleigh/stegaphone_data/final_rec//p106/timbre/sample_3/watermarked_apartment_recording_USB_Lavalier_Microphone.wav,timbre,0.5333
apartment,p106,/media/storage/hadleigh/stegaphone_data/final_rec//p106/timbre/sample_5/watermarked_apartment_recording_iPhone_Microphone.wav,timbre,0.2667
apartment,p106,/media/storage/hadleigh/stegaphone_data/final_rec//p106/timbre/sample_5/watermarked_apartment_recording_Fifine_USB_PnP_Audio_Device.wav,timbre,0.2333
apartment,p106,/media/storage/hadleigh/stegaphone_data/final_rec//p106/timbre/sample_5/watermarked_apartment_recording_Yeti_Stereo_Microphone.wav,timbre,0.3333
apartment,p106,/media/storage/hadleigh/stegaphone_data/final_rec//p106/timbre/sample_5/watermarked_apartment_recording_USB_Lavalier_Microphone.wav,timbre,0.3333
apartment,p106,/media/storage/hadleigh/stegaphone_data/final_rec//p106/timbre/sample_8/watermarked_apartment_recording_iPhone_Microphone.wav,timbre,0.3333
apartment,p106,/media/storage/hadleigh/stegaphone_data/final_rec//p106/timbre/sample_8/watermarked_apartment_recording_Fifine_USB_PnP_Audio_Device.wav,timbre,0.3333
apartment,p106,/media/storage/hadleigh/stegaphone_data/final_rec//p106/timbre/sample_8/watermarked_apartment_recording_Yeti_Stereo_Microphone.wav,timbre,0.3667
apartment,p106,/media/storage/hadleigh/stegaphone_data/final_rec//p106/timbre/sample_8/watermarked_apartment_recording_USB_Lavalier_Microphone.wav,timbre,0.3000
apartment,p106,/media/storage/hadleigh/stegaphone_data/final_rec//p106/timbre/sample_10/watermarked_apartment_recording_iPhone_Microphone.wav,timbre,0.4000
apartment,p106,/media/storage/hadleigh/stegaphone_data/final_rec//p106/timbre/sample_10/watermarked_apartment_recording_Fifine_USB_PnP_Audio_Device.wav,timbre,0.3333
apartment,p106,/media/storage/hadleigh/stegaphone_data/final_rec//p106/timbre/sample_10/watermarked_apartment_recording_Yeti_Stereo_Microphone.wav,timbre,0.4667
apartment,p106,/media/storage/hadleigh/stegaphone_data/final_rec//p106/timbre/sample_10/watermarked_apartment_recording_USB_Lavalier_Microphone.wav,timbre,0.5000
apartment,p106,/media/storage/hadleigh/stegaphone_data/final_rec//p106/timbre/sample_4/watermarked_apartment_recording_iPhone_Microphone.wav,timbre,0.4333
apartment,p106,/media/storage/hadleigh/stegaphone_data/final_rec//p106/timbre/sample_4/watermarked_apartment_recording_Fifine_USB_PnP_Audio_Device.wav,timbre,0.4333
apartment,p106,/media/storage/hadleigh/stegaphone_data/final_rec//p106/timbre/sample_4/watermarked_apartment_recording_Yeti_Stereo_Microphone.wav,timbre,0.4000
apartment,p106,/media/storage/hadleigh/stegaphone_data/final_rec//p106/timbre/sample_4/watermarked_apartment_recording_USB_Lavalier_Microphone.wav,timbre,0.5667
apartment,p106,/media/storage/hadleigh/stegaphone_data/final_rec//p106/timbre/sample_9/watermarked_apartment_recording_iPhone_Microphone.wav,timbre,0.3000
apartment,p106,/media/storage/hadleigh/stegaphone_data/final_rec//p106/timbre/sample_9/watermarked_apartment_recording_Fifine_USB_PnP_Audio_Device.wav,timbre,0.3000
apartment,p106,/media/storage/hadleigh/stegaphone_data/final_rec//p106/timbre/sample_9/watermarked_apartment_recording_Yeti_Stereo_Microphone.wav,timbre,0.3333
apartment,p106,/media/storage/hadleigh/stegaphone_data/final_rec//p106/timbre/sample_9/watermarked_apartment_recording_USB_Lavalier_Microphone.wav,timbre,0.4000
apartment,p106,/media/storage/hadleigh/stegaphone_data/final_rec//p106/timbre/sample_6/watermarked_apartment_recording_iPhone_Microphone.wav,timbre,0.2000
apartment,p106,/media/storage/hadleigh/stegaphone_data/final_rec//p106/timbre/sample_6/watermarked_apartment_recording_Fifine_USB_PnP_Audio_Device.wav,timbre,0.2333
apartment,p106,/media/storage/hadleigh/stegaphone_data/final_rec//p106/timbre/sample_6/watermarked_apartment_recording_Yeti_Stereo_Microphone.wav,timbre,0.2000
apartment,p106,/media/storage/hadleigh/stegaphone_data/final_rec//p106/timbre/sample_6/watermarked_apartment_recording_USB_Lavalier_Microphone.wav,timbre,0.2667
apartment,p106,/media/storage/hadleigh/stegaphone_data/final_rec//p106/timbre/sample_1/watermarked_apartment_recording_iPhone_Microphone.wav,timbre,0.2000
apartment,p106,/media/storage/hadleigh/stegaphone_data/final_rec//p106/timbre/sample_1/watermarked_apartment_recording_Fifine_USB_PnP_Audio_Device.wav,timbre,0.4000
apartment,p106,/media/storage/hadleigh/stegaphone_data/final_rec//p106/timbre/sample_1/watermarked_apartment_recording_Yeti_Stereo_Microphone.wav,timbre,0.3000
apartment,p106,/media/storage/hadleigh/stegaphone_data/final_rec//p106/timbre/sample_1/watermarked_apartment_recording_USB_Lavalier_Microphone.wav,timbre,0.4000
apartment,p107,/media/storage/hadleigh/stegaphone_data/final_rec//p107/timbre/sample_7/watermarked_apartment_recording_iPhone_Microphone.wav,timbre,0.2000
apartment,p107,/media/storage/hadleigh/stegaphone_data/final_rec//p107/timbre/sample_7/watermarked_apartment_recording_Fifine_USB_PnP_Audio_Device.wav,timbre,0.2667
apartment,p107,/media/storage/hadleigh/stegaphone_data/final_rec//p107/timbre/sample_7/watermarked_apartment_recording_Yeti_Stereo_Microphone.wav,timbre,0.3333
apartment,p107,/media/storage/hadleigh/stegaphone_data/final_rec//p107/timbre/sample_7/watermarked_apartment_recording_USB_Lavalier_Microphone.wav,timbre,0.4000
apartment,p107,/media/storage/hadleigh/stegaphone_data/final_rec//p107/timbre/sample_2/watermarked_apartment_recording_iPhone_Microphone.wav,timbre,0.5333
apartment,p107,/media/storage/hadleigh/stegaphone_data/final_rec//p107/timbre/sample_2/watermarked_apartment_recording_Fifine_USB_PnP_Audio_Device.wav,timbre,0.3667
apartment,p107,/media/storage/hadleigh/stegaphone_data/final_rec//p107/timbre/sample_2/watermarked_apartment_recording_Yeti_Stereo_Microphone.wav,timbre,0.5667
apartment,p107,/media/storage/hadleigh/stegaphone_data/final_rec//p107/timbre/sample_2/watermarked_apartment_recording_USB_Lavalier_Microphone.wav,timbre,0.5333
apartment,p107,/media/storage/hadleigh/stegaphone_data/final_rec//p107/timbre/sample_3/watermarked_apartment_recording_iPhone_Microphone.wav,timbre,0.2000
apartment,p107,/media/storage/hadleigh/stegaphone_data/final_rec//p107/timbre/sample_3/watermarked_apartment_recording_Fifine_USB_PnP_Audio_Device.wav,timbre,0.2667
apartment,p107,/media/storage/hadleigh/stegaphone_data/final_rec//p107/timbre/sample_3/watermarked_apartment_recording_Yeti_Stereo_Microphone.wav,timbre,0.2000
apartment,p107,/media/storage/hadleigh/stegaphone_data/final_rec//p107/timbre/sample_3/watermarked_apartment_recording_USB_Lavalier_Microphone.wav,timbre,0.2667
apartment,p107,/media/storage/hadleigh/stegaphone_data/final_rec//p107/timbre/sample_5/watermarked_apartment_recording_iPhone_Microphone.wav,timbre,0.4333
apartment,p107,/media/storage/hadleigh/stegaphone_data/final_rec//p107/timbre/sample_5/watermarked_apartment_recording_Fifine_USB_PnP_Audio_Device.wav,timbre,0.3667
apartment,p107,/media/storage/hadleigh/stegaphone_data/final_rec//p107/timbre/sample_5/watermarked_apartment_recording_Yeti_Stereo_Microphone.wav,timbre,0.4667
apartment,p107,/media/storage/hadleigh/stegaphone_data/final_rec//p107/timbre/sample_5/watermarked_apartment_recording_USB_Lavalier_Microphone.wav,timbre,0.4667
apartment,p107,/media/storage/hadleigh/stegaphone_data/final_rec//p107/timbre/sample_8/watermarked_apartment_recording_iPhone_Microphone.wav,timbre,0.2667
apartment,p107,/media/storage/hadleigh/stegaphone_data/final_rec//p107/timbre/sample_8/watermarked_apartment_recording_Fifine_USB_PnP_Audio_Device.wav,timbre,0.2000
apartment,p107,/media/storage/hadleigh/stegaphone_data/final_rec//p107/timbre/sample_8/watermarked_apartment_recording_Yeti_Stereo_Microphone.wav,timbre,0.2667
apartment,p107,/media/storage/hadleigh/stegaphone_data/final_rec//p107/timbre/sample_8/watermarked_apartment_recording_USB_Lavalier_Microphone.wav,timbre,0.3667
apartment,p107,/media/storage/hadleigh/stegaphone_data/final_rec//p107/timbre/sample_10/watermarked_apartment_recording_iPhone_Microphone.wav,timbre,0.4000
apartment,p107,/media/storage/hadleigh/stegaphone_data/final_rec//p107/timbre/sample_10/watermarked_apartment_recording_Fifine_USB_PnP_Audio_Device.wav,timbre,0.2667
apartment,p107,/media/storage/hadleigh/stegaphone_data/final_rec//p107/timbre/sample_10/watermarked_apartment_recording_Yeti_Stereo_Microphone.wav,timbre,0.3333
apartment,p107,/media/storage/hadleigh/stegaphone_data/final_rec//p107/timbre/sample_10/watermarked_apartment_recording_USB_Lavalier_Microphone.wav,timbre,0.3333
apartment,p107,/media/storage/hadleigh/stegaphone_data/final_rec//p107/timbre/sample_4/watermarked_apartment_recording_iPhone_Microphone.wav,timbre,0.4333
apartment,p107,/media/storage/hadleigh/stegaphone_data/final_rec//p107/timbre/sample_4/watermarked_apartment_recording_Fifine_USB_PnP_Audio_Device.wav,timbre,0.4000
apartment,p107,/media/storage/hadleigh/stegaphone_data/final_rec//p107/timbre/sample_4/watermarked_apartment_recording_Yeti_Stereo_Microphone.wav,timbre,0.4000
apartment,p107,/media/storage/hadleigh/stegaphone_data/final_rec//p107/timbre/sample_4/watermarked_apartment_recording_USB_Lavalier_Microphone.wav,timbre,0.4667
apartment,p107,/media/storage/hadleigh/stegaphone_data/final_rec//p107/timbre/sample_9/watermarked_apartment_recording_iPhone_Microphone.wav,timbre,0.5000
apartment,p107,/media/storage/hadleigh/stegaphone_data/final_rec//p107/timbre/sample_9/watermarked_apartment_recording_Fifine_USB_PnP_Audio_Device.wav,timbre,0.5000
apartment,p107,/media/storage/hadleigh/stegaphone_data/final_rec//p107/timbre/sample_9/watermarked_apartment_recording_Yeti_Stereo_Microphone.wav,timbre,0.5667
apartment,p107,/media/storage/hadleigh/stegaphone_data/final_rec//p107/timbre/sample_9/watermarked_apartment_recording_USB_Lavalier_Microphone.wav,timbre,0.5667
apartment,p107,/media/storage/hadleigh/stegaphone_data/final_rec//p107/timbre/sample_6/watermarked_apartment_recording_iPhone_Microphone.wav,timbre,0.4333
apartment,p107,/media/storage/hadleigh/stegaphone_data/final_rec//p107/timbre/sample_6/watermarked_apartment_recording_Fifine_USB_PnP_Audio_Device.wav,timbre,0.4333
apartment,p107,/media/storage/hadleigh/stegaphone_data/final_rec//p107/timbre/sample_6/watermarked_apartment_recording_Yeti_Stereo_Microphone.wav,timbre,0.6000
apartment,p107,/media/storage/hadleigh/stegaphone_data/final_rec//p107/timbre/sample_6/watermarked_apartment_recording_USB_Lavalier_Microphone.wav,timbre,0.5333
apartment,p107,/media/storage/hadleigh/stegaphone_data/final_rec//p107/timbre/sample_1/watermarked_apartment_recording_iPhone_Microphone.wav,timbre,0.4333
apartment,p107,/media/storage/hadleigh/stegaphone_data/final_rec//p107/timbre/sample_1/watermarked_apartment_recording_Fifine_USB_PnP_Audio_Device.wav,timbre,0.5333
apartment,p107,/media/storage/hadleigh/stegaphone_data/final_rec//p107/timbre/sample_1/watermarked_apartment_recording_Yeti_Stereo_Microphone.wav,timbre,0.4667
apartment,p107,/media/storage/hadleigh/stegaphone_data/final_rec//p107/timbre/sample_1/watermarked_apartment_recording_USB_Lavalier_Microphone.wav,timbre,0.5000
printer,p102,/media/storage/hadleigh/stegaphone_data/final_rec//p102/audioseal/sample_7/watermarked_printer_recording_iPhone_Microphone.wav,audioseal,0.3125
printer,p102,/media/storage/hadleigh/stegaphone_data/final_rec//p102/audioseal/sample_7/watermarked_printer_recording_Fifine_USB_PnP_Audio_Device.wav,audioseal,0.4375
printer,p102,/media/storage/hadleigh/stegaphone_data/final_rec//p102/audioseal/sample_7/watermarked_printer_recording_USB_Lavalier_Microphone.wav,audioseal,0.3125
printer,p102,/media/storage/hadleigh/stegaphone_data/final_rec//p102/audioseal/sample_7/watermarked_printer_recording_Yeti_Stereo_Microphone.wav,audioseal,0.4375
printer,p102,/media/storage/hadleigh/stegaphone_data/final_rec//p102/audioseal/sample_2/watermarked_printer_recording_iPhone_Microphone.wav,audioseal,0.3125
printer,p102,/media/storage/hadleigh/stegaphone_data/final_rec//p102/audioseal/sample_2/watermarked_printer_recording_Fifine_USB_PnP_Audio_Device.wav,audioseal,0.3125
printer,p102,/media/storage/hadleigh/stegaphone_data/final_rec//p102/audioseal/sample_2/watermarked_printer_recording_USB_Lavalier_Microphone.wav,audioseal,0.3125
printer,p102,/media/storage/hadleigh/stegaphone_data/final_rec//p102/audioseal/sample_2/watermarked_printer_recording_Yeti_Stereo_Microphone.wav,audioseal,0.3750
printer,p102,/media/storage/hadleigh/stegaphone_data/final_rec//p102/audioseal/sample_3/watermarked_printer_recording_iPhone_Microphone.wav,audioseal,0.5625
printer,p102,/media/storage/hadleigh/stegaphone_data/final_rec//p102/audioseal/sample_3/watermarked_printer_recording_Fifine_USB_PnP_Audio_Device.wav,audioseal,0.5625
printer,p102,/media/storage/hadleigh/stegaphone_data/final_rec//p102/audioseal/sample_3/watermarked_printer_recording_USB_Lavalier_Microphone.wav,audioseal,0.5000
printer,p102,/media/storage/hadleigh/stegaphone_data/final_rec//p102/audioseal/sample_3/watermarked_printer_recording_Yeti_Stereo_Microphone.wav,audioseal,0.4375
printer,p102,/media/storage/hadleigh/stegaphone_data/final_rec//p102/audioseal/sample_5/watermarked_printer_recording_iPhone_Microphone.wav,audioseal,0.5000
printer,p102,/media/storage/hadleigh/stegaphone_data/final_rec//p102/audioseal/sample_5/watermarked_printer_recording_Fifine_USB_PnP_Audio_Device.wav,audioseal,0.5625
printer,p102,/media/storage/hadleigh/stegaphone_data/final_rec//p102/audioseal/sample_5/watermarked_printer_recording_USB_Lavalier_Microphone.wav,audioseal,0.3750
printer,p102,/media/storage/hadleigh/stegaphone_data/final_rec//p102/audioseal/sample_5/watermarked_printer_recording_Yeti_Stereo_Microphone.wav,audioseal,0.5000
printer,p102,/media/storage/hadleigh/stegaphone_data/final_rec//p102/audioseal/sample_8/watermarked_printer_recording_iPhone_Microphone.wav,audioseal,0.5000
printer,p102,/media/storage/hadleigh/stegaphone_data/final_rec//p102/audioseal/sample_8/watermarked_printer_recording_Fifine_USB_PnP_Audio_Device.wav,audioseal,0.3750
printer,p102,/media/storage/hadleigh/stegaphone_data/final_rec//p102/audioseal/sample_8/watermarked_printer_recording_USB_Lavalier_Microphone.wav,audioseal,0.5625
printer,p102,/media/storage/hadleigh/stegaphone_data/final_rec//p102/audioseal/sample_8/watermarked_printer_recording_Yeti_Stereo_Microphone.wav,audioseal,0.4375
printer,p102,/media/storage/hadleigh/stegaphone_data/final_rec//p102/audioseal/sample_10/watermarked_printer_recording_iPhone_Microphone.wav,audioseal,0.6250
printer,p102,/media/storage/hadleigh/stegaphone_data/final_rec//p102/audioseal/sample_10/watermarked_printer_recording_Fifine_USB_PnP_Audio_Device.wav,audioseal,0.8125
printer,p102,/media/storage/hadleigh/stegaphone_data/final_rec//p102/audioseal/sample_10/watermarked_printer_recording_USB_Lavalier_Microphone.wav,audioseal,0.6875
printer,p102,/media/storage/hadleigh/stegaphone_data/final_rec//p102/audioseal/sample_10/watermarked_printer_recording_Yeti_Stereo_Microphone.wav,audioseal,0.6875
printer,p102,/media/storage/hadleigh/stegaphone_data/final_rec//p102/audioseal/sample_4/watermarked_printer_recording_iPhone_Microphone.wav,audioseal,0.6250
printer,p102,/media/storage/hadleigh/stegaphone_data/final_rec//p102/audioseal/sample_4/watermarked_printer_recording_Fifine_USB_PnP_Audio_Device.wav,audioseal,0.5625
printer,p102,/media/storage/hadleigh/stegaphone_data/final_rec//p102/audioseal/sample_4/watermarked_printer_recording_USB_Lavalier_Microphone.wav,audioseal,0.5625
printer,p102,/media/storage/hadleigh/stegaphone_data/final_rec//p102/audioseal/sample_4/watermarked_printer_recording_Yeti_Stereo_Microphone.wav,audioseal,0.5625
printer,p102,/media/storage/hadleigh/stegaphone_data/final_rec//p102/audioseal/sample_9/watermarked_printer_recording_iPhone_Microphone.wav,audioseal,0.3750
printer,p102,/media/storage/hadleigh/stegaphone_data/final_rec//p102/audioseal/sample_9/watermarked_printer_recording_Fifine_USB_PnP_Audio_Device.wav,audioseal,0.2500
printer,p102,/media/storage/hadleigh/stegaphone_data/final_rec//p102/audioseal/sample_9/watermarked_printer_recording_USB_Lavalier_Microphone.wav,audioseal,0.3125
printer,p102,/media/storage/hadleigh/stegaphone_data/final_rec//p102/audioseal/sample_9/watermarked_printer_recording_Yeti_Stereo_Microphone.wav,audioseal,0.3125
printer,p102,/media/storage/hadleigh/stegaphone_data/final_rec//p102/audioseal/sample_6/watermarked_printer_recording_iPhone_Microphone.wav,audioseal,0.5000
printer,p102,/media/storage/hadleigh/stegaphone_data/final_rec//p102/audioseal/sample_6/watermarked_printer_recording_Fifine_USB_PnP_Audio_Device.wav,audioseal,0.5000
printer,p102,/media/storage/hadleigh/stegaphone_data/final_rec//p102/audioseal/sample_6/watermarked_printer_recording_USB_Lavalier_Microphone.wav,audioseal,0.5625
printer,p102,/media/storage/hadleigh/stegaphone_data/final_rec//p102/audioseal/sample_6/watermarked_printer_recording_Yeti_Stereo_Microphone.wav,audioseal,0.6250
printer,p102,/media/storage/hadleigh/stegaphone_data/final_rec//p102/audioseal/sample_1/watermarked_printer_recording_iPhone_Microphone.wav,audioseal,0.6250
printer,p102,/media/storage/hadleigh/stegaphone_data/final_rec//p102/audioseal/sample_1/watermarked_printer_recording_Fifine_USB_PnP_Audio_Device.wav,audioseal,0.5000
printer,p102,/media/storage/hadleigh/stegaphone_data/final_rec//p102/audioseal/sample_1/watermarked_printer_recording_USB_Lavalier_Microphone.wav,audioseal,0.5625
printer,p102,/media/storage/hadleigh/stegaphone_data/final_rec//p102/audioseal/sample_1/watermarked_printer_recording_Yeti_Stereo_Microphone.wav,audioseal,0.4375
printer,p103,/media/storage/hadleigh/stegaphone_data/final_rec//p103/audioseal/sample_7/watermarked_printer_recording_iPhone_Microphone.wav,audioseal,0.3125
printer,p103,/media/storage/hadleigh/stegaphone_data/final_rec//p103/audioseal/sample_7/watermarked_printer_recording_Fifine_USB_PnP_Audio_Device.wav,audioseal,0.5000
printer,p103,/media/storage/hadleigh/stegaphone_data/final_rec//p103/audioseal/sample_7/watermarked_printer_recording_USB_Lavalier_Microphone.wav,audioseal,0.4375
printer,p103,/media/storage/hadleigh/stegaphone_data/final_rec//p103/audioseal/sample_7/watermarked_printer_recording_Yeti_Stereo_Microphone.wav,audioseal,0.5000
printer,p103,/media/storage/hadleigh/stegaphone_data/final_rec//p103/audioseal/sample_2/watermarked_printer_recording_iPhone_Microphone.wav,audioseal,0.4375
printer,p103,/media/storage/hadleigh/stegaphone_data/final_rec//p103/audioseal/sample_2/watermarked_printer_recording_Fifine_USB_PnP_Audio_Device.wav,audioseal,0.4375
printer,p103,/media/storage/hadleigh/stegaphone_data/final_rec//p103/audioseal/sample_2/watermarked_printer_recording_USB_Lavalier_Microphone.wav,audioseal,0.6250
printer,p103,/media/storage/hadleigh/stegaphone_data/final_rec//p103/audioseal/sample_2/watermarked_printer_recording_Yeti_Stereo_Microphone.wav,audioseal,0.3125
printer,p103,/media/storage/hadleigh/stegaphone_data/final_rec//p103/audioseal/sample_3/watermarked_printer_recording_iPhone_Microphone.wav,audioseal,0.6250
printer,p103,/media/storage/hadleigh/stegaphone_data/final_rec//p103/audioseal/sample_3/watermarked_printer_recording_Fifine_USB_PnP_Audio_Device.wav,audioseal,0.6250
printer,p103,/media/storage/hadleigh/stegaphone_data/final_rec//p103/audioseal/sample_3/watermarked_printer_recording_USB_Lavalier_Microphone.wav,audioseal,0.6250
printer,p103,/media/storage/hadleigh/stegaphone_data/final_rec//p103/audioseal/sample_3/watermarked_printer_recording_Yeti_Stereo_Microphone.wav,audioseal,0.5625
printer,p103,/media/storage/hadleigh/stegaphone_data/final_rec//p103/audioseal/sample_5/watermarked_printer_recording_iPhone_Microphone.wav,audioseal,0.4375
printer,p103,/media/storage/hadleigh/stegaphone_data/final_rec//p103/audioseal/sample_5/watermarked_printer_recording_Fifine_USB_PnP_Audio_Device.wav,audioseal,0.5000
printer,p103,/media/storage/hadleigh/stegaphone_data/final_rec//p103/audioseal/sample_5/watermarked_printer_recording_USB_Lavalier_Microphone.wav,audioseal,0.2500
printer,p103,/media/storage/hadleigh/stegaphone_data/final_rec//p103/audioseal/sample_5/watermarked_printer_recording_Yeti_Stereo_Microphone.wav,audioseal,0.3125
printer,p103,/media/storage/hadleigh/stegaphone_data/final_rec//p103/audioseal/sample_8/watermarked_printer_recording_iPhone_Microphone.wav,audioseal,0.4375
printer,p103,/media/storage/hadleigh/stegaphone_data/final_rec//p103/audioseal/sample_8/watermarked_printer_recording_Fifine_USB_PnP_Audio_Device.wav,audioseal,0.3750
printer,p103,/media/storage/hadleigh/stegaphone_data/final_rec//p103/audioseal/sample_8/watermarked_printer_recording_USB_Lavalier_Microphone.wav,audioseal,0.6250
printer,p103,/media/storage/hadleigh/stegaphone_data/final_rec//p103/audioseal/sample_8/watermarked_printer_recording_Yeti_Stereo_Microphone.wav,audioseal,0.5625
printer,p103,/media/storage/hadleigh/stegaphone_data/final_rec//p103/audioseal/sample_10/watermarked_printer_recording_iPhone_Microphone.wav,audioseal,0.5625
printer,p103,/media/storage/hadleigh/stegaphone_data/final_rec//p103/audioseal/sample_10/watermarked_printer_recording_Fifine_USB_PnP_Audio_Device.wav,audioseal,0.5625
printer,p103,/media/storage/hadleigh/stegaphone_data/final_rec//p103/audioseal/sample_10/watermarked_printer_recording_USB_Lavalier_Microphone.wav,audioseal,0.6250
printer,p103,/media/storage/hadleigh/stegaphone_data/final_rec//p103/audioseal/sample_10/watermarked_printer_recording_Yeti_Stereo_Microphone.wav,audioseal,0.5625
printer,p103,/media/storage/hadleigh/stegaphone_data/final_rec//p103/audioseal/sample_4/watermarked_printer_recording_iPhone_Microphone.wav,audioseal,0.5625
printer,p103,/media/storage/hadleigh/stegaphone_data/final_rec//p103/audioseal/sample_4/watermarked_printer_recording_Fifine_USB_PnP_Audio_Device.wav,audioseal,0.5000
printer,p103,/media/storage/hadleigh/stegaphone_data/final_rec//p103/audioseal/sample_4/watermarked_printer_recording_USB_Lavalier_Microphone.wav,audioseal,0.3750
printer,p103,/media/storage/hadleigh/stegaphone_data/final_rec//p103/audioseal/sample_4/watermarked_printer_recording_Yeti_Stereo_Microphone.wav,audioseal,0.5625
printer,p103,/media/storage/hadleigh/stegaphone_data/final_rec//p103/audioseal/sample_9/watermarked_printer_recording_iPhone_Microphone.wav,audioseal,0.2500
printer,p103,/media/storage/hadleigh/stegaphone_data/final_rec//p103/audioseal/sample_9/watermarked_printer_recording_Fifine_USB_PnP_Audio_Device.wav,audioseal,0.5625
printer,p103,/media/storage/hadleigh/stegaphone_data/final_rec//p103/audioseal/sample_9/watermarked_printer_recording_USB_Lavalier_Microphone.wav,audioseal,0.5000
printer,p103,/media/storage/hadleigh/stegaphone_data/final_rec//p103/audioseal/sample_9/watermarked_printer_recording_Yeti_Stereo_Microphone.wav,audioseal,0.3750
printer,p103,/media/storage/hadleigh/stegaphone_data/final_rec//p103/audioseal/sample_6/watermarked_printer_recording_iPhone_Microphone.wav,audioseal,0.5000
printer,p103,/media/storage/hadleigh/stegaphone_data/final_rec//p103/audioseal/sample_6/watermarked_printer_recording_Fifine_USB_PnP_Audio_Device.wav,audioseal,0.6250
printer,p103,/media/storage/hadleigh/stegaphone_data/final_rec//p103/audioseal/sample_6/watermarked_printer_recording_USB_Lavalier_Microphone.wav,audioseal,0.3750
printer,p103,/media/storage/hadleigh/stegaphone_data/final_rec//p103/audioseal/sample_6/watermarked_printer_recording_Yeti_Stereo_Microphone.wav,audioseal,0.5625
printer,p103,/media/storage/hadleigh/stegaphone_data/final_rec//p103/audioseal/sample_1/watermarked_printer_recording_iPhone_Microphone.wav,audioseal,0.5000
printer,p103,/media/storage/hadleigh/stegaphone_data/final_rec//p103/audioseal/sample_1/watermarked_printer_recording_Fifine_USB_PnP_Audio_Device.wav,audioseal,0.5625
printer,p103,/media/storage/hadleigh/stegaphone_data/final_rec//p103/audioseal/sample_1/watermarked_printer_recording_USB_Lavalier_Microphone.wav,audioseal,0.4375
printer,p103,/media/storage/hadleigh/stegaphone_data/final_rec//p103/audioseal/sample_1/watermarked_printer_recording_Yeti_Stereo_Microphone.wav,audioseal,0.5000
printer,p104,/media/storage/hadleigh/stegaphone_data/final_rec//p104/audioseal/sample_7/watermarked_printer_recording_iPhone_Microphone.wav,audioseal,0.6875
printer,p104,/media/storage/hadleigh/stegaphone_data/final_rec//p104/audioseal/sample_7/watermarked_printer_recording_Fifine_USB_PnP_Audio_Device.wav,audioseal,0.5625
printer,p104,/media/storage/hadleigh/stegaphone_data/final_rec//p104/audioseal/sample_7/watermarked_printer_recording_USB_Lavalier_Microphone.wav,audioseal,0.6250
printer,p104,/media/storage/hadleigh/stegaphone_data/final_rec//p104/audioseal/sample_7/watermarked_printer_recording_Yeti_Stereo_Microphone.wav,audioseal,0.5625
printer,p104,/media/storage/hadleigh/stegaphone_data/final_rec//p104/audioseal/sample_2/watermarked_printer_recording_iPhone_Microphone.wav,audioseal,0.3750
printer,p104,/media/storage/hadleigh/stegaphone_data/final_rec//p104/audioseal/sample_2/watermarked_printer_recording_Fifine_USB_PnP_Audio_Device.wav,audioseal,0.3125
printer,p104,/media/storage/hadleigh/stegaphone_data/final_rec//p104/audioseal/sample_2/watermarked_printer_recording_USB_Lavalier_Microphone.wav,audioseal,0.5625
printer,p104,/media/storage/hadleigh/stegaphone_data/final_rec//p104/audioseal/sample_2/watermarked_printer_recording_Yeti_Stereo_Microphone.wav,audioseal,0.5000
printer,p104,/media/storage/hadleigh/stegaphone_data/final_rec//p104/audioseal/sample_3/watermarked_printer_recording_iPhone_Microphone.wav,audioseal,0.4375
printer,p104,/media/storage/hadleigh/stegaphone_data/final_rec//p104/audioseal/sample_3/watermarked_printer_recording_Fifine_USB_PnP_Audio_Device.wav,audioseal,0.3750
printer,p104,/media/storage/hadleigh/stegaphone_data/final_rec//p104/audioseal/sample_3/watermarked_printer_recording_USB_Lavalier_Microphone.wav,audioseal,0.3750
printer,p104,/media/storage/hadleigh/stegaphone_data/final_rec//p104/audioseal/sample_3/watermarked_printer_recording_Yeti_Stereo_Microphone.wav,audioseal,0.4375
printer,p104,/media/storage/hadleigh/stegaphone_data/final_rec//p104/audioseal/sample_5/watermarked_printer_recording_iPhone_Microphone.wav,audioseal,0.6250
printer,p104,/media/storage/hadleigh/stegaphone_data/final_rec//p104/audioseal/sample_5/watermarked_printer_recording_Fifine_USB_PnP_Audio_Device.wav,audioseal,0.3750
printer,p104,/media/storage/hadleigh/stegaphone_data/final_rec//p104/audioseal/sample_5/watermarked_printer_recording_USB_Lavalier_Microphone.wav,audioseal,0.5000
printer,p104,/media/storage/hadleigh/stegaphone_data/final_rec//p104/audioseal/sample_5/watermarked_printer_recording_Yeti_Stereo_Microphone.wav,audioseal,0.6875
printer,p104,/media/storage/hadleigh/stegaphone_data/final_rec//p104/audioseal/sample_8/watermarked_printer_recording_iPhone_Microphone.wav,audioseal,0.4375
printer,p104,/media/storage/hadleigh/stegaphone_data/final_rec//p104/audioseal/sample_8/watermarked_printer_recording_Fifine_USB_PnP_Audio_Device.wav,audioseal,0.5000
printer,p104,/media/storage/hadleigh/stegaphone_data/final_rec//p104/audioseal/sample_8/watermarked_printer_recording_USB_Lavalier_Microphone.wav,audioseal,0.5000
printer,p104,/media/storage/hadleigh/stegaphone_data/final_rec//p104/audioseal/sample_8/watermarked_printer_recording_Yeti_Stereo_Microphone.wav,audioseal,0.5625
printer,p104,/media/storage/hadleigh/stegaphone_data/final_rec//p104/audioseal/sample_10/watermarked_printer_recording_iPhone_Microphone.wav,audioseal,0.4375
printer,p104,/media/storage/hadleigh/stegaphone_data/final_rec//p104/audioseal/sample_10/watermarked_printer_recording_Fifine_USB_PnP_Audio_Device.wav,audioseal,0.3750
printer,p104,/media/storage/hadleigh/stegaphone_data/final_rec//p104/audioseal/sample_10/watermarked_printer_recording_USB_Lavalier_Microphone.wav,audioseal,0.3750
printer,p104,/media/storage/hadleigh/stegaphone_data/final_rec//p104/audioseal/sample_10/watermarked_printer_recording_Yeti_Stereo_Microphone.wav,audioseal,0.4375
printer,p104,/media/storage/hadleigh/stegaphone_data/final_rec//p104/audioseal/sample_4/watermarked_printer_recording_iPhone_Microphone.wav,audioseal,0.8125
printer,p104,/media/storage/hadleigh/stegaphone_data/final_rec//p104/audioseal/sample_4/watermarked_printer_recording_Fifine_USB_PnP_Audio_Device.wav,audioseal,0.5000
printer,p104,/media/storage/hadleigh/stegaphone_data/final_rec//p104/audioseal/sample_4/watermarked_printer_recording_USB_Lavalier_Microphone.wav,audioseal,0.6875
printer,p104,/media/storage/hadleigh/stegaphone_data/final_rec//p104/audioseal/sample_4/watermarked_printer_recording_Yeti_Stereo_Microphone.wav,audioseal,0.8750
printer,p104,/media/storage/hadleigh/stegaphone_data/final_rec//p104/audioseal/sample_9/watermarked_printer_recording_iPhone_Microphone.wav,audioseal,0.6250
printer,p104,/media/storage/hadleigh/stegaphone_data/final_rec//p104/audioseal/sample_9/watermarked_printer_recording_Fifine_USB_PnP_Audio_Device.wav,audioseal,0.6875
printer,p104,/media/storage/hadleigh/stegaphone_data/final_rec//p104/audioseal/sample_9/watermarked_printer_recording_USB_Lavalier_Microphone.wav,audioseal,0.5625
printer,p104,/media/storage/hadleigh/stegaphone_data/final_rec//p104/audioseal/sample_9/watermarked_printer_recording_Yeti_Stereo_Microphone.wav,audioseal,0.5625
printer,p104,/media/storage/hadleigh/stegaphone_data/final_rec//p104/audioseal/sample_6/watermarked_printer_recording_iPhone_Microphone.wav,audioseal,0.4375
printer,p104,/media/storage/hadleigh/stegaphone_data/final_rec//p104/audioseal/sample_6/watermarked_printer_recording_Fifine_USB_PnP_Audio_Device.wav,audioseal,0.3750
printer,p104,/media/storage/hadleigh/stegaphone_data/final_rec//p104/audioseal/sample_6/watermarked_printer_recording_USB_Lavalier_Microphone.wav,audioseal,0.4375
printer,p104,/media/storage/hadleigh/stegaphone_data/final_rec//p104/audioseal/sample_6/watermarked_printer_recording_Yeti_Stereo_Microphone.wav,audioseal,0.4375
printer,p104,/media/storage/hadleigh/stegaphone_data/final_rec//p104/audioseal/sample_1/watermarked_printer_recording_iPhone_Microphone.wav,audioseal,0.5000
printer,p104,/media/storage/hadleigh/stegaphone_data/final_rec//p104/audioseal/sample_1/watermarked_printer_recording_Fifine_USB_PnP_Audio_Device.wav,audioseal,0.4375
printer,p104,/media/storage/hadleigh/stegaphone_data/final_rec//p104/audioseal/sample_1/watermarked_printer_recording_USB_Lavalier_Microphone.wav,audioseal,0.3750
printer,p104,/media/storage/hadleigh/stegaphone_data/final_rec//p104/audioseal/sample_1/watermarked_printer_recording_Yeti_Stereo_Microphone.wav,audioseal,0.3125
printer,p105,/media/storage/hadleigh/stegaphone_data/final_rec//p105/audioseal/sample_7/watermarked_printer_recording_iPhone_Microphone.wav,audioseal,0.5000
printer,p105,/media/storage/hadleigh/stegaphone_data/final_rec//p105/audioseal/sample_7/watermarked_printer_recording_Fifine_USB_PnP_Audio_Device.wav,audioseal,0.5000
printer,p105,/media/storage/hadleigh/stegaphone_data/final_rec//p105/audioseal/sample_7/watermarked_printer_recording_USB_Lavalier_Microphone.wav,audioseal,0.4375
printer,p105,/media/storage/hadleigh/stegaphone_data/final_rec//p105/audioseal/sample_7/watermarked_printer_recording_Yeti_Stereo_Microphone.wav,audioseal,0.5000
printer,p105,/media/storage/hadleigh/stegaphone_data/final_rec//p105/audioseal/sample_2/watermarked_printer_recording_iPhone_Microphone.wav,audioseal,0.2500
printer,p105,/media/storage/hadleigh/stegaphone_data/final_rec//p105/audioseal/sample_2/watermarked_printer_recording_Fifine_USB_PnP_Audio_Device.wav,audioseal,0.5000
printer,p105,/media/storage/hadleigh/stegaphone_data/final_rec//p105/audioseal/sample_2/watermarked_printer_recording_USB_Lavalier_Microphone.wav,audioseal,0.3750
printer,p105,/media/storage/hadleigh/stegaphone_data/final_rec//p105/audioseal/sample_2/watermarked_printer_recording_Yeti_Stereo_Microphone.wav,audioseal,0.4375
printer,p105,/media/storage/hadleigh/stegaphone_data/final_rec//p105/audioseal/sample_3/watermarked_printer_recording_iPhone_Microphone.wav,audioseal,0.5625
printer,p105,/media/storage/hadleigh/stegaphone_data/final_rec//p105/audioseal/sample_3/watermarked_printer_recording_Fifine_USB_PnP_Audio_Device.wav,audioseal,0.6875
printer,p105,/media/storage/hadleigh/stegaphone_data/final_rec//p105/audioseal/sample_3/watermarked_printer_recording_USB_Lavalier_Microphone.wav,audioseal,0.4375
printer,p105,/media/storage/hadleigh/stegaphone_data/final_rec//p105/audioseal/sample_3/watermarked_printer_recording_Yeti_Stereo_Microphone.wav,audioseal,0.5625
printer,p105,/media/storage/hadleigh/stegaphone_data/final_rec//p105/audioseal/sample_5/watermarked_printer_recording_iPhone_Microphone.wav,audioseal,0.6875
printer,p105,/media/storage/hadleigh/stegaphone_data/final_rec//p105/audioseal/sample_5/watermarked_printer_recording_Fifine_USB_PnP_Audio_Device.wav,audioseal,0.8125
printer,p105,/media/storage/hadleigh/stegaphone_data/final_rec//p105/audioseal/sample_5/watermarked_printer_recording_USB_Lavalier_Microphone.wav,audioseal,0.7500
printer,p105,/media/storage/hadleigh/stegaphone_data/final_rec//p105/audioseal/sample_5/watermarked_printer_recording_Yeti_Stereo_Microphone.wav,audioseal,0.5625
printer,p105,/media/storage/hadleigh/stegaphone_data/final_rec//p105/audioseal/sample_8/watermarked_printer_recording_iPhone_Microphone.wav,audioseal,0.3750
printer,p105,/media/storage/hadleigh/stegaphone_data/final_rec//p105/audioseal/sample_8/watermarked_printer_recording_Fifine_USB_PnP_Audio_Device.wav,audioseal,0.3125
printer,p105,/media/storage/hadleigh/stegaphone_data/final_rec//p105/audioseal/sample_8/watermarked_printer_recording_USB_Lavalier_Microphone.wav,audioseal,0.4375
printer,p105,/media/storage/hadleigh/stegaphone_data/final_rec//p105/audioseal/sample_8/watermarked_printer_recording_Yeti_Stereo_Microphone.wav,audioseal,0.3750
printer,p105,/media/storage/hadleigh/stegaphone_data/final_rec//p105/audioseal/sample_10/watermarked_printer_recording_iPhone_Microphone.wav,audioseal,0.1875
printer,p105,/media/storage/hadleigh/stegaphone_data/final_rec//p105/audioseal/sample_10/watermarked_printer_recording_Fifine_USB_PnP_Audio_Device.wav,audioseal,0.1875
printer,p105,/media/storage/hadleigh/stegaphone_data/final_rec//p105/audioseal/sample_10/watermarked_printer_recording_USB_Lavalier_Microphone.wav,audioseal,0.1250
printer,p105,/media/storage/hadleigh/stegaphone_data/final_rec//p105/audioseal/sample_10/watermarked_printer_recording_Yeti_Stereo_Microphone.wav,audioseal,0.1875
printer,p105,/media/storage/hadleigh/stegaphone_data/final_rec//p105/audioseal/sample_4/watermarked_printer_recording_iPhone_Microphone.wav,audioseal,0.3750
printer,p105,/media/storage/hadleigh/stegaphone_data/final_rec//p105/audioseal/sample_4/watermarked_printer_recording_Fifine_USB_PnP_Audio_Device.wav,audioseal,0.4375
printer,p105,/media/storage/hadleigh/stegaphone_data/final_rec//p105/audioseal/sample_4/watermarked_printer_recording_USB_Lavalier_Microphone.wav,audioseal,0.4375
printer,p105,/media/storage/hadleigh/stegaphone_data/final_rec//p105/audioseal/sample_4/watermarked_printer_recording_Yeti_Stereo_Microphone.wav,audioseal,0.4375
printer,p105,/media/storage/hadleigh/stegaphone_data/final_rec//p105/audioseal/sample_9/watermarked_printer_recording_iPhone_Microphone.wav,audioseal,0.5000
printer,p105,/media/storage/hadleigh/stegaphone_data/final_rec//p105/audioseal/sample_9/watermarked_printer_recording_Fifine_USB_PnP_Audio_Device.wav,audioseal,0.6875
printer,p105,/media/storage/hadleigh/stegaphone_data/final_rec//p105/audioseal/sample_9/watermarked_printer_recording_USB_Lavalier_Microphone.wav,audioseal,0.3125
printer,p105,/media/storage/hadleigh/stegaphone_data/final_rec//p105/audioseal/sample_9/watermarked_printer_recording_Yeti_Stereo_Microphone.wav,audioseal,0.5625
printer,p105,/media/storage/hadleigh/stegaphone_data/final_rec//p105/audioseal/sample_6/watermarked_printer_recording_iPhone_Microphone.wav,audioseal,0.5000
printer,p105,/media/storage/hadleigh/stegaphone_data/final_rec//p105/audioseal/sample_6/watermarked_printer_recording_Fifine_USB_PnP_Audio_Device.wav,audioseal,0.5000
printer,p105,/media/storage/hadleigh/stegaphone_data/final_rec//p105/audioseal/sample_6/watermarked_printer_recording_USB_Lavalier_Microphone.wav,audioseal,0.5000
printer,p105,/media/storage/hadleigh/stegaphone_data/final_rec//p105/audioseal/sample_6/watermarked_printer_recording_Yeti_Stereo_Microphone.wav,audioseal,0.5625
printer,p105,/media/storage/hadleigh/stegaphone_data/final_rec//p105/audioseal/sample_1/watermarked_printer_recording_iPhone_Microphone.wav,audioseal,0.5000
printer,p105,/media/storage/hadleigh/stegaphone_data/final_rec//p105/audioseal/sample_1/watermarked_printer_recording_Fifine_USB_PnP_Audio_Device.wav,audioseal,0.6250
printer,p105,/media/storage/hadleigh/stegaphone_data/final_rec//p105/audioseal/sample_1/watermarked_printer_recording_USB_Lavalier_Microphone.wav,audioseal,0.5625
printer,p105,/media/storage/hadleigh/stegaphone_data/final_rec//p105/audioseal/sample_1/watermarked_printer_recording_Yeti_Stereo_Microphone.wav,audioseal,0.5625
printer,p106,/media/storage/hadleigh/stegaphone_data/final_rec//p106/audioseal/sample_7/watermarked_printer_recording_iPhone_Microphone.wav,audioseal,0.3750
printer,p106,/media/storage/hadleigh/stegaphone_data/final_rec//p106/audioseal/sample_7/watermarked_printer_recording_Fifine_USB_PnP_Audio_Device.wav,audioseal,0.6250
printer,p106,/media/storage/hadleigh/stegaphone_data/final_rec//p106/audioseal/sample_7/watermarked_printer_recording_USB_Lavalier_Microphone.wav,audioseal,0.5625
printer,p106,/media/storage/hadleigh/stegaphone_data/final_rec//p106/audioseal/sample_7/watermarked_printer_recording_Yeti_Stereo_Microphone.wav,audioseal,0.5625
printer,p106,/media/storage/hadleigh/stegaphone_data/final_rec//p106/audioseal/sample_2/watermarked_printer_recording_iPhone_Microphone.wav,audioseal,0.6250
printer,p106,/media/storage/hadleigh/stegaphone_data/final_rec//p106/audioseal/sample_2/watermarked_printer_recording_Fifine_USB_PnP_Audio_Device.wav,audioseal,0.6250
printer,p106,/media/storage/hadleigh/stegaphone_data/final_rec//p106/audioseal/sample_2/watermarked_printer_recording_USB_Lavalier_Microphone.wav,audioseal,0.6875
printer,p106,/media/storage/hadleigh/stegaphone_data/final_rec//p106/audioseal/sample_2/watermarked_printer_recording_Yeti_Stereo_Microphone.wav,audioseal,0.6250
printer,p106,/media/storage/hadleigh/stegaphone_data/final_rec//p106/audioseal/sample_3/watermarked_printer_recording_iPhone_Microphone.wav,audioseal,0.5625
printer,p106,/media/storage/hadleigh/stegaphone_data/final_rec//p106/audioseal/sample_3/watermarked_printer_recording_Fifine_USB_PnP_Audio_Device.wav,audioseal,0.5625
printer,p106,/media/storage/hadleigh/stegaphone_data/final_rec//p106/audioseal/sample_3/watermarked_printer_recording_USB_Lavalier_Microphone.wav,audioseal,0.5000
printer,p106,/media/storage/hadleigh/stegaphone_data/final_rec//p106/audioseal/sample_3/watermarked_printer_recording_Yeti_Stereo_Microphone.wav,audioseal,0.4375
printer,p106,/media/storage/hadleigh/stegaphone_data/final_rec//p106/audioseal/sample_5/watermarked_printer_recording_iPhone_Microphone.wav,audioseal,0.6250
printer,p106,/media/storage/hadleigh/stegaphone_data/final_rec//p106/audioseal/sample_5/watermarked_printer_recording_Fifine_USB_PnP_Audio_Device.wav,audioseal,0.5000
printer,p106,/media/storage/hadleigh/stegaphone_data/final_rec//p106/audioseal/sample_5/watermarked_printer_recording_USB_Lavalier_Microphone.wav,audioseal,0.3750
printer,p106,/media/storage/hadleigh/stegaphone_data/final_rec//p106/audioseal/sample_5/watermarked_printer_recording_Yeti_Stereo_Microphone.wav,audioseal,0.5000
printer,p106,/media/storage/hadleigh/stegaphone_data/final_rec//p106/audioseal/sample_8/watermarked_printer_recording_iPhone_Microphone.wav,audioseal,0.5625
printer,p106,/media/storage/hadleigh/stegaphone_data/final_rec//p106/audioseal/sample_8/watermarked_printer_recording_Fifine_USB_PnP_Audio_Device.wav,audioseal,0.6875
printer,p106,/media/storage/hadleigh/stegaphone_data/final_rec//p106/audioseal/sample_8/watermarked_printer_recording_USB_Lavalier_Microphone.wav,audioseal,0.5625
printer,p106,/media/storage/hadleigh/stegaphone_data/final_rec//p106/audioseal/sample_8/watermarked_printer_recording_Yeti_Stereo_Microphone.wav,audioseal,0.6250
printer,p106,/media/storage/hadleigh/stegaphone_data/final_rec//p106/audioseal/sample_10/watermarked_printer_recording_iPhone_Microphone.wav,audioseal,0.6250
printer,p106,/media/storage/hadleigh/stegaphone_data/final_rec//p106/audioseal/sample_10/watermarked_printer_recording_Fifine_USB_PnP_Audio_Device.wav,audioseal,0.5625
printer,p106,/media/storage/hadleigh/stegaphone_data/final_rec//p106/audioseal/sample_10/watermarked_printer_recording_USB_Lavalier_Microphone.wav,audioseal,0.6250
printer,p106,/media/storage/hadleigh/stegaphone_data/final_rec//p106/audioseal/sample_10/watermarked_printer_recording_Yeti_Stereo_Microphone.wav,audioseal,0.7500
printer,p106,/media/storage/hadleigh/stegaphone_data/final_rec//p106/audioseal/sample_4/watermarked_printer_recording_iPhone_Microphone.wav,audioseal,0.6250
printer,p106,/media/storage/hadleigh/stegaphone_data/final_rec//p106/audioseal/sample_4/watermarked_printer_recording_Fifine_USB_PnP_Audio_Device.wav,audioseal,0.5625
printer,p106,/media/storage/hadleigh/stegaphone_data/final_rec//p106/audioseal/sample_4/watermarked_printer_recording_USB_Lavalier_Microphone.wav,audioseal,0.5000
printer,p106,/media/storage/hadleigh/stegaphone_data/final_rec//p106/audioseal/sample_4/watermarked_printer_recording_Yeti_Stereo_Microphone.wav,audioseal,0.5000
printer,p106,/media/storage/hadleigh/stegaphone_data/final_rec//p106/audioseal/sample_9/watermarked_printer_recording_iPhone_Microphone.wav,audioseal,0.5000
printer,p106,/media/storage/hadleigh/stegaphone_data/final_rec//p106/audioseal/sample_9/watermarked_printer_recording_Fifine_USB_PnP_Audio_Device.wav,audioseal,0.5625
printer,p106,/media/storage/hadleigh/stegaphone_data/final_rec//p106/audioseal/sample_9/watermarked_printer_recording_USB_Lavalier_Microphone.wav,audioseal,0.5625
printer,p106,/media/storage/hadleigh/stegaphone_data/final_rec//p106/audioseal/sample_9/watermarked_printer_recording_Yeti_Stereo_Microphone.wav,audioseal,0.6250
printer,p106,/media/storage/hadleigh/stegaphone_data/final_rec//p106/audioseal/sample_6/watermarked_printer_recording_iPhone_Microphone.wav,audioseal,0.5000
printer,p106,/media/storage/hadleigh/stegaphone_data/final_rec//p106/audioseal/sample_6/watermarked_printer_recording_Fifine_USB_PnP_Audio_Device.wav,audioseal,0.5000
printer,p106,/media/storage/hadleigh/stegaphone_data/final_rec//p106/audioseal/sample_6/watermarked_printer_recording_USB_Lavalier_Microphone.wav,audioseal,0.5000
printer,p106,/media/storage/hadleigh/stegaphone_data/final_rec//p106/audioseal/sample_6/watermarked_printer_recording_Yeti_Stereo_Microphone.wav,audioseal,0.5625
printer,p106,/media/storage/hadleigh/stegaphone_data/final_rec//p106/audioseal/sample_1/watermarked_printer_recording_iPhone_Microphone.wav,audioseal,0.6250
printer,p106,/media/storage/hadleigh/stegaphone_data/final_rec//p106/audioseal/sample_1/watermarked_printer_recording_Fifine_USB_PnP_Audio_Device.wav,audioseal,0.6250
printer,p106,/media/storage/hadleigh/stegaphone_data/final_rec//p106/audioseal/sample_1/watermarked_printer_recording_USB_Lavalier_Microphone.wav,audioseal,0.6250
printer,p106,/media/storage/hadleigh/stegaphone_data/final_rec//p106/audioseal/sample_1/watermarked_printer_recording_Yeti_Stereo_Microphone.wav,audioseal,0.5000
printer,p107,/media/storage/hadleigh/stegaphone_data/final_rec//p107/audioseal/sample_7/watermarked_printer_recording_iPhone_Microphone.wav,audioseal,0.5000
printer,p107,/media/storage/hadleigh/stegaphone_data/final_rec//p107/audioseal/sample_7/watermarked_printer_recording_Fifine_USB_PnP_Audio_Device.wav,audioseal,0.5625
printer,p107,/media/storage/hadleigh/stegaphone_data/final_rec//p107/audioseal/sample_7/watermarked_printer_recording_USB_Lavalier_Microphone.wav,audioseal,0.5000
printer,p107,/media/storage/hadleigh/stegaphone_data/final_rec//p107/audioseal/sample_7/watermarked_printer_recording_Yeti_Stereo_Microphone.wav,audioseal,0.6250
printer,p107,/media/storage/hadleigh/stegaphone_data/final_rec//p107/audioseal/sample_2/watermarked_printer_recording_iPhone_Microphone.wav,audioseal,0.5000
printer,p107,/media/storage/hadleigh/stegaphone_data/final_rec//p107/audioseal/sample_2/watermarked_printer_recording_Fifine_USB_PnP_Audio_Device.wav,audioseal,0.4375
printer,p107,/media/storage/hadleigh/stegaphone_data/final_rec//p107/audioseal/sample_2/watermarked_printer_recording_USB_Lavalier_Microphone.wav,audioseal,0.5625
printer,p107,/media/storage/hadleigh/stegaphone_data/final_rec//p107/audioseal/sample_2/watermarked_printer_recording_Yeti_Stereo_Microphone.wav,audioseal,0.6250
printer,p107,/media/storage/hadleigh/stegaphone_data/final_rec//p107/audioseal/sample_3/watermarked_printer_recording_iPhone_Microphone.wav,audioseal,0.6875
printer,p107,/media/storage/hadleigh/stegaphone_data/final_rec//p107/audioseal/sample_3/watermarked_printer_recording_Fifine_USB_PnP_Audio_Device.wav,audioseal,0.5000
printer,p107,/media/storage/hadleigh/stegaphone_data/final_rec//p107/audioseal/sample_3/watermarked_printer_recording_USB_Lavalier_Microphone.wav,audioseal,0.6250
printer,p107,/media/storage/hadleigh/stegaphone_data/final_rec//p107/audioseal/sample_3/watermarked_printer_recording_Yeti_Stereo_Microphone.wav,audioseal,0.6250
printer,p107,/media/storage/hadleigh/stegaphone_data/final_rec//p107/audioseal/sample_5/watermarked_printer_recording_iPhone_Microphone.wav,audioseal,0.5000
printer,p107,/media/storage/hadleigh/stegaphone_data/final_rec//p107/audioseal/sample_5/watermarked_printer_recording_Fifine_USB_PnP_Audio_Device.wav,audioseal,0.3750
printer,p107,/media/storage/hadleigh/stegaphone_data/final_rec//p107/audioseal/sample_5/watermarked_printer_recording_USB_Lavalier_Microphone.wav,audioseal,0.4375
printer,p107,/media/storage/hadleigh/stegaphone_data/final_rec//p107/audioseal/sample_5/watermarked_printer_recording_Yeti_Stereo_Microphone.wav,audioseal,0.5000
printer,p107,/media/storage/hadleigh/stegaphone_data/final_rec//p107/audioseal/sample_8/watermarked_printer_recording_iPhone_Microphone.wav,audioseal,0.2500
printer,p107,/media/storage/hadleigh/stegaphone_data/final_rec//p107/audioseal/sample_8/watermarked_printer_recording_Fifine_USB_PnP_Audio_Device.wav,audioseal,0.3125
printer,p107,/media/storage/hadleigh/stegaphone_data/final_rec//p107/audioseal/sample_8/watermarked_printer_recording_USB_Lavalier_Microphone.wav,audioseal,0.3750
printer,p107,/media/storage/hadleigh/stegaphone_data/final_rec//p107/audioseal/sample_8/watermarked_printer_recording_Yeti_Stereo_Microphone.wav,audioseal,0.3125
printer,p107,/media/storage/hadleigh/stegaphone_data/final_rec//p107/audioseal/sample_10/watermarked_printer_recording_iPhone_Microphone.wav,audioseal,0.4375
printer,p107,/media/storage/hadleigh/stegaphone_data/final_rec//p107/audioseal/sample_10/watermarked_printer_recording_Fifine_USB_PnP_Audio_Device.wav,audioseal,0.4375
printer,p107,/media/storage/hadleigh/stegaphone_data/final_rec//p107/audioseal/sample_10/watermarked_printer_recording_USB_Lavalier_Microphone.wav,audioseal,0.5000
printer,p107,/media/storage/hadleigh/stegaphone_data/final_rec//p107/audioseal/sample_10/watermarked_printer_recording_Yeti_Stereo_Microphone.wav,audioseal,0.4375
printer,p107,/media/storage/hadleigh/stegaphone_data/final_rec//p107/audioseal/sample_4/watermarked_printer_recording_iPhone_Microphone.wav,audioseal,0.6250
printer,p107,/media/storage/hadleigh/stegaphone_data/final_rec//p107/audioseal/sample_4/watermarked_printer_recording_Fifine_USB_PnP_Audio_Device.wav,audioseal,0.4375
printer,p107,/media/storage/hadleigh/stegaphone_data/final_rec//p107/audioseal/sample_4/watermarked_printer_recording_USB_Lavalier_Microphone.wav,audioseal,0.5625
printer,p107,/media/storage/hadleigh/stegaphone_data/final_rec//p107/audioseal/sample_4/watermarked_printer_recording_Yeti_Stereo_Microphone.wav,audioseal,0.7500
printer,p107,/media/storage/hadleigh/stegaphone_data/final_rec//p107/audioseal/sample_9/watermarked_printer_recording_iPhone_Microphone.wav,audioseal,0.3125
printer,p107,/media/storage/hadleigh/stegaphone_data/final_rec//p107/audioseal/sample_9/watermarked_printer_recording_Fifine_USB_PnP_Audio_Device.wav,audioseal,0.3750
printer,p107,/media/storage/hadleigh/stegaphone_data/final_rec//p107/audioseal/sample_9/watermarked_printer_recording_USB_Lavalier_Microphone.wav,audioseal,0.2500
printer,p107,/media/storage/hadleigh/stegaphone_data/final_rec//p107/audioseal/sample_9/watermarked_printer_recording_Yeti_Stereo_Microphone.wav,audioseal,0.4375
printer,p107,/media/storage/hadleigh/stegaphone_data/final_rec//p107/audioseal/sample_6/watermarked_printer_recording_iPhone_Microphone.wav,audioseal,0.5000
printer,p107,/media/storage/hadleigh/stegaphone_data/final_rec//p107/audioseal/sample_6/watermarked_printer_recording_Fifine_USB_PnP_Audio_Device.wav,audioseal,0.5625
printer,p107,/media/storage/hadleigh/stegaphone_data/final_rec//p107/audioseal/sample_6/watermarked_printer_recording_USB_Lavalier_Microphone.wav,audioseal,0.5000
printer,p107,/media/storage/hadleigh/stegaphone_data/final_rec//p107/audioseal/sample_6/watermarked_printer_recording_Yeti_Stereo_Microphone.wav,audioseal,0.5000
printer,p107,/media/storage/hadleigh/stegaphone_data/final_rec//p107/audioseal/sample_1/watermarked_printer_recording_iPhone_Microphone.wav,audioseal,0.5000
printer,p107,/media/storage/hadleigh/stegaphone_data/final_rec//p107/audioseal/sample_1/watermarked_printer_recording_Fifine_USB_PnP_Audio_Device.wav,audioseal,0.5000
printer,p107,/media/storage/hadleigh/stegaphone_data/final_rec//p107/audioseal/sample_1/watermarked_printer_recording_USB_Lavalier_Microphone.wav,audioseal,0.5000
printer,p107,/media/storage/hadleigh/stegaphone_data/final_rec//p107/audioseal/sample_1/watermarked_printer_recording_Yeti_Stereo_Microphone.wav,audioseal,0.5000
lounge,p102,/media/storage/hadleigh/stegaphone_data/final_rec//p102/audioseal/sample_7/watermarked_lounge_recording_iPhone_Microphone.wav,audioseal,0.3750
lounge,p102,/media/storage/hadleigh/stegaphone_data/final_rec//p102/audioseal/sample_7/watermarked_lounge_recording_Fifine_USB_PnP_Audio_Device.wav,audioseal,0.5000
lounge,p102,/media/storage/hadleigh/stegaphone_data/final_rec//p102/audioseal/sample_7/watermarked_lounge_recording_Yeti_Stereo_Microphone.wav,audioseal,0.1875
lounge,p102,/media/storage/hadleigh/stegaphone_data/final_rec//p102/audioseal/sample_7/watermarked_lounge_recording_USB_Lavalier_Microphone.wav,audioseal,0.3125
lounge,p102,/media/storage/hadleigh/stegaphone_data/final_rec//p102/audioseal/sample_2/watermarked_lounge_recording_iPhone_Microphone.wav,audioseal,0.3750
lounge,p102,/media/storage/hadleigh/stegaphone_data/final_rec//p102/audioseal/sample_2/watermarked_lounge_recording_Fifine_USB_PnP_Audio_Device.wav,audioseal,0.5000
lounge,p102,/media/storage/hadleigh/stegaphone_data/final_rec//p102/audioseal/sample_2/watermarked_lounge_recording_Yeti_Stereo_Microphone.wav,audioseal,0.3750
lounge,p102,/media/storage/hadleigh/stegaphone_data/final_rec//p102/audioseal/sample_2/watermarked_lounge_recording_USB_Lavalier_Microphone.wav,audioseal,0.3750
lounge,p102,/media/storage/hadleigh/stegaphone_data/final_rec//p102/audioseal/sample_3/watermarked_lounge_recording_iPhone_Microphone.wav,audioseal,0.6250
lounge,p102,/media/storage/hadleigh/stegaphone_data/final_rec//p102/audioseal/sample_3/watermarked_lounge_recording_Fifine_USB_PnP_Audio_Device.wav,audioseal,0.5625
lounge,p102,/media/storage/hadleigh/stegaphone_data/final_rec//p102/audioseal/sample_3/watermarked_lounge_recording_Yeti_Stereo_Microphone.wav,audioseal,0.6250
lounge,p102,/media/storage/hadleigh/stegaphone_data/final_rec//p102/audioseal/sample_3/watermarked_lounge_recording_USB_Lavalier_Microphone.wav,audioseal,0.5625
lounge,p102,/media/storage/hadleigh/stegaphone_data/final_rec//p102/audioseal/sample_5/watermarked_lounge_recording_iPhone_Microphone.wav,audioseal,0.5625
lounge,p102,/media/storage/hadleigh/stegaphone_data/final_rec//p102/audioseal/sample_5/watermarked_lounge_recording_Fifine_USB_PnP_Audio_Device.wav,audioseal,0.4375
lounge,p102,/media/storage/hadleigh/stegaphone_data/final_rec//p102/audioseal/sample_5/watermarked_lounge_recording_Yeti_Stereo_Microphone.wav,audioseal,0.3750
lounge,p102,/media/storage/hadleigh/stegaphone_data/final_rec//p102/audioseal/sample_5/watermarked_lounge_recording_USB_Lavalier_Microphone.wav,audioseal,0.5625
lounge,p102,/media/storage/hadleigh/stegaphone_data/final_rec//p102/audioseal/sample_8/watermarked_lounge_recording_iPhone_Microphone.wav,audioseal,0.1875
lounge,p102,/media/storage/hadleigh/stegaphone_data/final_rec//p102/audioseal/sample_8/watermarked_lounge_recording_Fifine_USB_PnP_Audio_Device.wav,audioseal,0.6250
lounge,p102,/media/storage/hadleigh/stegaphone_data/final_rec//p102/audioseal/sample_8/watermarked_lounge_recording_Yeti_Stereo_Microphone.wav,audioseal,0.5625
lounge,p102,/media/storage/hadleigh/stegaphone_data/final_rec//p102/audioseal/sample_8/watermarked_lounge_recording_USB_Lavalier_Microphone.wav,audioseal,0.4375
lounge,p102,/media/storage/hadleigh/stegaphone_data/final_rec//p102/audioseal/sample_10/watermarked_lounge_recording_iPhone_Microphone.wav,audioseal,0.6250
lounge,p102,/media/storage/hadleigh/stegaphone_data/final_rec//p102/audioseal/sample_10/watermarked_lounge_recording_Fifine_USB_PnP_Audio_Device.wav,audioseal,0.7500
lounge,p102,/media/storage/hadleigh/stegaphone_data/final_rec//p102/audioseal/sample_10/watermarked_lounge_recording_Yeti_Stereo_Microphone.wav,audioseal,0.6250
lounge,p102,/media/storage/hadleigh/stegaphone_data/final_rec//p102/audioseal/sample_10/watermarked_lounge_recording_USB_Lavalier_Microphone.wav,audioseal,0.7500
lounge,p102,/media/storage/hadleigh/stegaphone_data/final_rec//p102/audioseal/sample_4/watermarked_lounge_recording_iPhone_Microphone.wav,audioseal,0.5000
lounge,p102,/media/storage/hadleigh/stegaphone_data/final_rec//p102/audioseal/sample_4/watermarked_lounge_recording_Fifine_USB_PnP_Audio_Device.wav,audioseal,0.6250
lounge,p102,/media/storage/hadleigh/stegaphone_data/final_rec//p102/audioseal/sample_4/watermarked_lounge_recording_Yeti_Stereo_Microphone.wav,audioseal,0.4375
lounge,p102,/media/storage/hadleigh/stegaphone_data/final_rec//p102/audioseal/sample_4/watermarked_lounge_recording_USB_Lavalier_Microphone.wav,audioseal,0.6250
lounge,p102,/media/storage/hadleigh/stegaphone_data/final_rec//p102/audioseal/sample_9/watermarked_lounge_recording_iPhone_Microphone.wav,audioseal,0.3125
lounge,p102,/media/storage/hadleigh/stegaphone_data/final_rec//p102/audioseal/sample_9/watermarked_lounge_recording_Fifine_USB_PnP_Audio_Device.wav,audioseal,0.3125
lounge,p102,/media/storage/hadleigh/stegaphone_data/final_rec//p102/audioseal/sample_9/watermarked_lounge_recording_Yeti_Stereo_Microphone.wav,audioseal,0.3125
lounge,p102,/media/storage/hadleigh/stegaphone_data/final_rec//p102/audioseal/sample_9/watermarked_lounge_recording_USB_Lavalier_Microphone.wav,audioseal,0.3750
lounge,p102,/media/storage/hadleigh/stegaphone_data/final_rec//p102/audioseal/sample_6/watermarked_lounge_recording_iPhone_Microphone.wav,audioseal,0.6875
lounge,p102,/media/storage/hadleigh/stegaphone_data/final_rec//p102/audioseal/sample_6/watermarked_lounge_recording_Fifine_USB_PnP_Audio_Device.wav,audioseal,0.4375
lounge,p102,/media/storage/hadleigh/stegaphone_data/final_rec//p102/audioseal/sample_6/watermarked_lounge_recording_Yeti_Stereo_Microphone.wav,audioseal,0.5000
lounge,p102,/media/storage/hadleigh/stegaphone_data/final_rec//p102/audioseal/sample_6/watermarked_lounge_recording_USB_Lavalier_Microphone.wav,audioseal,0.6875
lounge,p102,/media/storage/hadleigh/stegaphone_data/final_rec//p102/audioseal/sample_1/watermarked_lounge_recording_iPhone_Microphone.wav,audioseal,0.5625
lounge,p102,/media/storage/hadleigh/stegaphone_data/final_rec//p102/audioseal/sample_1/watermarked_lounge_recording_Fifine_USB_PnP_Audio_Device.wav,audioseal,0.4375
lounge,p102,/media/storage/hadleigh/stegaphone_data/final_rec//p102/audioseal/sample_1/watermarked_lounge_recording_Yeti_Stereo_Microphone.wav,audioseal,0.4375
lounge,p102,/media/storage/hadleigh/stegaphone_data/final_rec//p102/audioseal/sample_1/watermarked_lounge_recording_USB_Lavalier_Microphone.wav,audioseal,0.5000
lounge,p103,/media/storage/hadleigh/stegaphone_data/final_rec//p103/audioseal/sample_7/watermarked_lounge_recording_iPhone_Microphone.wav,audioseal,0.5625
lounge,p103,/media/storage/hadleigh/stegaphone_data/final_rec//p103/audioseal/sample_7/watermarked_lounge_recording_Fifine_USB_PnP_Audio_Device.wav,audioseal,0.6250
lounge,p103,/media/storage/hadleigh/stegaphone_data/final_rec//p103/audioseal/sample_7/watermarked_lounge_recording_Yeti_Stereo_Microphone.wav,audioseal,0.4375
lounge,p103,/media/storage/hadleigh/stegaphone_data/final_rec//p103/audioseal/sample_7/watermarked_lounge_recording_USB_Lavalier_Microphone.wav,audioseal,0.2500
lounge,p103,/media/storage/hadleigh/stegaphone_data/final_rec//p103/audioseal/sample_2/watermarked_lounge_recording_iPhone_Microphone.wav,audioseal,0.5625
lounge,p103,/media/storage/hadleigh/stegaphone_data/final_rec//p103/audioseal/sample_2/watermarked_lounge_recording_Fifine_USB_PnP_Audio_Device.wav,audioseal,0.3125
lounge,p103,/media/storage/hadleigh/stegaphone_data/final_rec//p103/audioseal/sample_2/watermarked_lounge_recording_Yeti_Stereo_Microphone.wav,audioseal,0.5000
lounge,p103,/media/storage/hadleigh/stegaphone_data/final_rec//p103/audioseal/sample_2/watermarked_lounge_recording_USB_Lavalier_Microphone.wav,audioseal,0.4375
lounge,p103,/media/storage/hadleigh/stegaphone_data/final_rec//p103/audioseal/sample_3/watermarked_lounge_recording_iPhone_Microphone.wav,audioseal,0.3125
lounge,p103,/media/storage/hadleigh/stegaphone_data/final_rec//p103/audioseal/sample_3/watermarked_lounge_recording_Fifine_USB_PnP_Audio_Device.wav,audioseal,0.6250
lounge,p103,/media/storage/hadleigh/stegaphone_data/final_rec//p103/audioseal/sample_3/watermarked_lounge_recording_Yeti_Stereo_Microphone.wav,audioseal,0.6250
lounge,p103,/media/storage/hadleigh/stegaphone_data/final_rec//p103/audioseal/sample_3/watermarked_lounge_recording_USB_Lavalier_Microphone.wav,audioseal,0.5625
lounge,p103,/media/storage/hadleigh/stegaphone_data/final_rec//p103/audioseal/sample_5/watermarked_lounge_recording_iPhone_Microphone.wav,audioseal,0.3750
lounge,p103,/media/storage/hadleigh/stegaphone_data/final_rec//p103/audioseal/sample_5/watermarked_lounge_recording_Fifine_USB_PnP_Audio_Device.wav,audioseal,0.5000
lounge,p103,/media/storage/hadleigh/stegaphone_data/final_rec//p103/audioseal/sample_5/watermarked_lounge_recording_Yeti_Stereo_Microphone.wav,audioseal,0.5625
lounge,p103,/media/storage/hadleigh/stegaphone_data/final_rec//p103/audioseal/sample_5/watermarked_lounge_recording_USB_Lavalier_Microphone.wav,audioseal,0.5625
lounge,p103,/media/storage/hadleigh/stegaphone_data/final_rec//p103/audioseal/sample_8/watermarked_lounge_recording_iPhone_Microphone.wav,audioseal,0.3125
lounge,p103,/media/storage/hadleigh/stegaphone_data/final_rec//p103/audioseal/sample_8/watermarked_lounge_recording_Fifine_USB_PnP_Audio_Device.wav,audioseal,0.5000
lounge,p103,/media/storage/hadleigh/stegaphone_data/final_rec//p103/audioseal/sample_8/watermarked_lounge_recording_Yeti_Stereo_Microphone.wav,audioseal,0.4375
lounge,p103,/media/storage/hadleigh/stegaphone_data/final_rec//p103/audioseal/sample_8/watermarked_lounge_recording_USB_Lavalier_Microphone.wav,audioseal,0.5625
lounge,p103,/media/storage/hadleigh/stegaphone_data/final_rec//p103/audioseal/sample_10/watermarked_lounge_recording_iPhone_Microphone.wav,audioseal,0.4375
lounge,p103,/media/storage/hadleigh/stegaphone_data/final_rec//p103/audioseal/sample_10/watermarked_lounge_recording_Fifine_USB_PnP_Audio_Device.wav,audioseal,0.6250
lounge,p103,/media/storage/hadleigh/stegaphone_data/final_rec//p103/audioseal/sample_10/watermarked_lounge_recording_Yeti_Stereo_Microphone.wav,audioseal,0.4375
lounge,p103,/media/storage/hadleigh/stegaphone_data/final_rec//p103/audioseal/sample_10/watermarked_lounge_recording_USB_Lavalier_Microphone.wav,audioseal,0.5625
lounge,p103,/media/storage/hadleigh/stegaphone_data/final_rec//p103/audioseal/sample_4/watermarked_lounge_recording_iPhone_Microphone.wav,audioseal,0.5000
lounge,p103,/media/storage/hadleigh/stegaphone_data/final_rec//p103/audioseal/sample_4/watermarked_lounge_recording_Fifine_USB_PnP_Audio_Device.wav,audioseal,0.4375
lounge,p103,/media/storage/hadleigh/stegaphone_data/final_rec//p103/audioseal/sample_4/watermarked_lounge_recording_Yeti_Stereo_Microphone.wav,audioseal,0.3750
lounge,p103,/media/storage/hadleigh/stegaphone_data/final_rec//p103/audioseal/sample_4/watermarked_lounge_recording_USB_Lavalier_Microphone.wav,audioseal,0.2500
lounge,p103,/media/storage/hadleigh/stegaphone_data/final_rec//p103/audioseal/sample_9/watermarked_lounge_recording_iPhone_Microphone.wav,audioseal,0.4375
lounge,p103,/media/storage/hadleigh/stegaphone_data/final_rec//p103/audioseal/sample_9/watermarked_lounge_recording_Fifine_USB_PnP_Audio_Device.wav,audioseal,0.3750
lounge,p103,/media/storage/hadleigh/stegaphone_data/final_rec//p103/audioseal/sample_9/watermarked_lounge_recording_Yeti_Stereo_Microphone.wav,audioseal,0.3750
lounge,p103,/media/storage/hadleigh/stegaphone_data/final_rec//p103/audioseal/sample_9/watermarked_lounge_recording_USB_Lavalier_Microphone.wav,audioseal,0.4375
lounge,p103,/media/storage/hadleigh/stegaphone_data/final_rec//p103/audioseal/sample_6/watermarked_lounge_recording_iPhone_Microphone.wav,audioseal,0.5625
lounge,p103,/media/storage/hadleigh/stegaphone_data/final_rec//p103/audioseal/sample_6/watermarked_lounge_recording_Fifine_USB_PnP_Audio_Device.wav,audioseal,0.4375
lounge,p103,/media/storage/hadleigh/stegaphone_data/final_rec//p103/audioseal/sample_6/watermarked_lounge_recording_Yeti_Stereo_Microphone.wav,audioseal,0.4375
lounge,p103,/media/storage/hadleigh/stegaphone_data/final_rec//p103/audioseal/sample_6/watermarked_lounge_recording_USB_Lavalier_Microphone.wav,audioseal,0.3750
lounge,p103,/media/storage/hadleigh/stegaphone_data/final_rec//p103/audioseal/sample_1/watermarked_lounge_recording_iPhone_Microphone.wav,audioseal,0.2500
lounge,p103,/media/storage/hadleigh/stegaphone_data/final_rec//p103/audioseal/sample_1/watermarked_lounge_recording_Fifine_USB_PnP_Audio_Device.wav,audioseal,0.4375
lounge,p103,/media/storage/hadleigh/stegaphone_data/final_rec//p103/audioseal/sample_1/watermarked_lounge_recording_Yeti_Stereo_Microphone.wav,audioseal,0.5000
lounge,p103,/media/storage/hadleigh/stegaphone_data/final_rec//p103/audioseal/sample_1/watermarked_lounge_recording_USB_Lavalier_Microphone.wav,audioseal,0.5625
lounge,p104,/media/storage/hadleigh/stegaphone_data/final_rec//p104/audioseal/sample_7/watermarked_lounge_recording_iPhone_Microphone.wav,audioseal,0.4375
lounge,p104,/media/storage/hadleigh/stegaphone_data/final_rec//p104/audioseal/sample_7/watermarked_lounge_recording_Fifine_USB_PnP_Audio_Device.wav,audioseal,0.6250
lounge,p104,/media/storage/hadleigh/stegaphone_data/final_rec//p104/audioseal/sample_7/watermarked_lounge_recording_Yeti_Stereo_Microphone.wav,audioseal,0.4375
lounge,p104,/media/storage/hadleigh/stegaphone_data/final_rec//p104/audioseal/sample_7/watermarked_lounge_recording_USB_Lavalier_Microphone.wav,audioseal,0.4375
lounge,p104,/media/storage/hadleigh/stegaphone_data/final_rec//p104/audioseal/sample_2/watermarked_lounge_recording_iPhone_Microphone.wav,audioseal,0.5625
lounge,p104,/media/storage/hadleigh/stegaphone_data/final_rec//p104/audioseal/sample_2/watermarked_lounge_recording_Fifine_USB_PnP_Audio_Device.wav,audioseal,0.3750
lounge,p104,/media/storage/hadleigh/stegaphone_data/final_rec//p104/audioseal/sample_2/watermarked_lounge_recording_Yeti_Stereo_Microphone.wav,audioseal,0.2500
lounge,p104,/media/storage/hadleigh/stegaphone_data/final_rec//p104/audioseal/sample_2/watermarked_lounge_recording_USB_Lavalier_Microphone.wav,audioseal,0.4375
lounge,p104,/media/storage/hadleigh/stegaphone_data/final_rec//p104/audioseal/sample_3/watermarked_lounge_recording_iPhone_Microphone.wav,audioseal,0.5000
lounge,p104,/media/storage/hadleigh/stegaphone_data/final_rec//p104/audioseal/sample_3/watermarked_lounge_recording_Fifine_USB_PnP_Audio_Device.wav,audioseal,0.2500
lounge,p104,/media/storage/hadleigh/stegaphone_data/final_rec//p104/audioseal/sample_3/watermarked_lounge_recording_Yeti_Stereo_Microphone.wav,audioseal,0.3750
lounge,p104,/media/storage/hadleigh/stegaphone_data/final_rec//p104/audioseal/sample_3/watermarked_lounge_recording_USB_Lavalier_Microphone.wav,audioseal,0.5000
lounge,p104,/media/storage/hadleigh/stegaphone_data/final_rec//p104/audioseal/sample_5/watermarked_lounge_recording_iPhone_Microphone.wav,audioseal,0.1250
lounge,p104,/media/storage/hadleigh/stegaphone_data/final_rec//p104/audioseal/sample_5/watermarked_lounge_recording_Fifine_USB_PnP_Audio_Device.wav,audioseal,0.7500
lounge,p104,/media/storage/hadleigh/stegaphone_data/final_rec//p104/audioseal/sample_5/watermarked_lounge_recording_Yeti_Stereo_Microphone.wav,audioseal,0.7500
lounge,p104,/media/storage/hadleigh/stegaphone_data/final_rec//p104/audioseal/sample_5/watermarked_lounge_recording_USB_Lavalier_Microphone.wav,audioseal,0.6875
lounge,p104,/media/storage/hadleigh/stegaphone_data/final_rec//p104/audioseal/sample_8/watermarked_lounge_recording_iPhone_Microphone.wav,audioseal,0.5000
lounge,p104,/media/storage/hadleigh/stegaphone_data/final_rec//p104/audioseal/sample_8/watermarked_lounge_recording_Fifine_USB_PnP_Audio_Device.wav,audioseal,0.4375
lounge,p104,/media/storage/hadleigh/stegaphone_data/final_rec//p104/audioseal/sample_8/watermarked_lounge_recording_Yeti_Stereo_Microphone.wav,audioseal,0.5000
lounge,p104,/media/storage/hadleigh/stegaphone_data/final_rec//p104/audioseal/sample_8/watermarked_lounge_recording_USB_Lavalier_Microphone.wav,audioseal,0.4375
lounge,p104,/media/storage/hadleigh/stegaphone_data/final_rec//p104/audioseal/sample_10/watermarked_lounge_recording_iPhone_Microphone.wav,audioseal,0.3750
lounge,p104,/media/storage/hadleigh/stegaphone_data/final_rec//p104/audioseal/sample_10/watermarked_lounge_recording_Fifine_USB_PnP_Audio_Device.wav,audioseal,0.4375
lounge,p104,/media/storage/hadleigh/stegaphone_data/final_rec//p104/audioseal/sample_10/watermarked_lounge_recording_Yeti_Stereo_Microphone.wav,audioseal,0.4375
lounge,p104,/media/storage/hadleigh/stegaphone_data/final_rec//p104/audioseal/sample_10/watermarked_lounge_recording_USB_Lavalier_Microphone.wav,audioseal,0.5000
lounge,p104,/media/storage/hadleigh/stegaphone_data/final_rec//p104/audioseal/sample_4/watermarked_lounge_recording_iPhone_Microphone.wav,audioseal,0.6875
lounge,p104,/media/storage/hadleigh/stegaphone_data/final_rec//p104/audioseal/sample_4/watermarked_lounge_recording_Fifine_USB_PnP_Audio_Device.wav,audioseal,0.6875
lounge,p104,/media/storage/hadleigh/stegaphone_data/final_rec//p104/audioseal/sample_4/watermarked_lounge_recording_Yeti_Stereo_Microphone.wav,audioseal,0.7500
lounge,p104,/media/storage/hadleigh/stegaphone_data/final_rec//p104/audioseal/sample_4/watermarked_lounge_recording_USB_Lavalier_Microphone.wav,audioseal,0.6250
lounge,p104,/media/storage/hadleigh/stegaphone_data/final_rec//p104/audioseal/sample_9/watermarked_lounge_recording_iPhone_Microphone.wav,audioseal,0.4375
lounge,p104,/media/storage/hadleigh/stegaphone_data/final_rec//p104/audioseal/sample_9/watermarked_lounge_recording_Fifine_USB_PnP_Audio_Device.wav,audioseal,0.5625
lounge,p104,/media/storage/hadleigh/stegaphone_data/final_rec//p104/audioseal/sample_9/watermarked_lounge_recording_Yeti_Stereo_Microphone.wav,audioseal,0.5625
lounge,p104,/media/storage/hadleigh/stegaphone_data/final_rec//p104/audioseal/sample_9/watermarked_lounge_recording_USB_Lavalier_Microphone.wav,audioseal,0.6250
lounge,p104,/media/storage/hadleigh/stegaphone_data/final_rec//p104/audioseal/sample_6/watermarked_lounge_recording_iPhone_Microphone.wav,audioseal,0.4375
lounge,p104,/media/storage/hadleigh/stegaphone_data/final_rec//p104/audioseal/sample_6/watermarked_lounge_recording_Fifine_USB_PnP_Audio_Device.wav,audioseal,0.6875
lounge,p104,/media/storage/hadleigh/stegaphone_data/final_rec//p104/audioseal/sample_6/watermarked_lounge_recording_Yeti_Stereo_Microphone.wav,audioseal,0.4375
lounge,p104,/media/storage/hadleigh/stegaphone_data/final_rec//p104/audioseal/sample_6/watermarked_lounge_recording_USB_Lavalier_Microphone.wav,audioseal,0.5625
lounge,p104,/media/storage/hadleigh/stegaphone_data/final_rec//p104/audioseal/sample_1/watermarked_lounge_recording_iPhone_Microphone.wav,audioseal,0.3750
lounge,p104,/media/storage/hadleigh/stegaphone_data/final_rec//p104/audioseal/sample_1/watermarked_lounge_recording_Fifine_USB_PnP_Audio_Device.wav,audioseal,0.3750
lounge,p104,/media/storage/hadleigh/stegaphone_data/final_rec//p104/audioseal/sample_1/watermarked_lounge_recording_Yeti_Stereo_Microphone.wav,audioseal,0.6250
lounge,p104,/media/storage/hadleigh/stegaphone_data/final_rec//p104/audioseal/sample_1/watermarked_lounge_recording_USB_Lavalier_Microphone.wav,audioseal,0.3750
lounge,p105,/media/storage/hadleigh/stegaphone_data/final_rec//p105/audioseal/sample_7/watermarked_lounge_recording_iPhone_Microphone.wav,audioseal,0.6875
lounge,p105,/media/storage/hadleigh/stegaphone_data/final_rec//p105/audioseal/sample_7/watermarked_lounge_recording_Fifine_USB_PnP_Audio_Device.wav,audioseal,0.5625
lounge,p105,/media/storage/hadleigh/stegaphone_data/final_rec//p105/audioseal/sample_7/watermarked_lounge_recording_Yeti_Stereo_Microphone.wav,audioseal,0.4375
lounge,p105,/media/storage/hadleigh/stegaphone_data/final_rec//p105/audioseal/sample_7/watermarked_lounge_recording_USB_Lavalier_Microphone.wav,audioseal,0.3750
lounge,p105,/media/storage/hadleigh/stegaphone_data/final_rec//p105/audioseal/sample_2/watermarked_lounge_recording_iPhone_Microphone.wav,audioseal,0.5625
lounge,p105,/media/storage/hadleigh/stegaphone_data/final_rec//p105/audioseal/sample_2/watermarked_lounge_recording_Fifine_USB_PnP_Audio_Device.wav,audioseal,0.5625
lounge,p105,/media/storage/hadleigh/stegaphone_data/final_rec//p105/audioseal/sample_2/watermarked_lounge_recording_Yeti_Stereo_Microphone.wav,audioseal,0.5000
lounge,p105,/media/storage/hadleigh/stegaphone_data/final_rec//p105/audioseal/sample_2/watermarked_lounge_recording_USB_Lavalier_Microphone.wav,audioseal,0.3750
lounge,p105,/media/storage/hadleigh/stegaphone_data/final_rec//p105/audioseal/sample_3/watermarked_lounge_recording_iPhone_Microphone.wav,audioseal,0.4375
lounge,p105,/media/storage/hadleigh/stegaphone_data/final_rec//p105/audioseal/sample_3/watermarked_lounge_recording_Fifine_USB_PnP_Audio_Device.wav,audioseal,0.5625
lounge,p105,/media/storage/hadleigh/stegaphone_data/final_rec//p105/audioseal/sample_3/watermarked_lounge_recording_Yeti_Stereo_Microphone.wav,audioseal,0.7500
lounge,p105,/media/storage/hadleigh/stegaphone_data/final_rec//p105/audioseal/sample_3/watermarked_lounge_recording_USB_Lavalier_Microphone.wav,audioseal,0.5625
lounge,p105,/media/storage/hadleigh/stegaphone_data/final_rec//p105/audioseal/sample_5/watermarked_lounge_recording_iPhone_Microphone.wav,audioseal,0.6250
lounge,p105,/media/storage/hadleigh/stegaphone_data/final_rec//p105/audioseal/sample_5/watermarked_lounge_recording_Fifine_USB_PnP_Audio_Device.wav,audioseal,0.5625
lounge,p105,/media/storage/hadleigh/stegaphone_data/final_rec//p105/audioseal/sample_5/watermarked_lounge_recording_Yeti_Stereo_Microphone.wav,audioseal,0.5625
lounge,p105,/media/storage/hadleigh/stegaphone_data/final_rec//p105/audioseal/sample_5/watermarked_lounge_recording_USB_Lavalier_Microphone.wav,audioseal,0.6875
lounge,p105,/media/storage/hadleigh/stegaphone_data/final_rec//p105/audioseal/sample_8/watermarked_lounge_recording_iPhone_Microphone.wav,audioseal,0.3750
lounge,p105,/media/storage/hadleigh/stegaphone_data/final_rec//p105/audioseal/sample_8/watermarked_lounge_recording_Fifine_USB_PnP_Audio_Device.wav,audioseal,0.3125
lounge,p105,/media/storage/hadleigh/stegaphone_data/final_rec//p105/audioseal/sample_8/watermarked_lounge_recording_Yeti_Stereo_Microphone.wav,audioseal,0.4375
lounge,p105,/media/storage/hadleigh/stegaphone_data/final_rec//p105/audioseal/sample_8/watermarked_lounge_recording_USB_Lavalier_Microphone.wav,audioseal,0.5625
lounge,p105,/media/storage/hadleigh/stegaphone_data/final_rec//p105/audioseal/sample_10/watermarked_lounge_recording_iPhone_Microphone.wav,audioseal,0.3125
lounge,p105,/media/storage/hadleigh/stegaphone_data/final_rec//p105/audioseal/sample_10/watermarked_lounge_recording_Fifine_USB_PnP_Audio_Device.wav,audioseal,0.3125
lounge,p105,/media/storage/hadleigh/stegaphone_data/final_rec//p105/audioseal/sample_10/watermarked_lounge_recording_Yeti_Stereo_Microphone.wav,audioseal,0.3125
lounge,p105,/media/storage/hadleigh/stegaphone_data/final_rec//p105/audioseal/sample_10/watermarked_lounge_recording_USB_Lavalier_Microphone.wav,audioseal,0.3125
lounge,p105,/media/storage/hadleigh/stegaphone_data/final_rec//p105/audioseal/sample_4/watermarked_lounge_recording_iPhone_Microphone.wav,audioseal,0.3125
lounge,p105,/media/storage/hadleigh/stegaphone_data/final_rec//p105/audioseal/sample_4/watermarked_lounge_recording_Fifine_USB_PnP_Audio_Device.wav,audioseal,0.3125
lounge,p105,/media/storage/hadleigh/stegaphone_data/final_rec//p105/audioseal/sample_4/watermarked_lounge_recording_Yeti_Stereo_Microphone.wav,audioseal,0.3750
lounge,p105,/media/storage/hadleigh/stegaphone_data/final_rec//p105/audioseal/sample_4/watermarked_lounge_recording_USB_Lavalier_Microphone.wav,audioseal,0.4375
lounge,p105,/media/storage/hadleigh/stegaphone_data/final_rec//p105/audioseal/sample_9/watermarked_lounge_recording_iPhone_Microphone.wav,audioseal,0.5625
lounge,p105,/media/storage/hadleigh/stegaphone_data/final_rec//p105/audioseal/sample_9/watermarked_lounge_recording_Fifine_USB_PnP_Audio_Device.wav,audioseal,0.6250
lounge,p105,/media/storage/hadleigh/stegaphone_data/final_rec//p105/audioseal/sample_9/watermarked_lounge_recording_Yeti_Stereo_Microphone.wav,audioseal,0.6250
lounge,p105,/media/storage/hadleigh/stegaphone_data/final_rec//p105/audioseal/sample_9/watermarked_lounge_recording_USB_Lavalier_Microphone.wav,audioseal,0.5000
lounge,p105,/media/storage/hadleigh/stegaphone_data/final_rec//p105/audioseal/sample_6/watermarked_lounge_recording_iPhone_Microphone.wav,audioseal,0.3125
lounge,p105,/media/storage/hadleigh/stegaphone_data/final_rec//p105/audioseal/sample_6/watermarked_lounge_recording_Fifine_USB_PnP_Audio_Device.wav,audioseal,0.5625
lounge,p105,/media/storage/hadleigh/stegaphone_data/final_rec//p105/audioseal/sample_6/watermarked_lounge_recording_Yeti_Stereo_Microphone.wav,audioseal,0.4375
lounge,p105,/media/storage/hadleigh/stegaphone_data/final_rec//p105/audioseal/sample_6/watermarked_lounge_recording_USB_Lavalier_Microphone.wav,audioseal,0.5000
lounge,p105,/media/storage/hadleigh/stegaphone_data/final_rec//p105/audioseal/sample_1/watermarked_lounge_recording_iPhone_Microphone.wav,audioseal,0.3750
lounge,p105,/media/storage/hadleigh/stegaphone_data/final_rec//p105/audioseal/sample_1/watermarked_lounge_recording_Fifine_USB_PnP_Audio_Device.wav,audioseal,0.3125
lounge,p105,/media/storage/hadleigh/stegaphone_data/final_rec//p105/audioseal/sample_1/watermarked_lounge_recording_Yeti_Stereo_Microphone.wav,audioseal,0.6875
lounge,p105,/media/storage/hadleigh/stegaphone_data/final_rec//p105/audioseal/sample_1/watermarked_lounge_recording_USB_Lavalier_Microphone.wav,audioseal,0.5625
lounge,p106,/media/storage/hadleigh/stegaphone_data/final_rec//p106/audioseal/sample_7/watermarked_lounge_recording_iPhone_Microphone.wav,audioseal,0.6875
lounge,p106,/media/storage/hadleigh/stegaphone_data/final_rec//p106/audioseal/sample_7/watermarked_lounge_recording_Fifine_USB_PnP_Audio_Device.wav,audioseal,0.3750
lounge,p106,/media/storage/hadleigh/stegaphone_data/final_rec//p106/audioseal/sample_7/watermarked_lounge_recording_Yeti_Stereo_Microphone.wav,audioseal,0.6875
lounge,p106,/media/storage/hadleigh/stegaphone_data/final_rec//p106/audioseal/sample_7/watermarked_lounge_recording_USB_Lavalier_Microphone.wav,audioseal,0.5625
lounge,p106,/media/storage/hadleigh/stegaphone_data/final_rec//p106/audioseal/sample_2/watermarked_lounge_recording_iPhone_Microphone.wav,audioseal,0.6875
lounge,p106,/media/storage/hadleigh/stegaphone_data/final_rec//p106/audioseal/sample_2/watermarked_lounge_recording_Fifine_USB_PnP_Audio_Device.wav,audioseal,0.5000
lounge,p106,/media/storage/hadleigh/stegaphone_data/final_rec//p106/audioseal/sample_2/watermarked_lounge_recording_Yeti_Stereo_Microphone.wav,audioseal,0.6875
lounge,p106,/media/storage/hadleigh/stegaphone_data/final_rec//p106/audioseal/sample_2/watermarked_lounge_recording_USB_Lavalier_Microphone.wav,audioseal,0.4375
lounge,p106,/media/storage/hadleigh/stegaphone_data/final_rec//p106/audioseal/sample_3/watermarked_lounge_recording_iPhone_Microphone.wav,audioseal,0.5625
lounge,p106,/media/storage/hadleigh/stegaphone_data/final_rec//p106/audioseal/sample_3/watermarked_lounge_recording_Fifine_USB_PnP_Audio_Device.wav,audioseal,0.4375
lounge,p106,/media/storage/hadleigh/stegaphone_data/final_rec//p106/audioseal/sample_3/watermarked_lounge_recording_Yeti_Stereo_Microphone.wav,audioseal,0.5000
lounge,p106,/media/storage/hadleigh/stegaphone_data/final_rec//p106/audioseal/sample_3/watermarked_lounge_recording_USB_Lavalier_Microphone.wav,audioseal,0.5625
lounge,p106,/media/storage/hadleigh/stegaphone_data/final_rec//p106/audioseal/sample_5/watermarked_lounge_recording_iPhone_Microphone.wav,audioseal,0.5000
lounge,p106,/media/storage/hadleigh/stegaphone_data/final_rec//p106/audioseal/sample_5/watermarked_lounge_recording_Fifine_USB_PnP_Audio_Device.wav,audioseal,0.6875
lounge,p106,/media/storage/hadleigh/stegaphone_data/final_rec//p106/audioseal/sample_5/watermarked_lounge_recording_Yeti_Stereo_Microphone.wav,audioseal,0.5000
lounge,p106,/media/storage/hadleigh/stegaphone_data/final_rec//p106/audioseal/sample_5/watermarked_lounge_recording_USB_Lavalier_Microphone.wav,audioseal,0.5625
lounge,p106,/media/storage/hadleigh/stegaphone_data/final_rec//p106/audioseal/sample_8/watermarked_lounge_recording_iPhone_Microphone.wav,audioseal,0.6250
lounge,p106,/media/storage/hadleigh/stegaphone_data/final_rec//p106/audioseal/sample_8/watermarked_lounge_recording_Fifine_USB_PnP_Audio_Device.wav,audioseal,0.6250
lounge,p106,/media/storage/hadleigh/stegaphone_data/final_rec//p106/audioseal/sample_8/watermarked_lounge_recording_Yeti_Stereo_Microphone.wav,audioseal,0.6875
lounge,p106,/media/storage/hadleigh/stegaphone_data/final_rec//p106/audioseal/sample_8/watermarked_lounge_recording_USB_Lavalier_Microphone.wav,audioseal,0.5625
lounge,p106,/media/storage/hadleigh/stegaphone_data/final_rec//p106/audioseal/sample_10/watermarked_lounge_recording_iPhone_Microphone.wav,audioseal,0.7500
lounge,p106,/media/storage/hadleigh/stegaphone_data/final_rec//p106/audioseal/sample_10/watermarked_lounge_recording_Fifine_USB_PnP_Audio_Device.wav,audioseal,0.7500
lounge,p106,/media/storage/hadleigh/stegaphone_data/final_rec//p106/audioseal/sample_10/watermarked_lounge_recording_Yeti_Stereo_Microphone.wav,audioseal,0.6250
lounge,p106,/media/storage/hadleigh/stegaphone_data/final_rec//p106/audioseal/sample_10/watermarked_lounge_recording_USB_Lavalier_Microphone.wav,audioseal,0.6875
lounge,p106,/media/storage/hadleigh/stegaphone_data/final_rec//p106/audioseal/sample_4/watermarked_lounge_recording_iPhone_Microphone.wav,audioseal,0.3750
lounge,p106,/media/storage/hadleigh/stegaphone_data/final_rec//p106/audioseal/sample_4/watermarked_lounge_recording_Fifine_USB_PnP_Audio_Device.wav,audioseal,0.6250
lounge,p106,/media/storage/hadleigh/stegaphone_data/final_rec//p106/audioseal/sample_4/watermarked_lounge_recording_Yeti_Stereo_Microphone.wav,audioseal,0.5000
lounge,p106,/media/storage/hadleigh/stegaphone_data/final_rec//p106/audioseal/sample_4/watermarked_lounge_recording_USB_Lavalier_Microphone.wav,audioseal,0.6875
lounge,p106,/media/storage/hadleigh/stegaphone_data/final_rec//p106/audioseal/sample_9/watermarked_lounge_recording_iPhone_Microphone.wav,audioseal,0.3125
lounge,p106,/media/storage/hadleigh/stegaphone_data/final_rec//p106/audioseal/sample_9/watermarked_lounge_recording_Fifine_USB_PnP_Audio_Device.wav,audioseal,0.5625
lounge,p106,/media/storage/hadleigh/stegaphone_data/final_rec//p106/audioseal/sample_9/watermarked_lounge_recording_Yeti_Stereo_Microphone.wav,audioseal,0.5625
lounge,p106,/media/storage/hadleigh/stegaphone_data/final_rec//p106/audioseal/sample_9/watermarked_lounge_recording_USB_Lavalier_Microphone.wav,audioseal,0.4375
lounge,p106,/media/storage/hadleigh/stegaphone_data/final_rec//p106/audioseal/sample_6/watermarked_lounge_recording_iPhone_Microphone.wav,audioseal,0.5000
lounge,p106,/media/storage/hadleigh/stegaphone_data/final_rec//p106/audioseal/sample_6/watermarked_lounge_recording_Fifine_USB_PnP_Audio_Device.wav,audioseal,0.2500
lounge,p106,/media/storage/hadleigh/stegaphone_data/final_rec//p106/audioseal/sample_6/watermarked_lounge_recording_Yeti_Stereo_Microphone.wav,audioseal,0.6250
lounge,p106,/media/storage/hadleigh/stegaphone_data/final_rec//p106/audioseal/sample_6/watermarked_lounge_recording_USB_Lavalier_Microphone.wav,audioseal,0.3750
lounge,p106,/media/storage/hadleigh/stegaphone_data/final_rec//p106/audioseal/sample_1/watermarked_lounge_recording_iPhone_Microphone.wav,audioseal,0.3750
lounge,p106,/media/storage/hadleigh/stegaphone_data/final_rec//p106/audioseal/sample_1/watermarked_lounge_recording_Fifine_USB_PnP_Audio_Device.wav,audioseal,0.5000
lounge,p106,/media/storage/hadleigh/stegaphone_data/final_rec//p106/audioseal/sample_1/watermarked_lounge_recording_Yeti_Stereo_Microphone.wav,audioseal,0.5625
lounge,p106,/media/storage/hadleigh/stegaphone_data/final_rec//p106/audioseal/sample_1/watermarked_lounge_recording_USB_Lavalier_Microphone.wav,audioseal,0.6875
lounge,p107,/media/storage/hadleigh/stegaphone_data/final_rec//p107/audioseal/sample_7/watermarked_lounge_recording_iPhone_Microphone.wav,audioseal,0.5625
lounge,p107,/media/storage/hadleigh/stegaphone_data/final_rec//p107/audioseal/sample_7/watermarked_lounge_recording_Fifine_USB_PnP_Audio_Device.wav,audioseal,0.5625
lounge,p107,/media/storage/hadleigh/stegaphone_data/final_rec//p107/audioseal/sample_7/watermarked_lounge_recording_Yeti_Stereo_Microphone.wav,audioseal,0.6250
lounge,p107,/media/storage/hadleigh/stegaphone_data/final_rec//p107/audioseal/sample_7/watermarked_lounge_recording_USB_Lavalier_Microphone.wav,audioseal,0.6250
lounge,p107,/media/storage/hadleigh/stegaphone_data/final_rec//p107/audioseal/sample_2/watermarked_lounge_recording_iPhone_Microphone.wav,audioseal,0.5625
lounge,p107,/media/storage/hadleigh/stegaphone_data/final_rec//p107/audioseal/sample_2/watermarked_lounge_recording_Fifine_USB_PnP_Audio_Device.wav,audioseal,0.4375
lounge,p107,/media/storage/hadleigh/stegaphone_data/final_rec//p107/audioseal/sample_2/watermarked_lounge_recording_Yeti_Stereo_Microphone.wav,audioseal,0.5000
lounge,p107,/media/storage/hadleigh/stegaphone_data/final_rec//p107/audioseal/sample_2/watermarked_lounge_recording_USB_Lavalier_Microphone.wav,audioseal,0.5000
lounge,p107,/media/storage/hadleigh/stegaphone_data/final_rec//p107/audioseal/sample_3/watermarked_lounge_recording_iPhone_Microphone.wav,audioseal,0.5000
lounge,p107,/media/storage/hadleigh/stegaphone_data/final_rec//p107/audioseal/sample_3/watermarked_lounge_recording_Fifine_USB_PnP_Audio_Device.wav,audioseal,0.2500
lounge,p107,/media/storage/hadleigh/stegaphone_data/final_rec//p107/audioseal/sample_3/watermarked_lounge_recording_Yeti_Stereo_Microphone.wav,audioseal,0.8125
lounge,p107,/media/storage/hadleigh/stegaphone_data/final_rec//p107/audioseal/sample_3/watermarked_lounge_recording_USB_Lavalier_Microphone.wav,audioseal,0.6250
lounge,p107,/media/storage/hadleigh/stegaphone_data/final_rec//p107/audioseal/sample_5/watermarked_lounge_recording_iPhone_Microphone.wav,audioseal,0.4375
lounge,p107,/media/storage/hadleigh/stegaphone_data/final_rec//p107/audioseal/sample_5/watermarked_lounge_recording_Fifine_USB_PnP_Audio_Device.wav,audioseal,0.3750
lounge,p107,/media/storage/hadleigh/stegaphone_data/final_rec//p107/audioseal/sample_5/watermarked_lounge_recording_Yeti_Stereo_Microphone.wav,audioseal,0.6250
lounge,p107,/media/storage/hadleigh/stegaphone_data/final_rec//p107/audioseal/sample_5/watermarked_lounge_recording_USB_Lavalier_Microphone.wav,audioseal,0.6250
lounge,p107,/media/storage/hadleigh/stegaphone_data/final_rec//p107/audioseal/sample_8/watermarked_lounge_recording_iPhone_Microphone.wav,audioseal,0.4375
lounge,p107,/media/storage/hadleigh/stegaphone_data/final_rec//p107/audioseal/sample_8/watermarked_lounge_recording_Fifine_USB_PnP_Audio_Device.wav,audioseal,0.6250
lounge,p107,/media/storage/hadleigh/stegaphone_data/final_rec//p107/audioseal/sample_8/watermarked_lounge_recording_Yeti_Stereo_Microphone.wav,audioseal,0.3125
lounge,p107,/media/storage/hadleigh/stegaphone_data/final_rec//p107/audioseal/sample_8/watermarked_lounge_recording_USB_Lavalier_Microphone.wav,audioseal,0.3125
lounge,p107,/media/storage/hadleigh/stegaphone_data/final_rec//p107/audioseal/sample_10/watermarked_lounge_recording_iPhone_Microphone.wav,audioseal,0.5000
lounge,p107,/media/storage/hadleigh/stegaphone_data/final_rec//p107/audioseal/sample_10/watermarked_lounge_recording_Fifine_USB_PnP_Audio_Device.wav,audioseal,0.4375
lounge,p107,/media/storage/hadleigh/stegaphone_data/final_rec//p107/audioseal/sample_10/watermarked_lounge_recording_Yeti_Stereo_Microphone.wav,audioseal,0.5625
lounge,p107,/media/storage/hadleigh/stegaphone_data/final_rec//p107/audioseal/sample_10/watermarked_lounge_recording_USB_Lavalier_Microphone.wav,audioseal,0.5000
lounge,p107,/media/storage/hadleigh/stegaphone_data/final_rec//p107/audioseal/sample_4/watermarked_lounge_recording_iPhone_Microphone.wav,audioseal,0.7500
lounge,p107,/media/storage/hadleigh/stegaphone_data/final_rec//p107/audioseal/sample_4/watermarked_lounge_recording_Fifine_USB_PnP_Audio_Device.wav,audioseal,0.6250
lounge,p107,/media/storage/hadleigh/stegaphone_data/final_rec//p107/audioseal/sample_4/watermarked_lounge_recording_Yeti_Stereo_Microphone.wav,audioseal,0.5625
lounge,p107,/media/storage/hadleigh/stegaphone_data/final_rec//p107/audioseal/sample_4/watermarked_lounge_recording_USB_Lavalier_Microphone.wav,audioseal,0.6250
lounge,p107,/media/storage/hadleigh/stegaphone_data/final_rec//p107/audioseal/sample_9/watermarked_lounge_recording_iPhone_Microphone.wav,audioseal,0.6250
lounge,p107,/media/storage/hadleigh/stegaphone_data/final_rec//p107/audioseal/sample_9/watermarked_lounge_recording_Fifine_USB_PnP_Audio_Device.wav,audioseal,0.3750
lounge,p107,/media/storage/hadleigh/stegaphone_data/final_rec//p107/audioseal/sample_9/watermarked_lounge_recording_Yeti_Stereo_Microphone.wav,audioseal,0.5000
lounge,p107,/media/storage/hadleigh/stegaphone_data/final_rec//p107/audioseal/sample_9/watermarked_lounge_recording_USB_Lavalier_Microphone.wav,audioseal,0.4375
lounge,p107,/media/storage/hadleigh/stegaphone_data/final_rec//p107/audioseal/sample_6/watermarked_lounge_recording_iPhone_Microphone.wav,audioseal,0.5000
lounge,p107,/media/storage/hadleigh/stegaphone_data/final_rec//p107/audioseal/sample_6/watermarked_lounge_recording_Fifine_USB_PnP_Audio_Device.wav,audioseal,0.5625
lounge,p107,/media/storage/hadleigh/stegaphone_data/final_rec//p107/audioseal/sample_6/watermarked_lounge_recording_Yeti_Stereo_Microphone.wav,audioseal,0.4375
lounge,p107,/media/storage/hadleigh/stegaphone_data/final_rec//p107/audioseal/sample_6/watermarked_lounge_recording_USB_Lavalier_Microphone.wav,audioseal,0.5625
lounge,p107,/media/storage/hadleigh/stegaphone_data/final_rec//p107/audioseal/sample_1/watermarked_lounge_recording_iPhone_Microphone.wav,audioseal,0.3125
lounge,p107,/media/storage/hadleigh/stegaphone_data/final_rec//p107/audioseal/sample_1/watermarked_lounge_recording_Fifine_USB_PnP_Audio_Device.wav,audioseal,0.5000
lounge,p107,/media/storage/hadleigh/stegaphone_data/final_rec//p107/audioseal/sample_1/watermarked_lounge_recording_Yeti_Stereo_Microphone.wav,audioseal,0.5625
lounge,p107,/media/storage/hadleigh/stegaphone_data/final_rec//p107/audioseal/sample_1/watermarked_lounge_recording_USB_Lavalier_Microphone.wav,audioseal,0.5625
auditorium,p102,/media/storage/hadleigh/stegaphone_data/final_rec//p102/audioseal/sample_7/watermarked_auditorium_recording_Yeti_Stereo_Microphone.wav,audioseal,0.5000
auditorium,p102,/media/storage/hadleigh/stegaphone_data/final_rec//p102/audioseal/sample_7/watermarked_auditorium_recording_iPhone_Microphone.wav,audioseal,0.3750
auditorium,p102,/media/storage/hadleigh/stegaphone_data/final_rec//p102/audioseal/sample_7/watermarked_auditorium_recording_Fifine_USB_PnP_Audio_Device.wav,audioseal,0.5625
auditorium,p102,/media/storage/hadleigh/stegaphone_data/final_rec//p102/audioseal/sample_7/watermarked_auditorium_recording_USB_Lavalier_Microphone.wav,audioseal,0.3750
auditorium,p102,/media/storage/hadleigh/stegaphone_data/final_rec//p102/audioseal/sample_2/watermarked_auditorium_recording_Yeti_Stereo_Microphone.wav,audioseal,0.4375
auditorium,p102,/media/storage/hadleigh/stegaphone_data/final_rec//p102/audioseal/sample_2/watermarked_auditorium_recording_iPhone_Microphone.wav,audioseal,0.5625
auditorium,p102,/media/storage/hadleigh/stegaphone_data/final_rec//p102/audioseal/sample_2/watermarked_auditorium_recording_Fifine_USB_PnP_Audio_Device.wav,audioseal,0.4375
auditorium,p102,/media/storage/hadleigh/stegaphone_data/final_rec//p102/audioseal/sample_2/watermarked_auditorium_recording_USB_Lavalier_Microphone.wav,audioseal,0.3125
auditorium,p102,/media/storage/hadleigh/stegaphone_data/final_rec//p102/audioseal/sample_3/watermarked_auditorium_recording_Yeti_Stereo_Microphone.wav,audioseal,0.5000
auditorium,p102,/media/storage/hadleigh/stegaphone_data/final_rec//p102/audioseal/sample_3/watermarked_auditorium_recording_iPhone_Microphone.wav,audioseal,0.5625
auditorium,p102,/media/storage/hadleigh/stegaphone_data/final_rec//p102/audioseal/sample_3/watermarked_auditorium_recording_Fifine_USB_PnP_Audio_Device.wav,audioseal,0.5000
auditorium,p102,/media/storage/hadleigh/stegaphone_data/final_rec//p102/audioseal/sample_3/watermarked_auditorium_recording_USB_Lavalier_Microphone.wav,audioseal,0.6875
auditorium,p102,/media/storage/hadleigh/stegaphone_data/final_rec//p102/audioseal/sample_5/watermarked_auditorium_recording_Yeti_Stereo_Microphone.wav,audioseal,0.3750
auditorium,p102,/media/storage/hadleigh/stegaphone_data/final_rec//p102/audioseal/sample_5/watermarked_auditorium_recording_iPhone_Microphone.wav,audioseal,0.2500
auditorium,p102,/media/storage/hadleigh/stegaphone_data/final_rec//p102/audioseal/sample_5/watermarked_auditorium_recording_Fifine_USB_PnP_Audio_Device.wav,audioseal,0.2500
auditorium,p102,/media/storage/hadleigh/stegaphone_data/final_rec//p102/audioseal/sample_5/watermarked_auditorium_recording_USB_Lavalier_Microphone.wav,audioseal,0.4375
auditorium,p102,/media/storage/hadleigh/stegaphone_data/final_rec//p102/audioseal/sample_8/watermarked_auditorium_recording_Yeti_Stereo_Microphone.wav,audioseal,0.4375
auditorium,p102,/media/storage/hadleigh/stegaphone_data/final_rec//p102/audioseal/sample_8/watermarked_auditorium_recording_iPhone_Microphone.wav,audioseal,0.6250
auditorium,p102,/media/storage/hadleigh/stegaphone_data/final_rec//p102/audioseal/sample_8/watermarked_auditorium_recording_Fifine_USB_PnP_Audio_Device.wav,audioseal,0.4375
auditorium,p102,/media/storage/hadleigh/stegaphone_data/final_rec//p102/audioseal/sample_8/watermarked_auditorium_recording_USB_Lavalier_Microphone.wav,audioseal,0.5625
auditorium,p102,/media/storage/hadleigh/stegaphone_data/final_rec//p102/audioseal/sample_10/watermarked_auditorium_recording_Yeti_Stereo_Microphone.wav,audioseal,0.7500
auditorium,p102,/media/storage/hadleigh/stegaphone_data/final_rec//p102/audioseal/sample_10/watermarked_auditorium_recording_iPhone_Microphone.wav,audioseal,0.7500
auditorium,p102,/media/storage/hadleigh/stegaphone_data/final_rec//p102/audioseal/sample_10/watermarked_auditorium_recording_Fifine_USB_PnP_Audio_Device.wav,audioseal,0.6875
auditorium,p102,/media/storage/hadleigh/stegaphone_data/final_rec//p102/audioseal/sample_10/watermarked_auditorium_recording_USB_Lavalier_Microphone.wav,audioseal,0.7500
auditorium,p102,/media/storage/hadleigh/stegaphone_data/final_rec//p102/audioseal/sample_4/watermarked_auditorium_recording_Yeti_Stereo_Microphone.wav,audioseal,0.5625
auditorium,p102,/media/storage/hadleigh/stegaphone_data/final_rec//p102/audioseal/sample_4/watermarked_auditorium_recording_iPhone_Microphone.wav,audioseal,0.5000
auditorium,p102,/media/storage/hadleigh/stegaphone_data/final_rec//p102/audioseal/sample_4/watermarked_auditorium_recording_Fifine_USB_PnP_Audio_Device.wav,audioseal,0.5625
auditorium,p102,/media/storage/hadleigh/stegaphone_data/final_rec//p102/audioseal/sample_4/watermarked_auditorium_recording_USB_Lavalier_Microphone.wav,audioseal,0.3750
auditorium,p102,/media/storage/hadleigh/stegaphone_data/final_rec//p102/audioseal/sample_9/watermarked_auditorium_recording_Yeti_Stereo_Microphone.wav,audioseal,0.3125
auditorium,p102,/media/storage/hadleigh/stegaphone_data/final_rec//p102/audioseal/sample_9/watermarked_auditorium_recording_iPhone_Microphone.wav,audioseal,0.4375
auditorium,p102,/media/storage/hadleigh/stegaphone_data/final_rec//p102/audioseal/sample_9/watermarked_auditorium_recording_Fifine_USB_PnP_Audio_Device.wav,audioseal,0.1875
auditorium,p102,/media/storage/hadleigh/stegaphone_data/final_rec//p102/audioseal/sample_9/watermarked_auditorium_recording_USB_Lavalier_Microphone.wav,audioseal,0.3750
auditorium,p102,/media/storage/hadleigh/stegaphone_data/final_rec//p102/audioseal/sample_6/watermarked_auditorium_recording_Yeti_Stereo_Microphone.wav,audioseal,0.3750
auditorium,p102,/media/storage/hadleigh/stegaphone_data/final_rec//p102/audioseal/sample_6/watermarked_auditorium_recording_iPhone_Microphone.wav,audioseal,0.5625
auditorium,p102,/media/storage/hadleigh/stegaphone_data/final_rec//p102/audioseal/sample_6/watermarked_auditorium_recording_Fifine_USB_PnP_Audio_Device.wav,audioseal,0.5625
auditorium,p102,/media/storage/hadleigh/stegaphone_data/final_rec//p102/audioseal/sample_6/watermarked_auditorium_recording_USB_Lavalier_Microphone.wav,audioseal,0.5000
auditorium,p102,/media/storage/hadleigh/stegaphone_data/final_rec//p102/audioseal/sample_1/watermarked_auditorium_recording_Yeti_Stereo_Microphone.wav,audioseal,0.4375
auditorium,p102,/media/storage/hadleigh/stegaphone_data/final_rec//p102/audioseal/sample_1/watermarked_auditorium_recording_iPhone_Microphone.wav,audioseal,0.2500
auditorium,p102,/media/storage/hadleigh/stegaphone_data/final_rec//p102/audioseal/sample_1/watermarked_auditorium_recording_Fifine_USB_PnP_Audio_Device.wav,audioseal,0.4375
auditorium,p102,/media/storage/hadleigh/stegaphone_data/final_rec//p102/audioseal/sample_1/watermarked_auditorium_recording_USB_Lavalier_Microphone.wav,audioseal,0.3750
auditorium,p103,/media/storage/hadleigh/stegaphone_data/final_rec//p103/audioseal/sample_7/watermarked_auditorium_recording_Yeti_Stereo_Microphone.wav,audioseal,0.3125
auditorium,p103,/media/storage/hadleigh/stegaphone_data/final_rec//p103/audioseal/sample_7/watermarked_auditorium_recording_iPhone_Microphone.wav,audioseal,0.2500
auditorium,p103,/media/storage/hadleigh/stegaphone_data/final_rec//p103/audioseal/sample_7/watermarked_auditorium_recording_Fifine_USB_PnP_Audio_Device.wav,audioseal,0.3750
auditorium,p103,/media/storage/hadleigh/stegaphone_data/final_rec//p103/audioseal/sample_7/watermarked_auditorium_recording_USB_Lavalier_Microphone.wav,audioseal,0.3750
auditorium,p103,/media/storage/hadleigh/stegaphone_data/final_rec//p103/audioseal/sample_2/watermarked_auditorium_recording_Yeti_Stereo_Microphone.wav,audioseal,0.5000
auditorium,p103,/media/storage/hadleigh/stegaphone_data/final_rec//p103/audioseal/sample_2/watermarked_auditorium_recording_iPhone_Microphone.wav,audioseal,0.4375
auditorium,p103,/media/storage/hadleigh/stegaphone_data/final_rec//p103/audioseal/sample_2/watermarked_auditorium_recording_Fifine_USB_PnP_Audio_Device.wav,audioseal,0.4375
auditorium,p103,/media/storage/hadleigh/stegaphone_data/final_rec//p103/audioseal/sample_2/watermarked_auditorium_recording_USB_Lavalier_Microphone.wav,audioseal,0.5000
auditorium,p103,/media/storage/hadleigh/stegaphone_data/final_rec//p103/audioseal/sample_3/watermarked_auditorium_recording_Yeti_Stereo_Microphone.wav,audioseal,0.7500
auditorium,p103,/media/storage/hadleigh/stegaphone_data/final_rec//p103/audioseal/sample_3/watermarked_auditorium_recording_iPhone_Microphone.wav,audioseal,0.5000
auditorium,p103,/media/storage/hadleigh/stegaphone_data/final_rec//p103/audioseal/sample_3/watermarked_auditorium_recording_Fifine_USB_PnP_Audio_Device.wav,audioseal,0.6250
auditorium,p103,/media/storage/hadleigh/stegaphone_data/final_rec//p103/audioseal/sample_3/watermarked_auditorium_recording_USB_Lavalier_Microphone.wav,audioseal,0.6875
auditorium,p103,/media/storage/hadleigh/stegaphone_data/final_rec//p103/audioseal/sample_5/watermarked_auditorium_recording_Yeti_Stereo_Microphone.wav,audioseal,0.5000
auditorium,p103,/media/storage/hadleigh/stegaphone_data/final_rec//p103/audioseal/sample_5/watermarked_auditorium_recording_iPhone_Microphone.wav,audioseal,0.5000
auditorium,p103,/media/storage/hadleigh/stegaphone_data/final_rec//p103/audioseal/sample_5/watermarked_auditorium_recording_Fifine_USB_PnP_Audio_Device.wav,audioseal,0.3750
auditorium,p103,/media/storage/hadleigh/stegaphone_data/final_rec//p103/audioseal/sample_5/watermarked_auditorium_recording_USB_Lavalier_Microphone.wav,audioseal,0.3750
auditorium,p103,/media/storage/hadleigh/stegaphone_data/final_rec//p103/audioseal/sample_8/watermarked_auditorium_recording_Yeti_Stereo_Microphone.wav,audioseal,0.4375
auditorium,p103,/media/storage/hadleigh/stegaphone_data/final_rec//p103/audioseal/sample_8/watermarked_auditorium_recording_iPhone_Microphone.wav,audioseal,0.5000
auditorium,p103,/media/storage/hadleigh/stegaphone_data/final_rec//p103/audioseal/sample_8/watermarked_auditorium_recording_Fifine_USB_PnP_Audio_Device.wav,audioseal,0.3750
auditorium,p103,/media/storage/hadleigh/stegaphone_data/final_rec//p103/audioseal/sample_8/watermarked_auditorium_recording_USB_Lavalier_Microphone.wav,audioseal,0.5000
auditorium,p103,/media/storage/hadleigh/stegaphone_data/final_rec//p103/audioseal/sample_10/watermarked_auditorium_recording_Yeti_Stereo_Microphone.wav,audioseal,0.5625
auditorium,p103,/media/storage/hadleigh/stegaphone_data/final_rec//p103/audioseal/sample_10/watermarked_auditorium_recording_iPhone_Microphone.wav,audioseal,0.5000
auditorium,p103,/media/storage/hadleigh/stegaphone_data/final_rec//p103/audioseal/sample_10/watermarked_auditorium_recording_Fifine_USB_PnP_Audio_Device.wav,audioseal,0.3750
auditorium,p103,/media/storage/hadleigh/stegaphone_data/final_rec//p103/audioseal/sample_10/watermarked_auditorium_recording_USB_Lavalier_Microphone.wav,audioseal,0.6875
auditorium,p103,/media/storage/hadleigh/stegaphone_data/final_rec//p103/audioseal/sample_4/watermarked_auditorium_recording_Yeti_Stereo_Microphone.wav,audioseal,0.5000
auditorium,p103,/media/storage/hadleigh/stegaphone_data/final_rec//p103/audioseal/sample_4/watermarked_auditorium_recording_iPhone_Microphone.wav,audioseal,0.6250
auditorium,p103,/media/storage/hadleigh/stegaphone_data/final_rec//p103/audioseal/sample_4/watermarked_auditorium_recording_Fifine_USB_PnP_Audio_Device.wav,audioseal,0.5625
auditorium,p103,/media/storage/hadleigh/stegaphone_data/final_rec//p103/audioseal/sample_4/watermarked_auditorium_recording_USB_Lavalier_Microphone.wav,audioseal,0.5625
auditorium,p103,/media/storage/hadleigh/stegaphone_data/final_rec//p103/audioseal/sample_9/watermarked_auditorium_recording_Yeti_Stereo_Microphone.wav,audioseal,0.4375
auditorium,p103,/media/storage/hadleigh/stegaphone_data/final_rec//p103/audioseal/sample_9/watermarked_auditorium_recording_iPhone_Microphone.wav,audioseal,0.5000
auditorium,p103,/media/storage/hadleigh/stegaphone_data/final_rec//p103/audioseal/sample_9/watermarked_auditorium_recording_Fifine_USB_PnP_Audio_Device.wav,audioseal,0.3125
auditorium,p103,/media/storage/hadleigh/stegaphone_data/final_rec//p103/audioseal/sample_9/watermarked_auditorium_recording_USB_Lavalier_Microphone.wav,audioseal,0.5000
auditorium,p103,/media/storage/hadleigh/stegaphone_data/final_rec//p103/audioseal/sample_6/watermarked_auditorium_recording_Yeti_Stereo_Microphone.wav,audioseal,0.5000
auditorium,p103,/media/storage/hadleigh/stegaphone_data/final_rec//p103/audioseal/sample_6/watermarked_auditorium_recording_iPhone_Microphone.wav,audioseal,0.5000
auditorium,p103,/media/storage/hadleigh/stegaphone_data/final_rec//p103/audioseal/sample_6/watermarked_auditorium_recording_Fifine_USB_PnP_Audio_Device.wav,audioseal,0.3125
auditorium,p103,/media/storage/hadleigh/stegaphone_data/final_rec//p103/audioseal/sample_6/watermarked_auditorium_recording_USB_Lavalier_Microphone.wav,audioseal,0.5000
auditorium,p103,/media/storage/hadleigh/stegaphone_data/final_rec//p103/audioseal/sample_1/watermarked_auditorium_recording_Yeti_Stereo_Microphone.wav,audioseal,0.5000
auditorium,p103,/media/storage/hadleigh/stegaphone_data/final_rec//p103/audioseal/sample_1/watermarked_auditorium_recording_iPhone_Microphone.wav,audioseal,0.4375
auditorium,p103,/media/storage/hadleigh/stegaphone_data/final_rec//p103/audioseal/sample_1/watermarked_auditorium_recording_Fifine_USB_PnP_Audio_Device.wav,audioseal,0.3750
auditorium,p103,/media/storage/hadleigh/stegaphone_data/final_rec//p103/audioseal/sample_1/watermarked_auditorium_recording_USB_Lavalier_Microphone.wav,audioseal,0.5625
auditorium,p104,/media/storage/hadleigh/stegaphone_data/final_rec//p104/audioseal/sample_7/watermarked_auditorium_recording_Yeti_Stereo_Microphone.wav,audioseal,0.3750
auditorium,p104,/media/storage/hadleigh/stegaphone_data/final_rec//p104/audioseal/sample_7/watermarked_auditorium_recording_iPhone_Microphone.wav,audioseal,0.7500
auditorium,p104,/media/storage/hadleigh/stegaphone_data/final_rec//p104/audioseal/sample_7/watermarked_auditorium_recording_Fifine_USB_PnP_Audio_Device.wav,audioseal,0.3125
auditorium,p104,/media/storage/hadleigh/stegaphone_data/final_rec//p104/audioseal/sample_7/watermarked_auditorium_recording_USB_Lavalier_Microphone.wav,audioseal,0.5000
auditorium,p104,/media/storage/hadleigh/stegaphone_data/final_rec//p104/audioseal/sample_2/watermarked_auditorium_recording_Yeti_Stereo_Microphone.wav,audioseal,0.3750
auditorium,p104,/media/storage/hadleigh/stegaphone_data/final_rec//p104/audioseal/sample_2/watermarked_auditorium_recording_iPhone_Microphone.wav,audioseal,0.7500
auditorium,p104,/media/storage/hadleigh/stegaphone_data/final_rec//p104/audioseal/sample_2/watermarked_auditorium_recording_Fifine_USB_PnP_Audio_Device.wav,audioseal,0.5625
auditorium,p104,/media/storage/hadleigh/stegaphone_data/final_rec//p104/audioseal/sample_2/watermarked_auditorium_recording_USB_Lavalier_Microphone.wav,audioseal,0.3750
auditorium,p104,/media/storage/hadleigh/stegaphone_data/final_rec//p104/audioseal/sample_3/watermarked_auditorium_recording_Yeti_Stereo_Microphone.wav,audioseal,0.5000
auditorium,p104,/media/storage/hadleigh/stegaphone_data/final_rec//p104/audioseal/sample_3/watermarked_auditorium_recording_iPhone_Microphone.wav,audioseal,0.4375
auditorium,p104,/media/storage/hadleigh/stegaphone_data/final_rec//p104/audioseal/sample_3/watermarked_auditorium_recording_Fifine_USB_PnP_Audio_Device.wav,audioseal,0.5000
auditorium,p104,/media/storage/hadleigh/stegaphone_data/final_rec//p104/audioseal/sample_3/watermarked_auditorium_recording_USB_Lavalier_Microphone.wav,audioseal,0.3125
auditorium,p104,/media/storage/hadleigh/stegaphone_data/final_rec//p104/audioseal/sample_5/watermarked_auditorium_recording_Yeti_Stereo_Microphone.wav,audioseal,0.6875
auditorium,p104,/media/storage/hadleigh/stegaphone_data/final_rec//p104/audioseal/sample_5/watermarked_auditorium_recording_iPhone_Microphone.wav,audioseal,0.7500
auditorium,p104,/media/storage/hadleigh/stegaphone_data/final_rec//p104/audioseal/sample_5/watermarked_auditorium_recording_Fifine_USB_PnP_Audio_Device.wav,audioseal,0.5000
auditorium,p104,/media/storage/hadleigh/stegaphone_data/final_rec//p104/audioseal/sample_5/watermarked_auditorium_recording_USB_Lavalier_Microphone.wav,audioseal,0.7500
auditorium,p104,/media/storage/hadleigh/stegaphone_data/final_rec//p104/audioseal/sample_8/watermarked_auditorium_recording_Yeti_Stereo_Microphone.wav,audioseal,0.5625
auditorium,p104,/media/storage/hadleigh/stegaphone_data/final_rec//p104/audioseal/sample_8/watermarked_auditorium_recording_iPhone_Microphone.wav,audioseal,0.6250
auditorium,p104,/media/storage/hadleigh/stegaphone_data/final_rec//p104/audioseal/sample_8/watermarked_auditorium_recording_Fifine_USB_PnP_Audio_Device.wav,audioseal,0.3125
auditorium,p104,/media/storage/hadleigh/stegaphone_data/final_rec//p104/audioseal/sample_8/watermarked_auditorium_recording_USB_Lavalier_Microphone.wav,audioseal,0.5000
auditorium,p104,/media/storage/hadleigh/stegaphone_data/final_rec//p104/audioseal/sample_10/watermarked_auditorium_recording_Yeti_Stereo_Microphone.wav,audioseal,0.5625
auditorium,p104,/media/storage/hadleigh/stegaphone_data/final_rec//p104/audioseal/sample_10/watermarked_auditorium_recording_iPhone_Microphone.wav,audioseal,0.5000
auditorium,p104,/media/storage/hadleigh/stegaphone_data/final_rec//p104/audioseal/sample_10/watermarked_auditorium_recording_Fifine_USB_PnP_Audio_Device.wav,audioseal,0.4375
auditorium,p104,/media/storage/hadleigh/stegaphone_data/final_rec//p104/audioseal/sample_10/watermarked_auditorium_recording_USB_Lavalier_Microphone.wav,audioseal,0.3750
auditorium,p104,/media/storage/hadleigh/stegaphone_data/final_rec//p104/audioseal/sample_4/watermarked_auditorium_recording_Yeti_Stereo_Microphone.wav,audioseal,0.5000
auditorium,p104,/media/storage/hadleigh/stegaphone_data/final_rec//p104/audioseal/sample_4/watermarked_auditorium_recording_iPhone_Microphone.wav,audioseal,0.7500
auditorium,p104,/media/storage/hadleigh/stegaphone_data/final_rec//p104/audioseal/sample_4/watermarked_auditorium_recording_Fifine_USB_PnP_Audio_Device.wav,audioseal,0.3125
auditorium,p104,/media/storage/hadleigh/stegaphone_data/final_rec//p104/audioseal/sample_4/watermarked_auditorium_recording_USB_Lavalier_Microphone.wav,audioseal,0.8750
auditorium,p104,/media/storage/hadleigh/stegaphone_data/final_rec//p104/audioseal/sample_6/watermarked_auditorium_recording_Yeti_Stereo_Microphone.wav,audioseal,0.5000
auditorium,p104,/media/storage/hadleigh/stegaphone_data/final_rec//p104/audioseal/sample_6/watermarked_auditorium_recording_iPhone_Microphone.wav,audioseal,0.5000
auditorium,p104,/media/storage/hadleigh/stegaphone_data/final_rec//p104/audioseal/sample_6/watermarked_auditorium_recording_Fifine_USB_PnP_Audio_Device.wav,audioseal,0.5625
auditorium,p104,/media/storage/hadleigh/stegaphone_data/final_rec//p104/audioseal/sample_6/watermarked_auditorium_recording_USB_Lavalier_Microphone.wav,audioseal,0.4375
auditorium,p104,/media/storage/hadleigh/stegaphone_data/final_rec//p104/audioseal/sample_1/watermarked_auditorium_recording_Yeti_Stereo_Microphone.wav,audioseal,0.3750
auditorium,p104,/media/storage/hadleigh/stegaphone_data/final_rec//p104/audioseal/sample_1/watermarked_auditorium_recording_iPhone_Microphone.wav,audioseal,0.5625
auditorium,p104,/media/storage/hadleigh/stegaphone_data/final_rec//p104/audioseal/sample_1/watermarked_auditorium_recording_Fifine_USB_PnP_Audio_Device.wav,audioseal,0.3125
auditorium,p104,/media/storage/hadleigh/stegaphone_data/final_rec//p104/audioseal/sample_1/watermarked_auditorium_recording_USB_Lavalier_Microphone.wav,audioseal,0.5000
auditorium,p105,/media/storage/hadleigh/stegaphone_data/final_rec//p105/audioseal/sample_7/watermarked_auditorium_recording_Yeti_Stereo_Microphone.wav,audioseal,0.3750
auditorium,p105,/media/storage/hadleigh/stegaphone_data/final_rec//p105/audioseal/sample_7/watermarked_auditorium_recording_iPhone_Microphone.wav,audioseal,0.4375
auditorium,p105,/media/storage/hadleigh/stegaphone_data/final_rec//p105/audioseal/sample_7/watermarked_auditorium_recording_Fifine_USB_PnP_Audio_Device.wav,audioseal,0.2500
auditorium,p105,/media/storage/hadleigh/stegaphone_data/final_rec//p105/audioseal/sample_7/watermarked_auditorium_recording_USB_Lavalier_Microphone.wav,audioseal,0.3750
auditorium,p105,/media/storage/hadleigh/stegaphone_data/final_rec//p105/audioseal/sample_2/watermarked_auditorium_recording_Yeti_Stereo_Microphone.wav,audioseal,0.3750
auditorium,p105,/media/storage/hadleigh/stegaphone_data/final_rec//p105/audioseal/sample_2/watermarked_auditorium_recording_iPhone_Microphone.wav,audioseal,0.5000
auditorium,p105,/media/storage/hadleigh/stegaphone_data/final_rec//p105/audioseal/sample_2/watermarked_auditorium_recording_Fifine_USB_PnP_Audio_Device.wav,audioseal,0.2500
auditorium,p105,/media/storage/hadleigh/stegaphone_data/final_rec//p105/audioseal/sample_2/watermarked_auditorium_recording_USB_Lavalier_Microphone.wav,audioseal,0.3750
auditorium,p105,/media/storage/hadleigh/stegaphone_data/final_rec//p105/audioseal/sample_3/watermarked_auditorium_recording_Yeti_Stereo_Microphone.wav,audioseal,0.4375
auditorium,p105,/media/storage/hadleigh/stegaphone_data/final_rec//p105/audioseal/sample_3/watermarked_auditorium_recording_iPhone_Microphone.wav,audioseal,0.5000
auditorium,p105,/media/storage/hadleigh/stegaphone_data/final_rec//p105/audioseal/sample_3/watermarked_auditorium_recording_Fifine_USB_PnP_Audio_Device.wav,audioseal,0.5000
auditorium,p105,/media/storage/hadleigh/stegaphone_data/final_rec//p105/audioseal/sample_3/watermarked_auditorium_recording_USB_Lavalier_Microphone.wav,audioseal,0.3750
auditorium,p105,/media/storage/hadleigh/stegaphone_data/final_rec//p105/audioseal/sample_5/watermarked_auditorium_recording_Yeti_Stereo_Microphone.wav,audioseal,0.6875
auditorium,p105,/media/storage/hadleigh/stegaphone_data/final_rec//p105/audioseal/sample_5/watermarked_auditorium_recording_iPhone_Microphone.wav,audioseal,0.3125
auditorium,p105,/media/storage/hadleigh/stegaphone_data/final_rec//p105/audioseal/sample_5/watermarked_auditorium_recording_Fifine_USB_PnP_Audio_Device.wav,audioseal,0.6250
auditorium,p105,/media/storage/hadleigh/stegaphone_data/final_rec//p105/audioseal/sample_5/watermarked_auditorium_recording_USB_Lavalier_Microphone.wav,audioseal,0.6875
auditorium,p105,/media/storage/hadleigh/stegaphone_data/final_rec//p105/audioseal/sample_8/watermarked_auditorium_recording_Yeti_Stereo_Microphone.wav,audioseal,0.6250
auditorium,p105,/media/storage/hadleigh/stegaphone_data/final_rec//p105/audioseal/sample_8/watermarked_auditorium_recording_iPhone_Microphone.wav,audioseal,0.3750
auditorium,p105,/media/storage/hadleigh/stegaphone_data/final_rec//p105/audioseal/sample_8/watermarked_auditorium_recording_Fifine_USB_PnP_Audio_Device.wav,audioseal,0.3750
auditorium,p105,/media/storage/hadleigh/stegaphone_data/final_rec//p105/audioseal/sample_8/watermarked_auditorium_recording_USB_Lavalier_Microphone.wav,audioseal,0.3125
auditorium,p105,/media/storage/hadleigh/stegaphone_data/final_rec//p105/audioseal/sample_10/watermarked_auditorium_recording_Yeti_Stereo_Microphone.wav,audioseal,0.3750
auditorium,p105,/media/storage/hadleigh/stegaphone_data/final_rec//p105/audioseal/sample_10/watermarked_auditorium_recording_iPhone_Microphone.wav,audioseal,0.3125
auditorium,p105,/media/storage/hadleigh/stegaphone_data/final_rec//p105/audioseal/sample_10/watermarked_auditorium_recording_Fifine_USB_PnP_Audio_Device.wav,audioseal,0.2500
auditorium,p105,/media/storage/hadleigh/stegaphone_data/final_rec//p105/audioseal/sample_10/watermarked_auditorium_recording_USB_Lavalier_Microphone.wav,audioseal,0.3125
auditorium,p105,/media/storage/hadleigh/stegaphone_data/final_rec//p105/audioseal/sample_4/watermarked_auditorium_recording_Yeti_Stereo_Microphone.wav,audioseal,0.3750
auditorium,p105,/media/storage/hadleigh/stegaphone_data/final_rec//p105/audioseal/sample_4/watermarked_auditorium_recording_iPhone_Microphone.wav,audioseal,0.3750
auditorium,p105,/media/storage/hadleigh/stegaphone_data/final_rec//p105/audioseal/sample_4/watermarked_auditorium_recording_Fifine_USB_PnP_Audio_Device.wav,audioseal,0.4375
auditorium,p105,/media/storage/hadleigh/stegaphone_data/final_rec//p105/audioseal/sample_4/watermarked_auditorium_recording_USB_Lavalier_Microphone.wav,audioseal,0.3750
auditorium,p105,/media/storage/hadleigh/stegaphone_data/final_rec//p105/audioseal/sample_9/watermarked_auditorium_recording_Yeti_Stereo_Microphone.wav,audioseal,0.3750
auditorium,p105,/media/storage/hadleigh/stegaphone_data/final_rec//p105/audioseal/sample_9/watermarked_auditorium_recording_iPhone_Microphone.wav,audioseal,0.5625
auditorium,p105,/media/storage/hadleigh/stegaphone_data/final_rec//p105/audioseal/sample_9/watermarked_auditorium_recording_Fifine_USB_PnP_Audio_Device.wav,audioseal,0.5625
auditorium,p105,/media/storage/hadleigh/stegaphone_data/final_rec//p105/audioseal/sample_9/watermarked_auditorium_recording_USB_Lavalier_Microphone.wav,audioseal,0.5000
auditorium,p105,/media/storage/hadleigh/stegaphone_data/final_rec//p105/audioseal/sample_6/watermarked_auditorium_recording_Yeti_Stereo_Microphone.wav,audioseal,0.3750
auditorium,p105,/media/storage/hadleigh/stegaphone_data/final_rec//p105/audioseal/sample_6/watermarked_auditorium_recording_iPhone_Microphone.wav,audioseal,0.4375
auditorium,p105,/media/storage/hadleigh/stegaphone_data/final_rec//p105/audioseal/sample_6/watermarked_auditorium_recording_Fifine_USB_PnP_Audio_Device.wav,audioseal,0.6250
auditorium,p105,/media/storage/hadleigh/stegaphone_data/final_rec//p105/audioseal/sample_6/watermarked_auditorium_recording_USB_Lavalier_Microphone.wav,audioseal,0.6250
auditorium,p105,/media/storage/hadleigh/stegaphone_data/final_rec//p105/audioseal/sample_1/watermarked_auditorium_recording_Yeti_Stereo_Microphone.wav,audioseal,0.5000
auditorium,p105,/media/storage/hadleigh/stegaphone_data/final_rec//p105/audioseal/sample_1/watermarked_auditorium_recording_iPhone_Microphone.wav,audioseal,0.6250
auditorium,p105,/media/storage/hadleigh/stegaphone_data/final_rec//p105/audioseal/sample_1/watermarked_auditorium_recording_Fifine_USB_PnP_Audio_Device.wav,audioseal,0.4375
auditorium,p105,/media/storage/hadleigh/stegaphone_data/final_rec//p105/audioseal/sample_1/watermarked_auditorium_recording_USB_Lavalier_Microphone.wav,audioseal,0.5625
auditorium,p106,/media/storage/hadleigh/stegaphone_data/final_rec//p106/audioseal/sample_7/watermarked_auditorium_recording_Yeti_Stereo_Microphone.wav,audioseal,0.6875
auditorium,p106,/media/storage/hadleigh/stegaphone_data/final_rec//p106/audioseal/sample_7/watermarked_auditorium_recording_iPhone_Microphone.wav,audioseal,0.7500
auditorium,p106,/media/storage/hadleigh/stegaphone_data/final_rec//p106/audioseal/sample_7/watermarked_auditorium_recording_Fifine_USB_PnP_Audio_Device.wav,audioseal,0.6250
auditorium,p106,/media/storage/hadleigh/stegaphone_data/final_rec//p106/audioseal/sample_7/watermarked_auditorium_recording_USB_Lavalier_Microphone.wav,audioseal,0.6250
auditorium,p106,/media/storage/hadleigh/stegaphone_data/final_rec//p106/audioseal/sample_2/watermarked_auditorium_recording_Yeti_Stereo_Microphone.wav,audioseal,0.5625
auditorium,p106,/media/storage/hadleigh/stegaphone_data/final_rec//p106/audioseal/sample_2/watermarked_auditorium_recording_iPhone_Microphone.wav,audioseal,0.6250
auditorium,p106,/media/storage/hadleigh/stegaphone_data/final_rec//p106/audioseal/sample_2/watermarked_auditorium_recording_Fifine_USB_PnP_Audio_Device.wav,audioseal,0.5000
auditorium,p106,/media/storage/hadleigh/stegaphone_data/final_rec//p106/audioseal/sample_2/watermarked_auditorium_recording_USB_Lavalier_Microphone.wav,audioseal,0.6250
auditorium,p106,/media/storage/hadleigh/stegaphone_data/final_rec//p106/audioseal/sample_3/watermarked_auditorium_recording_Yeti_Stereo_Microphone.wav,audioseal,0.5625
auditorium,p106,/media/storage/hadleigh/stegaphone_data/final_rec//p106/audioseal/sample_3/watermarked_auditorium_recording_iPhone_Microphone.wav,audioseal,0.5000
auditorium,p106,/media/storage/hadleigh/stegaphone_data/final_rec//p106/audioseal/sample_3/watermarked_auditorium_recording_Fifine_USB_PnP_Audio_Device.wav,audioseal,0.4375
auditorium,p106,/media/storage/hadleigh/stegaphone_data/final_rec//p106/audioseal/sample_3/watermarked_auditorium_recording_USB_Lavalier_Microphone.wav,audioseal,0.5625
auditorium,p106,/media/storage/hadleigh/stegaphone_data/final_rec//p106/audioseal/sample_5/watermarked_auditorium_recording_Yeti_Stereo_Microphone.wav,audioseal,0.5000
auditorium,p106,/media/storage/hadleigh/stegaphone_data/final_rec//p106/audioseal/sample_5/watermarked_auditorium_recording_iPhone_Microphone.wav,audioseal,0.6250
auditorium,p106,/media/storage/hadleigh/stegaphone_data/final_rec//p106/audioseal/sample_5/watermarked_auditorium_recording_Fifine_USB_PnP_Audio_Device.wav,audioseal,0.6875
auditorium,p106,/media/storage/hadleigh/stegaphone_data/final_rec//p106/audioseal/sample_5/watermarked_auditorium_recording_USB_Lavalier_Microphone.wav,audioseal,0.5000
auditorium,p106,/media/storage/hadleigh/stegaphone_data/final_rec//p106/audioseal/sample_8/watermarked_auditorium_recording_Yeti_Stereo_Microphone.wav,audioseal,0.4375
auditorium,p106,/media/storage/hadleigh/stegaphone_data/final_rec//p106/audioseal/sample_8/watermarked_auditorium_recording_iPhone_Microphone.wav,audioseal,0.6875
auditorium,p106,/media/storage/hadleigh/stegaphone_data/final_rec//p106/audioseal/sample_8/watermarked_auditorium_recording_Fifine_USB_PnP_Audio_Device.wav,audioseal,0.6250
auditorium,p106,/media/storage/hadleigh/stegaphone_data/final_rec//p106/audioseal/sample_8/watermarked_auditorium_recording_USB_Lavalier_Microphone.wav,audioseal,0.6250
auditorium,p106,/media/storage/hadleigh/stegaphone_data/final_rec//p106/audioseal/sample_10/watermarked_auditorium_recording_Yeti_Stereo_Microphone.wav,audioseal,0.6250
auditorium,p106,/media/storage/hadleigh/stegaphone_data/final_rec//p106/audioseal/sample_10/watermarked_auditorium_recording_iPhone_Microphone.wav,audioseal,0.6250
auditorium,p106,/media/storage/hadleigh/stegaphone_data/final_rec//p106/audioseal/sample_10/watermarked_auditorium_recording_Fifine_USB_PnP_Audio_Device.wav,audioseal,0.6250
auditorium,p106,/media/storage/hadleigh/stegaphone_data/final_rec//p106/audioseal/sample_10/watermarked_auditorium_recording_USB_Lavalier_Microphone.wav,audioseal,0.6250
auditorium,p106,/media/storage/hadleigh/stegaphone_data/final_rec//p106/audioseal/sample_4/watermarked_auditorium_recording_Yeti_Stereo_Microphone.wav,audioseal,0.5625
auditorium,p106,/media/storage/hadleigh/stegaphone_data/final_rec//p106/audioseal/sample_4/watermarked_auditorium_recording_iPhone_Microphone.wav,audioseal,0.6250
auditorium,p106,/media/storage/hadleigh/stegaphone_data/final_rec//p106/audioseal/sample_4/watermarked_auditorium_recording_Fifine_USB_PnP_Audio_Device.wav,audioseal,0.5000
auditorium,p106,/media/storage/hadleigh/stegaphone_data/final_rec//p106/audioseal/sample_4/watermarked_auditorium_recording_USB_Lavalier_Microphone.wav,audioseal,0.5000
auditorium,p106,/media/storage/hadleigh/stegaphone_data/final_rec//p106/audioseal/sample_9/watermarked_auditorium_recording_Yeti_Stereo_Microphone.wav,audioseal,0.5000
auditorium,p106,/media/storage/hadleigh/stegaphone_data/final_rec//p106/audioseal/sample_9/watermarked_auditorium_recording_iPhone_Microphone.wav,audioseal,0.4375
auditorium,p106,/media/storage/hadleigh/stegaphone_data/final_rec//p106/audioseal/sample_9/watermarked_auditorium_recording_Fifine_USB_PnP_Audio_Device.wav,audioseal,0.5625
auditorium,p106,/media/storage/hadleigh/stegaphone_data/final_rec//p106/audioseal/sample_9/watermarked_auditorium_recording_USB_Lavalier_Microphone.wav,audioseal,0.4375
auditorium,p106,/media/storage/hadleigh/stegaphone_data/final_rec//p106/audioseal/sample_6/watermarked_auditorium_recording_Yeti_Stereo_Microphone.wav,audioseal,0.4375
auditorium,p106,/media/storage/hadleigh/stegaphone_data/final_rec//p106/audioseal/sample_6/watermarked_auditorium_recording_iPhone_Microphone.wav,audioseal,0.5000
auditorium,p106,/media/storage/hadleigh/stegaphone_data/final_rec//p106/audioseal/sample_6/watermarked_auditorium_recording_Fifine_USB_PnP_Audio_Device.wav,audioseal,0.4375
auditorium,p106,/media/storage/hadleigh/stegaphone_data/final_rec//p106/audioseal/sample_6/watermarked_auditorium_recording_USB_Lavalier_Microphone.wav,audioseal,0.4375
auditorium,p106,/media/storage/hadleigh/stegaphone_data/final_rec//p106/audioseal/sample_1/watermarked_auditorium_recording_Yeti_Stereo_Microphone.wav,audioseal,0.3750
auditorium,p106,/media/storage/hadleigh/stegaphone_data/final_rec//p106/audioseal/sample_1/watermarked_auditorium_recording_iPhone_Microphone.wav,audioseal,0.4375
auditorium,p106,/media/storage/hadleigh/stegaphone_data/final_rec//p106/audioseal/sample_1/watermarked_auditorium_recording_Fifine_USB_PnP_Audio_Device.wav,audioseal,0.0625
auditorium,p106,/media/storage/hadleigh/stegaphone_data/final_rec//p106/audioseal/sample_1/watermarked_auditorium_recording_USB_Lavalier_Microphone.wav,audioseal,0.6250
auditorium,p107,/media/storage/hadleigh/stegaphone_data/final_rec//p107/audioseal/sample_7/watermarked_auditorium_recording_Yeti_Stereo_Microphone.wav,audioseal,0.6250
auditorium,p107,/media/storage/hadleigh/stegaphone_data/final_rec//p107/audioseal/sample_7/watermarked_auditorium_recording_iPhone_Microphone.wav,audioseal,0.3750
auditorium,p107,/media/storage/hadleigh/stegaphone_data/final_rec//p107/audioseal/sample_7/watermarked_auditorium_recording_Fifine_USB_PnP_Audio_Device.wav,audioseal,0.5000
auditorium,p107,/media/storage/hadleigh/stegaphone_data/final_rec//p107/audioseal/sample_7/watermarked_auditorium_recording_USB_Lavalier_Microphone.wav,audioseal,0.6250
auditorium,p107,/media/storage/hadleigh/stegaphone_data/final_rec//p107/audioseal/sample_2/watermarked_auditorium_recording_Yeti_Stereo_Microphone.wav,audioseal,0.5625
auditorium,p107,/media/storage/hadleigh/stegaphone_data/final_rec//p107/audioseal/sample_2/watermarked_auditorium_recording_iPhone_Microphone.wav,audioseal,0.5000
auditorium,p107,/media/storage/hadleigh/stegaphone_data/final_rec//p107/audioseal/sample_2/watermarked_auditorium_recording_Fifine_USB_PnP_Audio_Device.wav,audioseal,0.7500
auditorium,p107,/media/storage/hadleigh/stegaphone_data/final_rec//p107/audioseal/sample_2/watermarked_auditorium_recording_USB_Lavalier_Microphone.wav,audioseal,0.5000
auditorium,p107,/media/storage/hadleigh/stegaphone_data/final_rec//p107/audioseal/sample_3/watermarked_auditorium_recording_Yeti_Stereo_Microphone.wav,audioseal,0.5625
auditorium,p107,/media/storage/hadleigh/stegaphone_data/final_rec//p107/audioseal/sample_3/watermarked_auditorium_recording_iPhone_Microphone.wav,audioseal,0.5625
auditorium,p107,/media/storage/hadleigh/stegaphone_data/final_rec//p107/audioseal/sample_3/watermarked_auditorium_recording_Fifine_USB_PnP_Audio_Device.wav,audioseal,0.5625
auditorium,p107,/media/storage/hadleigh/stegaphone_data/final_rec//p107/audioseal/sample_3/watermarked_auditorium_recording_USB_Lavalier_Microphone.wav,audioseal,0.6250
auditorium,p107,/media/storage/hadleigh/stegaphone_data/final_rec//p107/audioseal/sample_5/watermarked_auditorium_recording_Yeti_Stereo_Microphone.wav,audioseal,0.3750
auditorium,p107,/media/storage/hadleigh/stegaphone_data/final_rec//p107/audioseal/sample_5/watermarked_auditorium_recording_iPhone_Microphone.wav,audioseal,0.5000
auditorium,p107,/media/storage/hadleigh/stegaphone_data/final_rec//p107/audioseal/sample_5/watermarked_auditorium_recording_Fifine_USB_PnP_Audio_Device.wav,audioseal,0.4375
auditorium,p107,/media/storage/hadleigh/stegaphone_data/final_rec//p107/audioseal/sample_5/watermarked_auditorium_recording_USB_Lavalier_Microphone.wav,audioseal,0.4375
auditorium,p107,/media/storage/hadleigh/stegaphone_data/final_rec//p107/audioseal/sample_8/watermarked_auditorium_recording_Yeti_Stereo_Microphone.wav,audioseal,0.3750
auditorium,p107,/media/storage/hadleigh/stegaphone_data/final_rec//p107/audioseal/sample_8/watermarked_auditorium_recording_iPhone_Microphone.wav,audioseal,0.2500
auditorium,p107,/media/storage/hadleigh/stegaphone_data/final_rec//p107/audioseal/sample_8/watermarked_auditorium_recording_Fifine_USB_PnP_Audio_Device.wav,audioseal,0.1875
auditorium,p107,/media/storage/hadleigh/stegaphone_data/final_rec//p107/audioseal/sample_8/watermarked_auditorium_recording_USB_Lavalier_Microphone.wav,audioseal,0.4375
auditorium,p107,/media/storage/hadleigh/stegaphone_data/final_rec//p107/audioseal/sample_10/watermarked_auditorium_recording_Yeti_Stereo_Microphone.wav,audioseal,0.3750
auditorium,p107,/media/storage/hadleigh/stegaphone_data/final_rec//p107/audioseal/sample_10/watermarked_auditorium_recording_iPhone_Microphone.wav,audioseal,0.6250
auditorium,p107,/media/storage/hadleigh/stegaphone_data/final_rec//p107/audioseal/sample_10/watermarked_auditorium_recording_Fifine_USB_PnP_Audio_Device.wav,audioseal,0.5000
auditorium,p107,/media/storage/hadleigh/stegaphone_data/final_rec//p107/audioseal/sample_10/watermarked_auditorium_recording_USB_Lavalier_Microphone.wav,audioseal,0.4375
auditorium,p107,/media/storage/hadleigh/stegaphone_data/final_rec//p107/audioseal/sample_4/watermarked_auditorium_recording_Yeti_Stereo_Microphone.wav,audioseal,0.6250
auditorium,p107,/media/storage/hadleigh/stegaphone_data/final_rec//p107/audioseal/sample_4/watermarked_auditorium_recording_iPhone_Microphone.wav,audioseal,0.3750
auditorium,p107,/media/storage/hadleigh/stegaphone_data/final_rec//p107/audioseal/sample_4/watermarked_auditorium_recording_Fifine_USB_PnP_Audio_Device.wav,audioseal,0.4375
auditorium,p107,/media/storage/hadleigh/stegaphone_data/final_rec//p107/audioseal/sample_4/watermarked_auditorium_recording_USB_Lavalier_Microphone.wav,audioseal,0.5625
auditorium,p107,/media/storage/hadleigh/stegaphone_data/final_rec//p107/audioseal/sample_9/watermarked_auditorium_recording_Yeti_Stereo_Microphone.wav,audioseal,0.6250
auditorium,p107,/media/storage/hadleigh/stegaphone_data/final_rec//p107/audioseal/sample_9/watermarked_auditorium_recording_iPhone_Microphone.wav,audioseal,0.4375
auditorium,p107,/media/storage/hadleigh/stegaphone_data/final_rec//p107/audioseal/sample_9/watermarked_auditorium_recording_Fifine_USB_PnP_Audio_Device.wav,audioseal,0.3750
auditorium,p107,/media/storage/hadleigh/stegaphone_data/final_rec//p107/audioseal/sample_9/watermarked_auditorium_recording_USB_Lavalier_Microphone.wav,audioseal,0.3750
auditorium,p107,/media/storage/hadleigh/stegaphone_data/final_rec//p107/audioseal/sample_6/watermarked_auditorium_recording_Yeti_Stereo_Microphone.wav,audioseal,0.5000
auditorium,p107,/media/storage/hadleigh/stegaphone_data/final_rec//p107/audioseal/sample_6/watermarked_auditorium_recording_iPhone_Microphone.wav,audioseal,0.3750
auditorium,p107,/media/storage/hadleigh/stegaphone_data/final_rec//p107/audioseal/sample_6/watermarked_auditorium_recording_Fifine_USB_PnP_Audio_Device.wav,audioseal,0.3750
auditorium,p107,/media/storage/hadleigh/stegaphone_data/final_rec//p107/audioseal/sample_6/watermarked_auditorium_recording_USB_Lavalier_Microphone.wav,audioseal,0.4375
auditorium,p107,/media/storage/hadleigh/stegaphone_data/final_rec//p107/audioseal/sample_1/watermarked_auditorium_recording_Yeti_Stereo_Microphone.wav,audioseal,0.5000
auditorium,p107,/media/storage/hadleigh/stegaphone_data/final_rec//p107/audioseal/sample_1/watermarked_auditorium_recording_iPhone_Microphone.wav,audioseal,0.3750
auditorium,p107,/media/storage/hadleigh/stegaphone_data/final_rec//p107/audioseal/sample_1/watermarked_auditorium_recording_Fifine_USB_PnP_Audio_Device.wav,audioseal,0.6875
auditorium,p107,/media/storage/hadleigh/stegaphone_data/final_rec//p107/audioseal/sample_1/watermarked_auditorium_recording_USB_Lavalier_Microphone.wav,audioseal,0.4375
group_office,p102,/media/storage/hadleigh/stegaphone_data/final_rec//p102/audioseal/sample_7/watermarked_group_office_recording_iPhone_Microphone.wav,audioseal,0.2500
group_office,p102,/media/storage/hadleigh/stegaphone_data/final_rec//p102/audioseal/sample_7/watermarked_group_office_recording_USB_Lavalier_Microphone.wav,audioseal,0.5625
group_office,p102,/media/storage/hadleigh/stegaphone_data/final_rec//p102/audioseal/sample_7/watermarked_group_office_recording_Yeti_Stereo_Microphone.wav,audioseal,0.3750
group_office,p102,/media/storage/hadleigh/stegaphone_data/final_rec//p102/audioseal/sample_7/watermarked_group_office_recording_Fifine_USB_PnP_Audio_Device.wav,audioseal,0.6875
group_office,p102,/media/storage/hadleigh/stegaphone_data/final_rec//p102/audioseal/sample_2/watermarked_group_office_recording_iPhone_Microphone.wav,audioseal,0.4375
group_office,p102,/media/storage/hadleigh/stegaphone_data/final_rec//p102/audioseal/sample_2/watermarked_group_office_recording_USB_Lavalier_Microphone.wav,audioseal,0.5000
group_office,p102,/media/storage/hadleigh/stegaphone_data/final_rec//p102/audioseal/sample_2/watermarked_group_office_recording_Yeti_Stereo_Microphone.wav,audioseal,0.6250
group_office,p102,/media/storage/hadleigh/stegaphone_data/final_rec//p102/audioseal/sample_2/watermarked_group_office_recording_Fifine_USB_PnP_Audio_Device.wav,audioseal,0.5000
group_office,p102,/media/storage/hadleigh/stegaphone_data/final_rec//p102/audioseal/sample_3/watermarked_group_office_recording_iPhone_Microphone.wav,audioseal,0.7500
group_office,p102,/media/storage/hadleigh/stegaphone_data/final_rec//p102/audioseal/sample_3/watermarked_group_office_recording_USB_Lavalier_Microphone.wav,audioseal,0.5000
group_office,p102,/media/storage/hadleigh/stegaphone_data/final_rec//p102/audioseal/sample_3/watermarked_group_office_recording_Yeti_Stereo_Microphone.wav,audioseal,0.6250
group_office,p102,/media/storage/hadleigh/stegaphone_data/final_rec//p102/audioseal/sample_3/watermarked_group_office_recording_Fifine_USB_PnP_Audio_Device.wav,audioseal,0.6250
group_office,p102,/media/storage/hadleigh/stegaphone_data/final_rec//p102/audioseal/sample_5/watermarked_group_office_recording_iPhone_Microphone.wav,audioseal,0.2500
group_office,p102,/media/storage/hadleigh/stegaphone_data/final_rec//p102/audioseal/sample_5/watermarked_group_office_recording_USB_Lavalier_Microphone.wav,audioseal,0.4375
group_office,p102,/media/storage/hadleigh/stegaphone_data/final_rec//p102/audioseal/sample_5/watermarked_group_office_recording_Yeti_Stereo_Microphone.wav,audioseal,0.5000
group_office,p102,/media/storage/hadleigh/stegaphone_data/final_rec//p102/audioseal/sample_5/watermarked_group_office_recording_Fifine_USB_PnP_Audio_Device.wav,audioseal,0.3750
group_office,p102,/media/storage/hadleigh/stegaphone_data/final_rec//p102/audioseal/sample_8/watermarked_group_office_recording_iPhone_Microphone.wav,audioseal,0.5625
group_office,p102,/media/storage/hadleigh/stegaphone_data/final_rec//p102/audioseal/sample_8/watermarked_group_office_recording_USB_Lavalier_Microphone.wav,audioseal,0.5000
group_office,p102,/media/storage/hadleigh/stegaphone_data/final_rec//p102/audioseal/sample_8/watermarked_group_office_recording_Yeti_Stereo_Microphone.wav,audioseal,0.5625
group_office,p102,/media/storage/hadleigh/stegaphone_data/final_rec//p102/audioseal/sample_8/watermarked_group_office_recording_Fifine_USB_PnP_Audio_Device.wav,audioseal,0.5000
group_office,p102,/media/storage/hadleigh/stegaphone_data/final_rec//p102/audioseal/sample_10/watermarked_group_office_recording_iPhone_Microphone.wav,audioseal,0.6875
group_office,p102,/media/storage/hadleigh/stegaphone_data/final_rec//p102/audioseal/sample_10/watermarked_group_office_recording_USB_Lavalier_Microphone.wav,audioseal,0.7500
group_office,p102,/media/storage/hadleigh/stegaphone_data/final_rec//p102/audioseal/sample_10/watermarked_group_office_recording_Yeti_Stereo_Microphone.wav,audioseal,0.4375
group_office,p102,/media/storage/hadleigh/stegaphone_data/final_rec//p102/audioseal/sample_10/watermarked_group_office_recording_Fifine_USB_PnP_Audio_Device.wav,audioseal,0.8125
group_office,p102,/media/storage/hadleigh/stegaphone_data/final_rec//p102/audioseal/sample_4/watermarked_group_office_recording_iPhone_Microphone.wav,audioseal,0.4375
group_office,p102,/media/storage/hadleigh/stegaphone_data/final_rec//p102/audioseal/sample_4/watermarked_group_office_recording_USB_Lavalier_Microphone.wav,audioseal,0.5000
group_office,p102,/media/storage/hadleigh/stegaphone_data/final_rec//p102/audioseal/sample_4/watermarked_group_office_recording_Yeti_Stereo_Microphone.wav,audioseal,0.6250
group_office,p102,/media/storage/hadleigh/stegaphone_data/final_rec//p102/audioseal/sample_4/watermarked_group_office_recording_Fifine_USB_PnP_Audio_Device.wav,audioseal,0.5625
group_office,p102,/media/storage/hadleigh/stegaphone_data/final_rec//p102/audioseal/sample_9/watermarked_group_office_recording_iPhone_Microphone.wav,audioseal,0.6250
group_office,p102,/media/storage/hadleigh/stegaphone_data/final_rec//p102/audioseal/sample_9/watermarked_group_office_recording_USB_Lavalier_Microphone.wav,audioseal,0.3750
group_office,p102,/media/storage/hadleigh/stegaphone_data/final_rec//p102/audioseal/sample_9/watermarked_group_office_recording_Yeti_Stereo_Microphone.wav,audioseal,0.3125
group_office,p102,/media/storage/hadleigh/stegaphone_data/final_rec//p102/audioseal/sample_9/watermarked_group_office_recording_Fifine_USB_PnP_Audio_Device.wav,audioseal,0.4375
group_office,p102,/media/storage/hadleigh/stegaphone_data/final_rec//p102/audioseal/sample_6/watermarked_group_office_recording_iPhone_Microphone.wav,audioseal,0.6250
group_office,p102,/media/storage/hadleigh/stegaphone_data/final_rec//p102/audioseal/sample_6/watermarked_group_office_recording_USB_Lavalier_Microphone.wav,audioseal,0.5625
group_office,p102,/media/storage/hadleigh/stegaphone_data/final_rec//p102/audioseal/sample_6/watermarked_group_office_recording_Yeti_Stereo_Microphone.wav,audioseal,0.6250
group_office,p102,/media/storage/hadleigh/stegaphone_data/final_rec//p102/audioseal/sample_6/watermarked_group_office_recording_Fifine_USB_PnP_Audio_Device.wav,audioseal,0.1250
group_office,p102,/media/storage/hadleigh/stegaphone_data/final_rec//p102/audioseal/sample_1/watermarked_group_office_recording_iPhone_Microphone.wav,audioseal,0.1875
group_office,p102,/media/storage/hadleigh/stegaphone_data/final_rec//p102/audioseal/sample_1/watermarked_group_office_recording_USB_Lavalier_Microphone.wav,audioseal,0.5000
group_office,p102,/media/storage/hadleigh/stegaphone_data/final_rec//p102/audioseal/sample_1/watermarked_group_office_recording_Yeti_Stereo_Microphone.wav,audioseal,0.6250
group_office,p102,/media/storage/hadleigh/stegaphone_data/final_rec//p102/audioseal/sample_1/watermarked_group_office_recording_Fifine_USB_PnP_Audio_Device.wav,audioseal,0.1875
group_office,p103,/media/storage/hadleigh/stegaphone_data/final_rec//p103/audioseal/sample_7/watermarked_group_office_recording_iPhone_Microphone.wav,audioseal,0.6250
group_office,p103,/media/storage/hadleigh/stegaphone_data/final_rec//p103/audioseal/sample_7/watermarked_group_office_recording_USB_Lavalier_Microphone.wav,audioseal,0.2500
group_office,p103,/media/storage/hadleigh/stegaphone_data/final_rec//p103/audioseal/sample_7/watermarked_group_office_recording_Yeti_Stereo_Microphone.wav,audioseal,0.5625
group_office,p103,/media/storage/hadleigh/stegaphone_data/final_rec//p103/audioseal/sample_7/watermarked_group_office_recording_Fifine_USB_PnP_Audio_Device.wav,audioseal,0.5625
group_office,p103,/media/storage/hadleigh/stegaphone_data/final_rec//p103/audioseal/sample_2/watermarked_group_office_recording_iPhone_Microphone.wav,audioseal,0.5000
group_office,p103,/media/storage/hadleigh/stegaphone_data/final_rec//p103/audioseal/sample_2/watermarked_group_office_recording_USB_Lavalier_Microphone.wav,audioseal,0.5000
group_office,p103,/media/storage/hadleigh/stegaphone_data/final_rec//p103/audioseal/sample_2/watermarked_group_office_recording_Yeti_Stereo_Microphone.wav,audioseal,0.5000
group_office,p103,/media/storage/hadleigh/stegaphone_data/final_rec//p103/audioseal/sample_2/watermarked_group_office_recording_Fifine_USB_PnP_Audio_Device.wav,audioseal,0.3750
group_office,p103,/media/storage/hadleigh/stegaphone_data/final_rec//p103/audioseal/sample_3/watermarked_group_office_recording_iPhone_Microphone.wav,audioseal,0.7500
group_office,p103,/media/storage/hadleigh/stegaphone_data/final_rec//p103/audioseal/sample_3/watermarked_group_office_recording_USB_Lavalier_Microphone.wav,audioseal,0.5000
group_office,p103,/media/storage/hadleigh/stegaphone_data/final_rec//p103/audioseal/sample_3/watermarked_group_office_recording_Yeti_Stereo_Microphone.wav,audioseal,0.5000
group_office,p103,/media/storage/hadleigh/stegaphone_data/final_rec//p103/audioseal/sample_3/watermarked_group_office_recording_Fifine_USB_PnP_Audio_Device.wav,audioseal,0.3750
group_office,p103,/media/storage/hadleigh/stegaphone_data/final_rec//p103/audioseal/sample_5/watermarked_group_office_recording_iPhone_Microphone.wav,audioseal,0.3125
group_office,p103,/media/storage/hadleigh/stegaphone_data/final_rec//p103/audioseal/sample_5/watermarked_group_office_recording_USB_Lavalier_Microphone.wav,audioseal,0.4375
group_office,p103,/media/storage/hadleigh/stegaphone_data/final_rec//p103/audioseal/sample_5/watermarked_group_office_recording_Yeti_Stereo_Microphone.wav,audioseal,0.2500
group_office,p103,/media/storage/hadleigh/stegaphone_data/final_rec//p103/audioseal/sample_5/watermarked_group_office_recording_Fifine_USB_PnP_Audio_Device.wav,audioseal,0.5000
group_office,p103,/media/storage/hadleigh/stegaphone_data/final_rec//p103/audioseal/sample_8/watermarked_group_office_recording_iPhone_Microphone.wav,audioseal,0.3125
group_office,p103,/media/storage/hadleigh/stegaphone_data/final_rec//p103/audioseal/sample_8/watermarked_group_office_recording_USB_Lavalier_Microphone.wav,audioseal,0.5625
group_office,p103,/media/storage/hadleigh/stegaphone_data/final_rec//p103/audioseal/sample_8/watermarked_group_office_recording_Yeti_Stereo_Microphone.wav,audioseal,0.5625
group_office,p103,/media/storage/hadleigh/stegaphone_data/final_rec//p103/audioseal/sample_8/watermarked_group_office_recording_Fifine_USB_PnP_Audio_Device.wav,audioseal,0.4375
group_office,p103,/media/storage/hadleigh/stegaphone_data/final_rec//p103/audioseal/sample_10/watermarked_group_office_recording_iPhone_Microphone.wav,audioseal,0.5625
group_office,p103,/media/storage/hadleigh/stegaphone_data/final_rec//p103/audioseal/sample_10/watermarked_group_office_recording_USB_Lavalier_Microphone.wav,audioseal,0.6250
group_office,p103,/media/storage/hadleigh/stegaphone_data/final_rec//p103/audioseal/sample_10/watermarked_group_office_recording_Yeti_Stereo_Microphone.wav,audioseal,0.1875
group_office,p103,/media/storage/hadleigh/stegaphone_data/final_rec//p103/audioseal/sample_10/watermarked_group_office_recording_Fifine_USB_PnP_Audio_Device.wav,audioseal,0.3125
group_office,p103,/media/storage/hadleigh/stegaphone_data/final_rec//p103/audioseal/sample_4/watermarked_group_office_recording_iPhone_Microphone.wav,audioseal,0.5000
group_office,p103,/media/storage/hadleigh/stegaphone_data/final_rec//p103/audioseal/sample_4/watermarked_group_office_recording_USB_Lavalier_Microphone.wav,audioseal,0.5625
group_office,p103,/media/storage/hadleigh/stegaphone_data/final_rec//p103/audioseal/sample_4/watermarked_group_office_recording_Yeti_Stereo_Microphone.wav,audioseal,0.5000
group_office,p103,/media/storage/hadleigh/stegaphone_data/final_rec//p103/audioseal/sample_4/watermarked_group_office_recording_Fifine_USB_PnP_Audio_Device.wav,audioseal,0.5000
group_office,p103,/media/storage/hadleigh/stegaphone_data/final_rec//p103/audioseal/sample_9/watermarked_group_office_recording_iPhone_Microphone.wav,audioseal,0.2500
group_office,p103,/media/storage/hadleigh/stegaphone_data/final_rec//p103/audioseal/sample_9/watermarked_group_office_recording_USB_Lavalier_Microphone.wav,audioseal,0.5000
group_office,p103,/media/storage/hadleigh/stegaphone_data/final_rec//p103/audioseal/sample_9/watermarked_group_office_recording_Yeti_Stereo_Microphone.wav,audioseal,0.3750
group_office,p103,/media/storage/hadleigh/stegaphone_data/final_rec//p103/audioseal/sample_9/watermarked_group_office_recording_Fifine_USB_PnP_Audio_Device.wav,audioseal,0.5625
group_office,p103,/media/storage/hadleigh/stegaphone_data/final_rec//p103/audioseal/sample_6/watermarked_group_office_recording_iPhone_Microphone.wav,audioseal,0.2500
group_office,p103,/media/storage/hadleigh/stegaphone_data/final_rec//p103/audioseal/sample_6/watermarked_group_office_recording_USB_Lavalier_Microphone.wav,audioseal,0.5000
group_office,p103,/media/storage/hadleigh/stegaphone_data/final_rec//p103/audioseal/sample_6/watermarked_group_office_recording_Yeti_Stereo_Microphone.wav,audioseal,0.5625
group_office,p103,/media/storage/hadleigh/stegaphone_data/final_rec//p103/audioseal/sample_6/watermarked_group_office_recording_Fifine_USB_PnP_Audio_Device.wav,audioseal,0.5000
group_office,p103,/media/storage/hadleigh/stegaphone_data/final_rec//p103/audioseal/sample_1/watermarked_group_office_recording_iPhone_Microphone.wav,audioseal,0.3125
group_office,p103,/media/storage/hadleigh/stegaphone_data/final_rec//p103/audioseal/sample_1/watermarked_group_office_recording_USB_Lavalier_Microphone.wav,audioseal,0.1875
group_office,p103,/media/storage/hadleigh/stegaphone_data/final_rec//p103/audioseal/sample_1/watermarked_group_office_recording_Yeti_Stereo_Microphone.wav,audioseal,0.5625
group_office,p103,/media/storage/hadleigh/stegaphone_data/final_rec//p103/audioseal/sample_1/watermarked_group_office_recording_Fifine_USB_PnP_Audio_Device.wav,audioseal,0.6875
group_office,p104,/media/storage/hadleigh/stegaphone_data/final_rec//p104/audioseal/sample_7/watermarked_group_office_recording_iPhone_Microphone.wav,audioseal,0.6250
group_office,p104,/media/storage/hadleigh/stegaphone_data/final_rec//p104/audioseal/sample_7/watermarked_group_office_recording_USB_Lavalier_Microphone.wav,audioseal,0.4375
group_office,p104,/media/storage/hadleigh/stegaphone_data/final_rec//p104/audioseal/sample_7/watermarked_group_office_recording_Yeti_Stereo_Microphone.wav,audioseal,0.4375
group_office,p104,/media/storage/hadleigh/stegaphone_data/final_rec//p104/audioseal/sample_7/watermarked_group_office_recording_Fifine_USB_PnP_Audio_Device.wav,audioseal,0.4375
group_office,p104,/media/storage/hadleigh/stegaphone_data/final_rec//p104/audioseal/sample_2/watermarked_group_office_recording_iPhone_Microphone.wav,audioseal,0.2500
group_office,p104,/media/storage/hadleigh/stegaphone_data/final_rec//p104/audioseal/sample_2/watermarked_group_office_recording_USB_Lavalier_Microphone.wav,audioseal,0.5625
group_office,p104,/media/storage/hadleigh/stegaphone_data/final_rec//p104/audioseal/sample_2/watermarked_group_office_recording_Yeti_Stereo_Microphone.wav,audioseal,0.5000
group_office,p104,/media/storage/hadleigh/stegaphone_data/final_rec//p104/audioseal/sample_2/watermarked_group_office_recording_Fifine_USB_PnP_Audio_Device.wav,audioseal,0.6250
group_office,p104,/media/storage/hadleigh/stegaphone_data/final_rec//p104/audioseal/sample_3/watermarked_group_office_recording_iPhone_Microphone.wav,audioseal,0.5000
group_office,p104,/media/storage/hadleigh/stegaphone_data/final_rec//p104/audioseal/sample_3/watermarked_group_office_recording_USB_Lavalier_Microphone.wav,audioseal,0.4375
group_office,p104,/media/storage/hadleigh/stegaphone_data/final_rec//p104/audioseal/sample_3/watermarked_group_office_recording_Yeti_Stereo_Microphone.wav,audioseal,0.6250
group_office,p104,/media/storage/hadleigh/stegaphone_data/final_rec//p104/audioseal/sample_3/watermarked_group_office_recording_Fifine_USB_PnP_Audio_Device.wav,audioseal,0.4375
group_office,p104,/media/storage/hadleigh/stegaphone_data/final_rec//p104/audioseal/sample_5/watermarked_group_office_recording_iPhone_Microphone.wav,audioseal,0.5000
group_office,p104,/media/storage/hadleigh/stegaphone_data/final_rec//p104/audioseal/sample_5/watermarked_group_office_recording_USB_Lavalier_Microphone.wav,audioseal,0.6250
group_office,p104,/media/storage/hadleigh/stegaphone_data/final_rec//p104/audioseal/sample_5/watermarked_group_office_recording_Yeti_Stereo_Microphone.wav,audioseal,0.5000
group_office,p104,/media/storage/hadleigh/stegaphone_data/final_rec//p104/audioseal/sample_5/watermarked_group_office_recording_Fifine_USB_PnP_Audio_Device.wav,audioseal,0.0625
group_office,p104,/media/storage/hadleigh/stegaphone_data/final_rec//p104/audioseal/sample_8/watermarked_group_office_recording_iPhone_Microphone.wav,audioseal,0.5625
group_office,p104,/media/storage/hadleigh/stegaphone_data/final_rec//p104/audioseal/sample_8/watermarked_group_office_recording_USB_Lavalier_Microphone.wav,audioseal,0.5625
group_office,p104,/media/storage/hadleigh/stegaphone_data/final_rec//p104/audioseal/sample_8/watermarked_group_office_recording_Yeti_Stereo_Microphone.wav,audioseal,0.5625
group_office,p104,/media/storage/hadleigh/stegaphone_data/final_rec//p104/audioseal/sample_8/watermarked_group_office_recording_Fifine_USB_PnP_Audio_Device.wav,audioseal,0.1875
group_office,p104,/media/storage/hadleigh/stegaphone_data/final_rec//p104/audioseal/sample_10/watermarked_group_office_recording_iPhone_Microphone.wav,audioseal,0.5000
group_office,p104,/media/storage/hadleigh/stegaphone_data/final_rec//p104/audioseal/sample_10/watermarked_group_office_recording_USB_Lavalier_Microphone.wav,audioseal,0.4375
group_office,p104,/media/storage/hadleigh/stegaphone_data/final_rec//p104/audioseal/sample_10/watermarked_group_office_recording_Yeti_Stereo_Microphone.wav,audioseal,0.4375
group_office,p104,/media/storage/hadleigh/stegaphone_data/final_rec//p104/audioseal/sample_10/watermarked_group_office_recording_Fifine_USB_PnP_Audio_Device.wav,audioseal,0.1250
group_office,p104,/media/storage/hadleigh/stegaphone_data/final_rec//p104/audioseal/sample_4/watermarked_group_office_recording_iPhone_Microphone.wav,audioseal,0.2500
group_office,p104,/media/storage/hadleigh/stegaphone_data/final_rec//p104/audioseal/sample_4/watermarked_group_office_recording_USB_Lavalier_Microphone.wav,audioseal,0.4375
group_office,p104,/media/storage/hadleigh/stegaphone_data/final_rec//p104/audioseal/sample_4/watermarked_group_office_recording_Yeti_Stereo_Microphone.wav,audioseal,0.5625
group_office,p104,/media/storage/hadleigh/stegaphone_data/final_rec//p104/audioseal/sample_4/watermarked_group_office_recording_Fifine_USB_PnP_Audio_Device.wav,audioseal,0.4375
group_office,p104,/media/storage/hadleigh/stegaphone_data/final_rec//p104/audioseal/sample_9/watermarked_group_office_recording_iPhone_Microphone.wav,audioseal,0.6250
group_office,p104,/media/storage/hadleigh/stegaphone_data/final_rec//p104/audioseal/sample_9/watermarked_group_office_recording_USB_Lavalier_Microphone.wav,audioseal,0.6250
group_office,p104,/media/storage/hadleigh/stegaphone_data/final_rec//p104/audioseal/sample_9/watermarked_group_office_recording_Yeti_Stereo_Microphone.wav,audioseal,0.4375
group_office,p104,/media/storage/hadleigh/stegaphone_data/final_rec//p104/audioseal/sample_9/watermarked_group_office_recording_Fifine_USB_PnP_Audio_Device.wav,audioseal,0.4375
group_office,p104,/media/storage/hadleigh/stegaphone_data/final_rec//p104/audioseal/sample_6/watermarked_group_office_recording_iPhone_Microphone.wav,audioseal,0.5000
group_office,p104,/media/storage/hadleigh/stegaphone_data/final_rec//p104/audioseal/sample_6/watermarked_group_office_recording_USB_Lavalier_Microphone.wav,audioseal,0.5000
group_office,p104,/media/storage/hadleigh/stegaphone_data/final_rec//p104/audioseal/sample_6/watermarked_group_office_recording_Yeti_Stereo_Microphone.wav,audioseal,0.5000
group_office,p104,/media/storage/hadleigh/stegaphone_data/final_rec//p104/audioseal/sample_6/watermarked_group_office_recording_Fifine_USB_PnP_Audio_Device.wav,audioseal,0.4375
group_office,p104,/media/storage/hadleigh/stegaphone_data/final_rec//p104/audioseal/sample_1/watermarked_group_office_recording_iPhone_Microphone.wav,audioseal,0.5625
group_office,p104,/media/storage/hadleigh/stegaphone_data/final_rec//p104/audioseal/sample_1/watermarked_group_office_recording_USB_Lavalier_Microphone.wav,audioseal,0.5625
group_office,p104,/media/storage/hadleigh/stegaphone_data/final_rec//p104/audioseal/sample_1/watermarked_group_office_recording_Yeti_Stereo_Microphone.wav,audioseal,0.4375
group_office,p104,/media/storage/hadleigh/stegaphone_data/final_rec//p104/audioseal/sample_1/watermarked_group_office_recording_Fifine_USB_PnP_Audio_Device.wav,audioseal,0.6875
group_office,p105,/media/storage/hadleigh/stegaphone_data/final_rec//p105/audioseal/sample_7/watermarked_group_office_recording_iPhone_Microphone.wav,audioseal,0.3125
group_office,p105,/media/storage/hadleigh/stegaphone_data/final_rec//p105/audioseal/sample_7/watermarked_group_office_recording_USB_Lavalier_Microphone.wav,audioseal,0.1875
group_office,p105,/media/storage/hadleigh/stegaphone_data/final_rec//p105/audioseal/sample_7/watermarked_group_office_recording_Yeti_Stereo_Microphone.wav,audioseal,0.2500
group_office,p105,/media/storage/hadleigh/stegaphone_data/final_rec//p105/audioseal/sample_7/watermarked_group_office_recording_Fifine_USB_PnP_Audio_Device.wav,audioseal,0.3750
group_office,p105,/media/storage/hadleigh/stegaphone_data/final_rec//p105/audioseal/sample_2/watermarked_group_office_recording_iPhone_Microphone.wav,audioseal,0.5625
group_office,p105,/media/storage/hadleigh/stegaphone_data/final_rec//p105/audioseal/sample_2/watermarked_group_office_recording_USB_Lavalier_Microphone.wav,audioseal,0.5000
group_office,p105,/media/storage/hadleigh/stegaphone_data/final_rec//p105/audioseal/sample_2/watermarked_group_office_recording_Yeti_Stereo_Microphone.wav,audioseal,0.4375
group_office,p105,/media/storage/hadleigh/stegaphone_data/final_rec//p105/audioseal/sample_2/watermarked_group_office_recording_Fifine_USB_PnP_Audio_Device.wav,audioseal,0.5625
group_office,p105,/media/storage/hadleigh/stegaphone_data/final_rec//p105/audioseal/sample_3/watermarked_group_office_recording_iPhone_Microphone.wav,audioseal,0.5000
group_office,p105,/media/storage/hadleigh/stegaphone_data/final_rec//p105/audioseal/sample_3/watermarked_group_office_recording_USB_Lavalier_Microphone.wav,audioseal,0.3750
group_office,p105,/media/storage/hadleigh/stegaphone_data/final_rec//p105/audioseal/sample_3/watermarked_group_office_recording_Yeti_Stereo_Microphone.wav,audioseal,0.3125
group_office,p105,/media/storage/hadleigh/stegaphone_data/final_rec//p105/audioseal/sample_3/watermarked_group_office_recording_Fifine_USB_PnP_Audio_Device.wav,audioseal,0.5000
group_office,p105,/media/storage/hadleigh/stegaphone_data/final_rec//p105/audioseal/sample_5/watermarked_group_office_recording_iPhone_Microphone.wav,audioseal,0.5000
group_office,p105,/media/storage/hadleigh/stegaphone_data/final_rec//p105/audioseal/sample_5/watermarked_group_office_recording_USB_Lavalier_Microphone.wav,audioseal,0.5625
group_office,p105,/media/storage/hadleigh/stegaphone_data/final_rec//p105/audioseal/sample_5/watermarked_group_office_recording_Yeti_Stereo_Microphone.wav,audioseal,0.5625
group_office,p105,/media/storage/hadleigh/stegaphone_data/final_rec//p105/audioseal/sample_5/watermarked_group_office_recording_Fifine_USB_PnP_Audio_Device.wav,audioseal,0.8125
group_office,p105,/media/storage/hadleigh/stegaphone_data/final_rec//p105/audioseal/sample_8/watermarked_group_office_recording_iPhone_Microphone.wav,audioseal,0.4375
group_office,p105,/media/storage/hadleigh/stegaphone_data/final_rec//p105/audioseal/sample_8/watermarked_group_office_recording_USB_Lavalier_Microphone.wav,audioseal,0.3750
group_office,p105,/media/storage/hadleigh/stegaphone_data/final_rec//p105/audioseal/sample_8/watermarked_group_office_recording_Yeti_Stereo_Microphone.wav,audioseal,0.3750
group_office,p105,/media/storage/hadleigh/stegaphone_data/final_rec//p105/audioseal/sample_8/watermarked_group_office_recording_Fifine_USB_PnP_Audio_Device.wav,audioseal,0.6250
group_office,p105,/media/storage/hadleigh/stegaphone_data/final_rec//p105/audioseal/sample_10/watermarked_group_office_recording_iPhone_Microphone.wav,audioseal,0.2500
group_office,p105,/media/storage/hadleigh/stegaphone_data/final_rec//p105/audioseal/sample_10/watermarked_group_office_recording_USB_Lavalier_Microphone.wav,audioseal,0.2500
group_office,p105,/media/storage/hadleigh/stegaphone_data/final_rec//p105/audioseal/sample_10/watermarked_group_office_recording_Yeti_Stereo_Microphone.wav,audioseal,0.5000
group_office,p105,/media/storage/hadleigh/stegaphone_data/final_rec//p105/audioseal/sample_10/watermarked_group_office_recording_Fifine_USB_PnP_Audio_Device.wav,audioseal,0.5625
group_office,p105,/media/storage/hadleigh/stegaphone_data/final_rec//p105/audioseal/sample_4/watermarked_group_office_recording_iPhone_Microphone.wav,audioseal,0.5000
group_office,p105,/media/storage/hadleigh/stegaphone_data/final_rec//p105/audioseal/sample_4/watermarked_group_office_recording_USB_Lavalier_Microphone.wav,audioseal,0.3750
group_office,p105,/media/storage/hadleigh/stegaphone_data/final_rec//p105/audioseal/sample_4/watermarked_group_office_recording_Yeti_Stereo_Microphone.wav,audioseal,0.3125
group_office,p105,/media/storage/hadleigh/stegaphone_data/final_rec//p105/audioseal/sample_4/watermarked_group_office_recording_Fifine_USB_PnP_Audio_Device.wav,audioseal,0.5000
group_office,p105,/media/storage/hadleigh/stegaphone_data/final_rec//p105/audioseal/sample_9/watermarked_group_office_recording_iPhone_Microphone.wav,audioseal,0.5000
group_office,p105,/media/storage/hadleigh/stegaphone_data/final_rec//p105/audioseal/sample_9/watermarked_group_office_recording_USB_Lavalier_Microphone.wav,audioseal,0.5000
group_office,p105,/media/storage/hadleigh/stegaphone_data/final_rec//p105/audioseal/sample_9/watermarked_group_office_recording_Yeti_Stereo_Microphone.wav,audioseal,0.3125
group_office,p105,/media/storage/hadleigh/stegaphone_data/final_rec//p105/audioseal/sample_9/watermarked_group_office_recording_Fifine_USB_PnP_Audio_Device.wav,audioseal,0.6875
group_office,p105,/media/storage/hadleigh/stegaphone_data/final_rec//p105/audioseal/sample_6/watermarked_group_office_recording_iPhone_Microphone.wav,audioseal,0.4375
group_office,p105,/media/storage/hadleigh/stegaphone_data/final_rec//p105/audioseal/sample_6/watermarked_group_office_recording_USB_Lavalier_Microphone.wav,audioseal,0.3750
group_office,p105,/media/storage/hadleigh/stegaphone_data/final_rec//p105/audioseal/sample_6/watermarked_group_office_recording_Yeti_Stereo_Microphone.wav,audioseal,0.5625
group_office,p105,/media/storage/hadleigh/stegaphone_data/final_rec//p105/audioseal/sample_6/watermarked_group_office_recording_Fifine_USB_PnP_Audio_Device.wav,audioseal,0.3125
group_office,p105,/media/storage/hadleigh/stegaphone_data/final_rec//p105/audioseal/sample_1/watermarked_group_office_recording_iPhone_Microphone.wav,audioseal,0.6875
group_office,p105,/media/storage/hadleigh/stegaphone_data/final_rec//p105/audioseal/sample_1/watermarked_group_office_recording_USB_Lavalier_Microphone.wav,audioseal,0.5625
group_office,p105,/media/storage/hadleigh/stegaphone_data/final_rec//p105/audioseal/sample_1/watermarked_group_office_recording_Yeti_Stereo_Microphone.wav,audioseal,0.5000
group_office,p105,/media/storage/hadleigh/stegaphone_data/final_rec//p105/audioseal/sample_1/watermarked_group_office_recording_Fifine_USB_PnP_Audio_Device.wav,audioseal,0.5000
group_office,p106,/media/storage/hadleigh/stegaphone_data/final_rec//p106/audioseal/sample_7/watermarked_group_office_recording_iPhone_Microphone.wav,audioseal,0.3750
group_office,p106,/media/storage/hadleigh/stegaphone_data/final_rec//p106/audioseal/sample_7/watermarked_group_office_recording_USB_Lavalier_Microphone.wav,audioseal,0.4375
group_office,p106,/media/storage/hadleigh/stegaphone_data/final_rec//p106/audioseal/sample_7/watermarked_group_office_recording_Yeti_Stereo_Microphone.wav,audioseal,0.2500
group_office,p106,/media/storage/hadleigh/stegaphone_data/final_rec//p106/audioseal/sample_7/watermarked_group_office_recording_Fifine_USB_PnP_Audio_Device.wav,audioseal,0.3750
group_office,p106,/media/storage/hadleigh/stegaphone_data/final_rec//p106/audioseal/sample_2/watermarked_group_office_recording_iPhone_Microphone.wav,audioseal,0.7500
group_office,p106,/media/storage/hadleigh/stegaphone_data/final_rec//p106/audioseal/sample_2/watermarked_group_office_recording_USB_Lavalier_Microphone.wav,audioseal,0.6250
group_office,p106,/media/storage/hadleigh/stegaphone_data/final_rec//p106/audioseal/sample_2/watermarked_group_office_recording_Yeti_Stereo_Microphone.wav,audioseal,0.5625
group_office,p106,/media/storage/hadleigh/stegaphone_data/final_rec//p106/audioseal/sample_2/watermarked_group_office_recording_Fifine_USB_PnP_Audio_Device.wav,audioseal,0.5625
group_office,p106,/media/storage/hadleigh/stegaphone_data/final_rec//p106/audioseal/sample_3/watermarked_group_office_recording_iPhone_Microphone.wav,audioseal,0.4375
group_office,p106,/media/storage/hadleigh/stegaphone_data/final_rec//p106/audioseal/sample_3/watermarked_group_office_recording_USB_Lavalier_Microphone.wav,audioseal,0.5625
group_office,p106,/media/storage/hadleigh/stegaphone_data/final_rec//p106/audioseal/sample_3/watermarked_group_office_recording_Yeti_Stereo_Microphone.wav,audioseal,0.6250
group_office,p106,/media/storage/hadleigh/stegaphone_data/final_rec//p106/audioseal/sample_3/watermarked_group_office_recording_Fifine_USB_PnP_Audio_Device.wav,audioseal,0.4375
group_office,p106,/media/storage/hadleigh/stegaphone_data/final_rec//p106/audioseal/sample_5/watermarked_group_office_recording_iPhone_Microphone.wav,audioseal,0.6875
group_office,p106,/media/storage/hadleigh/stegaphone_data/final_rec//p106/audioseal/sample_5/watermarked_group_office_recording_USB_Lavalier_Microphone.wav,audioseal,0.5625
group_office,p106,/media/storage/hadleigh/stegaphone_data/final_rec//p106/audioseal/sample_5/watermarked_group_office_recording_Yeti_Stereo_Microphone.wav,audioseal,0.4375
group_office,p106,/media/storage/hadleigh/stegaphone_data/final_rec//p106/audioseal/sample_5/watermarked_group_office_recording_Fifine_USB_PnP_Audio_Device.wav,audioseal,0.6250
group_office,p106,/media/storage/hadleigh/stegaphone_data/final_rec//p106/audioseal/sample_8/watermarked_group_office_recording_iPhone_Microphone.wav,audioseal,0.4375
group_office,p106,/media/storage/hadleigh/stegaphone_data/final_rec//p106/audioseal/sample_8/watermarked_group_office_recording_USB_Lavalier_Microphone.wav,audioseal,0.6875
group_office,p106,/media/storage/hadleigh/stegaphone_data/final_rec//p106/audioseal/sample_8/watermarked_group_office_recording_Yeti_Stereo_Microphone.wav,audioseal,0.1875
group_office,p106,/media/storage/hadleigh/stegaphone_data/final_rec//p106/audioseal/sample_8/watermarked_group_office_recording_Fifine_USB_PnP_Audio_Device.wav,audioseal,0.5625
group_office,p106,/media/storage/hadleigh/stegaphone_data/final_rec//p106/audioseal/sample_10/watermarked_group_office_recording_iPhone_Microphone.wav,audioseal,0.5000
group_office,p106,/media/storage/hadleigh/stegaphone_data/final_rec//p106/audioseal/sample_10/watermarked_group_office_recording_USB_Lavalier_Microphone.wav,audioseal,0.5625
group_office,p106,/media/storage/hadleigh/stegaphone_data/final_rec//p106/audioseal/sample_10/watermarked_group_office_recording_Yeti_Stereo_Microphone.wav,audioseal,0.6250
group_office,p106,/media/storage/hadleigh/stegaphone_data/final_rec//p106/audioseal/sample_10/watermarked_group_office_recording_Fifine_USB_PnP_Audio_Device.wav,audioseal,0.5000
group_office,p106,/media/storage/hadleigh/stegaphone_data/final_rec//p106/audioseal/sample_4/watermarked_group_office_recording_iPhone_Microphone.wav,audioseal,0.6875
group_office,p106,/media/storage/hadleigh/stegaphone_data/final_rec//p106/audioseal/sample_4/watermarked_group_office_recording_USB_Lavalier_Microphone.wav,audioseal,0.5625
group_office,p106,/media/storage/hadleigh/stegaphone_data/final_rec//p106/audioseal/sample_4/watermarked_group_office_recording_Yeti_Stereo_Microphone.wav,audioseal,0.2500
group_office,p106,/media/storage/hadleigh/stegaphone_data/final_rec//p106/audioseal/sample_4/watermarked_group_office_recording_Fifine_USB_PnP_Audio_Device.wav,audioseal,0.5000
group_office,p106,/media/storage/hadleigh/stegaphone_data/final_rec//p106/audioseal/sample_9/watermarked_group_office_recording_iPhone_Microphone.wav,audioseal,0.1875
group_office,p106,/media/storage/hadleigh/stegaphone_data/final_rec//p106/audioseal/sample_9/watermarked_group_office_recording_USB_Lavalier_Microphone.wav,audioseal,0.6250
group_office,p106,/media/storage/hadleigh/stegaphone_data/final_rec//p106/audioseal/sample_9/watermarked_group_office_recording_Yeti_Stereo_Microphone.wav,audioseal,0.5000
group_office,p106,/media/storage/hadleigh/stegaphone_data/final_rec//p106/audioseal/sample_9/watermarked_group_office_recording_Fifine_USB_PnP_Audio_Device.wav,audioseal,0.4375
group_office,p106,/media/storage/hadleigh/stegaphone_data/final_rec//p106/audioseal/sample_6/watermarked_group_office_recording_iPhone_Microphone.wav,audioseal,0.5000
group_office,p106,/media/storage/hadleigh/stegaphone_data/final_rec//p106/audioseal/sample_6/watermarked_group_office_recording_USB_Lavalier_Microphone.wav,audioseal,0.3750
group_office,p106,/media/storage/hadleigh/stegaphone_data/final_rec//p106/audioseal/sample_6/watermarked_group_office_recording_Yeti_Stereo_Microphone.wav,audioseal,0.4375
group_office,p106,/media/storage/hadleigh/stegaphone_data/final_rec//p106/audioseal/sample_6/watermarked_group_office_recording_Fifine_USB_PnP_Audio_Device.wav,audioseal,0.5625
group_office,p106,/media/storage/hadleigh/stegaphone_data/final_rec//p106/audioseal/sample_1/watermarked_group_office_recording_iPhone_Microphone.wav,audioseal,0.6875
group_office,p106,/media/storage/hadleigh/stegaphone_data/final_rec//p106/audioseal/sample_1/watermarked_group_office_recording_USB_Lavalier_Microphone.wav,audioseal,0.6250
group_office,p106,/media/storage/hadleigh/stegaphone_data/final_rec//p106/audioseal/sample_1/watermarked_group_office_recording_Yeti_Stereo_Microphone.wav,audioseal,0.6875
group_office,p106,/media/storage/hadleigh/stegaphone_data/final_rec//p106/audioseal/sample_1/watermarked_group_office_recording_Fifine_USB_PnP_Audio_Device.wav,audioseal,0.5000
group_office,p107,/media/storage/hadleigh/stegaphone_data/final_rec//p107/audioseal/sample_7/watermarked_group_office_recording_iPhone_Microphone.wav,audioseal,0.5000
group_office,p107,/media/storage/hadleigh/stegaphone_data/final_rec//p107/audioseal/sample_7/watermarked_group_office_recording_USB_Lavalier_Microphone.wav,audioseal,0.6250
group_office,p107,/media/storage/hadleigh/stegaphone_data/final_rec//p107/audioseal/sample_7/watermarked_group_office_recording_Yeti_Stereo_Microphone.wav,audioseal,0.5625
group_office,p107,/media/storage/hadleigh/stegaphone_data/final_rec//p107/audioseal/sample_7/watermarked_group_office_recording_Fifine_USB_PnP_Audio_Device.wav,audioseal,0.6250
group_office,p107,/media/storage/hadleigh/stegaphone_data/final_rec//p107/audioseal/sample_2/watermarked_group_office_recording_iPhone_Microphone.wav,audioseal,0.5000
group_office,p107,/media/storage/hadleigh/stegaphone_data/final_rec//p107/audioseal/sample_2/watermarked_group_office_recording_USB_Lavalier_Microphone.wav,audioseal,0.5000
group_office,p107,/media/storage/hadleigh/stegaphone_data/final_rec//p107/audioseal/sample_2/watermarked_group_office_recording_Yeti_Stereo_Microphone.wav,audioseal,0.5625
group_office,p107,/media/storage/hadleigh/stegaphone_data/final_rec//p107/audioseal/sample_2/watermarked_group_office_recording_Fifine_USB_PnP_Audio_Device.wav,audioseal,0.6875
group_office,p107,/media/storage/hadleigh/stegaphone_data/final_rec//p107/audioseal/sample_3/watermarked_group_office_recording_iPhone_Microphone.wav,audioseal,0.7500
group_office,p107,/media/storage/hadleigh/stegaphone_data/final_rec//p107/audioseal/sample_3/watermarked_group_office_recording_USB_Lavalier_Microphone.wav,audioseal,0.6250
group_office,p107,/media/storage/hadleigh/stegaphone_data/final_rec//p107/audioseal/sample_3/watermarked_group_office_recording_Yeti_Stereo_Microphone.wav,audioseal,0.6250
group_office,p107,/media/storage/hadleigh/stegaphone_data/final_rec//p107/audioseal/sample_3/watermarked_group_office_recording_Fifine_USB_PnP_Audio_Device.wav,audioseal,0.3125
group_office,p107,/media/storage/hadleigh/stegaphone_data/final_rec//p107/audioseal/sample_5/watermarked_group_office_recording_iPhone_Microphone.wav,audioseal,0.2500
group_office,p107,/media/storage/hadleigh/stegaphone_data/final_rec//p107/audioseal/sample_5/watermarked_group_office_recording_USB_Lavalier_Microphone.wav,audioseal,0.6250
group_office,p107,/media/storage/hadleigh/stegaphone_data/final_rec//p107/audioseal/sample_5/watermarked_group_office_recording_Yeti_Stereo_Microphone.wav,audioseal,0.4375
group_office,p107,/media/storage/hadleigh/stegaphone_data/final_rec//p107/audioseal/sample_5/watermarked_group_office_recording_Fifine_USB_PnP_Audio_Device.wav,audioseal,0.4375
group_office,p107,/media/storage/hadleigh/stegaphone_data/final_rec//p107/audioseal/sample_8/watermarked_group_office_recording_iPhone_Microphone.wav,audioseal,0.4375
group_office,p107,/media/storage/hadleigh/stegaphone_data/final_rec//p107/audioseal/sample_8/watermarked_group_office_recording_USB_Lavalier_Microphone.wav,audioseal,0.3750
group_office,p107,/media/storage/hadleigh/stegaphone_data/final_rec//p107/audioseal/sample_8/watermarked_group_office_recording_Yeti_Stereo_Microphone.wav,audioseal,0.5000
group_office,p107,/media/storage/hadleigh/stegaphone_data/final_rec//p107/audioseal/sample_8/watermarked_group_office_recording_Fifine_USB_PnP_Audio_Device.wav,audioseal,0.5625
group_office,p107,/media/storage/hadleigh/stegaphone_data/final_rec//p107/audioseal/sample_10/watermarked_group_office_recording_iPhone_Microphone.wav,audioseal,0.5000
group_office,p107,/media/storage/hadleigh/stegaphone_data/final_rec//p107/audioseal/sample_10/watermarked_group_office_recording_USB_Lavalier_Microphone.wav,audioseal,0.4375
group_office,p107,/media/storage/hadleigh/stegaphone_data/final_rec//p107/audioseal/sample_10/watermarked_group_office_recording_Yeti_Stereo_Microphone.wav,audioseal,0.5000
group_office,p107,/media/storage/hadleigh/stegaphone_data/final_rec//p107/audioseal/sample_10/watermarked_group_office_recording_Fifine_USB_PnP_Audio_Device.wav,audioseal,0.5625
group_office,p107,/media/storage/hadleigh/stegaphone_data/final_rec//p107/audioseal/sample_4/watermarked_group_office_recording_iPhone_Microphone.wav,audioseal,0.5625
group_office,p107,/media/storage/hadleigh/stegaphone_data/final_rec//p107/audioseal/sample_4/watermarked_group_office_recording_USB_Lavalier_Microphone.wav,audioseal,0.5625
group_office,p107,/media/storage/hadleigh/stegaphone_data/final_rec//p107/audioseal/sample_4/watermarked_group_office_recording_Yeti_Stereo_Microphone.wav,audioseal,0.5625
group_office,p107,/media/storage/hadleigh/stegaphone_data/final_rec//p107/audioseal/sample_4/watermarked_group_office_recording_Fifine_USB_PnP_Audio_Device.wav,audioseal,0.4375
group_office,p107,/media/storage/hadleigh/stegaphone_data/final_rec//p107/audioseal/sample_9/watermarked_group_office_recording_iPhone_Microphone.wav,audioseal,0.3125
group_office,p107,/media/storage/hadleigh/stegaphone_data/final_rec//p107/audioseal/sample_9/watermarked_group_office_recording_USB_Lavalier_Microphone.wav,audioseal,0.4375
group_office,p107,/media/storage/hadleigh/stegaphone_data/final_rec//p107/audioseal/sample_9/watermarked_group_office_recording_Yeti_Stereo_Microphone.wav,audioseal,0.5625
group_office,p107,/media/storage/hadleigh/stegaphone_data/final_rec//p107/audioseal/sample_9/watermarked_group_office_recording_Fifine_USB_PnP_Audio_Device.wav,audioseal,0.3750
group_office,p107,/media/storage/hadleigh/stegaphone_data/final_rec//p107/audioseal/sample_6/watermarked_group_office_recording_iPhone_Microphone.wav,audioseal,0.5625
group_office,p107,/media/storage/hadleigh/stegaphone_data/final_rec//p107/audioseal/sample_6/watermarked_group_office_recording_USB_Lavalier_Microphone.wav,audioseal,0.4375
group_office,p107,/media/storage/hadleigh/stegaphone_data/final_rec//p107/audioseal/sample_6/watermarked_group_office_recording_Yeti_Stereo_Microphone.wav,audioseal,0.3750
group_office,p107,/media/storage/hadleigh/stegaphone_data/final_rec//p107/audioseal/sample_6/watermarked_group_office_recording_Fifine_USB_PnP_Audio_Device.wav,audioseal,0.3125
group_office,p107,/media/storage/hadleigh/stegaphone_data/final_rec//p107/audioseal/sample_1/watermarked_group_office_recording_iPhone_Microphone.wav,audioseal,0.3750
group_office,p107,/media/storage/hadleigh/stegaphone_data/final_rec//p107/audioseal/sample_1/watermarked_group_office_recording_USB_Lavalier_Microphone.wav,audioseal,0.3125
group_office,p107,/media/storage/hadleigh/stegaphone_data/final_rec//p107/audioseal/sample_1/watermarked_group_office_recording_Yeti_Stereo_Microphone.wav,audioseal,0.4375
group_office,p107,/media/storage/hadleigh/stegaphone_data/final_rec//p107/audioseal/sample_1/watermarked_group_office_recording_Fifine_USB_PnP_Audio_Device.wav,audioseal,0.5625
lab,p102,/media/storage/hadleigh/stegaphone_data/final_rec//p102/audioseal/sample_7/watermarked_lab_recording_Fifine_USB_PnP_Audio_Device.wav,audioseal,0.6875
lab,p102,/media/storage/hadleigh/stegaphone_data/final_rec//p102/audioseal/sample_7/watermarked_lab_recording_iPhone_Microphone.wav,audioseal,0.3750
lab,p102,/media/storage/hadleigh/stegaphone_data/final_rec//p102/audioseal/sample_7/watermarked_lab_recording_USB_Lavalier_Microphone.wav,audioseal,0.3750
lab,p102,/media/storage/hadleigh/stegaphone_data/final_rec//p102/audioseal/sample_7/watermarked_lab_recording_Yeti_Stereo_Microphone.wav,audioseal,0.6250
lab,p102,/media/storage/hadleigh/stegaphone_data/final_rec//p102/audioseal/sample_2/watermarked_lab_recording_Fifine_USB_PnP_Audio_Device.wav,audioseal,0.3750
lab,p102,/media/storage/hadleigh/stegaphone_data/final_rec//p102/audioseal/sample_2/watermarked_lab_recording_iPhone_Microphone.wav,audioseal,0.3750
lab,p102,/media/storage/hadleigh/stegaphone_data/final_rec//p102/audioseal/sample_2/watermarked_lab_recording_USB_Lavalier_Microphone.wav,audioseal,0.2500
lab,p102,/media/storage/hadleigh/stegaphone_data/final_rec//p102/audioseal/sample_2/watermarked_lab_recording_Yeti_Stereo_Microphone.wav,audioseal,0.3125
lab,p102,/media/storage/hadleigh/stegaphone_data/final_rec//p102/audioseal/sample_3/watermarked_lab_recording_Fifine_USB_PnP_Audio_Device.wav,audioseal,0.6875
lab,p102,/media/storage/hadleigh/stegaphone_data/final_rec//p102/audioseal/sample_3/watermarked_lab_recording_iPhone_Microphone.wav,audioseal,0.5625
lab,p102,/media/storage/hadleigh/stegaphone_data/final_rec//p102/audioseal/sample_3/watermarked_lab_recording_USB_Lavalier_Microphone.wav,audioseal,0.6250
lab,p102,/media/storage/hadleigh/stegaphone_data/final_rec//p102/audioseal/sample_3/watermarked_lab_recording_Yeti_Stereo_Microphone.wav,audioseal,0.5000
lab,p102,/media/storage/hadleigh/stegaphone_data/final_rec//p102/audioseal/sample_5/watermarked_lab_recording_Fifine_USB_PnP_Audio_Device.wav,audioseal,0.4375
lab,p102,/media/storage/hadleigh/stegaphone_data/final_rec//p102/audioseal/sample_5/watermarked_lab_recording_iPhone_Microphone.wav,audioseal,0.5000
lab,p102,/media/storage/hadleigh/stegaphone_data/final_rec//p102/audioseal/sample_5/watermarked_lab_recording_USB_Lavalier_Microphone.wav,audioseal,0.5000
lab,p102,/media/storage/hadleigh/stegaphone_data/final_rec//p102/audioseal/sample_5/watermarked_lab_recording_Yeti_Stereo_Microphone.wav,audioseal,0.1875
lab,p102,/media/storage/hadleigh/stegaphone_data/final_rec//p102/audioseal/sample_8/watermarked_lab_recording_Fifine_USB_PnP_Audio_Device.wav,audioseal,0.5000
lab,p102,/media/storage/hadleigh/stegaphone_data/final_rec//p102/audioseal/sample_8/watermarked_lab_recording_iPhone_Microphone.wav,audioseal,0.3750
lab,p102,/media/storage/hadleigh/stegaphone_data/final_rec//p102/audioseal/sample_8/watermarked_lab_recording_USB_Lavalier_Microphone.wav,audioseal,0.5625
lab,p102,/media/storage/hadleigh/stegaphone_data/final_rec//p102/audioseal/sample_8/watermarked_lab_recording_Yeti_Stereo_Microphone.wav,audioseal,0.5000
lab,p102,/media/storage/hadleigh/stegaphone_data/final_rec//p102/audioseal/sample_10/watermarked_lab_recording_Fifine_USB_PnP_Audio_Device.wav,audioseal,0.6250
lab,p102,/media/storage/hadleigh/stegaphone_data/final_rec//p102/audioseal/sample_10/watermarked_lab_recording_iPhone_Microphone.wav,audioseal,0.1875
lab,p102,/media/storage/hadleigh/stegaphone_data/final_rec//p102/audioseal/sample_10/watermarked_lab_recording_USB_Lavalier_Microphone.wav,audioseal,0.8125
lab,p102,/media/storage/hadleigh/stegaphone_data/final_rec//p102/audioseal/sample_10/watermarked_lab_recording_Yeti_Stereo_Microphone.wav,audioseal,0.6875
lab,p102,/media/storage/hadleigh/stegaphone_data/final_rec//p102/audioseal/sample_4/watermarked_lab_recording_Fifine_USB_PnP_Audio_Device.wav,audioseal,0.5625
lab,p102,/media/storage/hadleigh/stegaphone_data/final_rec//p102/audioseal/sample_4/watermarked_lab_recording_iPhone_Microphone.wav,audioseal,0.3750
lab,p102,/media/storage/hadleigh/stegaphone_data/final_rec//p102/audioseal/sample_4/watermarked_lab_recording_USB_Lavalier_Microphone.wav,audioseal,0.5625
lab,p102,/media/storage/hadleigh/stegaphone_data/final_rec//p102/audioseal/sample_4/watermarked_lab_recording_Yeti_Stereo_Microphone.wav,audioseal,0.4375
lab,p102,/media/storage/hadleigh/stegaphone_data/final_rec//p102/audioseal/sample_9/watermarked_lab_recording_Fifine_USB_PnP_Audio_Device.wav,audioseal,0.3125
lab,p102,/media/storage/hadleigh/stegaphone_data/final_rec//p102/audioseal/sample_9/watermarked_lab_recording_iPhone_Microphone.wav,audioseal,0.1875
lab,p102,/media/storage/hadleigh/stegaphone_data/final_rec//p102/audioseal/sample_9/watermarked_lab_recording_USB_Lavalier_Microphone.wav,audioseal,0.3750
lab,p102,/media/storage/hadleigh/stegaphone_data/final_rec//p102/audioseal/sample_9/watermarked_lab_recording_Yeti_Stereo_Microphone.wav,audioseal,0.4375
lab,p102,/media/storage/hadleigh/stegaphone_data/final_rec//p102/audioseal/sample_6/watermarked_lab_recording_Fifine_USB_PnP_Audio_Device.wav,audioseal,0.6250
lab,p102,/media/storage/hadleigh/stegaphone_data/final_rec//p102/audioseal/sample_6/watermarked_lab_recording_iPhone_Microphone.wav,audioseal,0.6875
lab,p102,/media/storage/hadleigh/stegaphone_data/final_rec//p102/audioseal/sample_6/watermarked_lab_recording_USB_Lavalier_Microphone.wav,audioseal,0.6250
lab,p102,/media/storage/hadleigh/stegaphone_data/final_rec//p102/audioseal/sample_6/watermarked_lab_recording_Yeti_Stereo_Microphone.wav,audioseal,0.6250
lab,p102,/media/storage/hadleigh/stegaphone_data/final_rec//p102/audioseal/sample_1/watermarked_lab_recording_Fifine_USB_PnP_Audio_Device.wav,audioseal,0.3750
lab,p102,/media/storage/hadleigh/stegaphone_data/final_rec//p102/audioseal/sample_1/watermarked_lab_recording_iPhone_Microphone.wav,audioseal,0.3125
lab,p102,/media/storage/hadleigh/stegaphone_data/final_rec//p102/audioseal/sample_1/watermarked_lab_recording_USB_Lavalier_Microphone.wav,audioseal,0.4375
lab,p102,/media/storage/hadleigh/stegaphone_data/final_rec//p102/audioseal/sample_1/watermarked_lab_recording_Yeti_Stereo_Microphone.wav,audioseal,0.4375
lab,p103,/media/storage/hadleigh/stegaphone_data/final_rec//p103/audioseal/sample_7/watermarked_lab_recording_Fifine_USB_PnP_Audio_Device.wav,audioseal,0.5625
lab,p103,/media/storage/hadleigh/stegaphone_data/final_rec//p103/audioseal/sample_7/watermarked_lab_recording_iPhone_Microphone.wav,audioseal,0.6250
lab,p103,/media/storage/hadleigh/stegaphone_data/final_rec//p103/audioseal/sample_7/watermarked_lab_recording_USB_Lavalier_Microphone.wav,audioseal,0.3125
lab,p103,/media/storage/hadleigh/stegaphone_data/final_rec//p103/audioseal/sample_7/watermarked_lab_recording_Yeti_Stereo_Microphone.wav,audioseal,0.2500
lab,p103,/media/storage/hadleigh/stegaphone_data/final_rec//p103/audioseal/sample_2/watermarked_lab_recording_Fifine_USB_PnP_Audio_Device.wav,audioseal,0.3125
lab,p103,/media/storage/hadleigh/stegaphone_data/final_rec//p103/audioseal/sample_2/watermarked_lab_recording_iPhone_Microphone.wav,audioseal,0.1250
lab,p103,/media/storage/hadleigh/stegaphone_data/final_rec//p103/audioseal/sample_2/watermarked_lab_recording_USB_Lavalier_Microphone.wav,audioseal,0.5000
lab,p103,/media/storage/hadleigh/stegaphone_data/final_rec//p103/audioseal/sample_2/watermarked_lab_recording_Yeti_Stereo_Microphone.wav,audioseal,0.5000
lab,p103,/media/storage/hadleigh/stegaphone_data/final_rec//p103/audioseal/sample_3/watermarked_lab_recording_Fifine_USB_PnP_Audio_Device.wav,audioseal,0.5625
lab,p103,/media/storage/hadleigh/stegaphone_data/final_rec//p103/audioseal/sample_3/watermarked_lab_recording_iPhone_Microphone.wav,audioseal,0.5000
lab,p103,/media/storage/hadleigh/stegaphone_data/final_rec//p103/audioseal/sample_3/watermarked_lab_recording_USB_Lavalier_Microphone.wav,audioseal,0.6250
lab,p103,/media/storage/hadleigh/stegaphone_data/final_rec//p103/audioseal/sample_3/watermarked_lab_recording_Yeti_Stereo_Microphone.wav,audioseal,0.5000
lab,p103,/media/storage/hadleigh/stegaphone_data/final_rec//p103/audioseal/sample_5/watermarked_lab_recording_Fifine_USB_PnP_Audio_Device.wav,audioseal,0.3750
lab,p103,/media/storage/hadleigh/stegaphone_data/final_rec//p103/audioseal/sample_5/watermarked_lab_recording_iPhone_Microphone.wav,audioseal,0.3750
lab,p103,/media/storage/hadleigh/stegaphone_data/final_rec//p103/audioseal/sample_5/watermarked_lab_recording_USB_Lavalier_Microphone.wav,audioseal,0.4375
lab,p103,/media/storage/hadleigh/stegaphone_data/final_rec//p103/audioseal/sample_5/watermarked_lab_recording_Yeti_Stereo_Microphone.wav,audioseal,0.5000
lab,p103,/media/storage/hadleigh/stegaphone_data/final_rec//p103/audioseal/sample_8/watermarked_lab_recording_Fifine_USB_PnP_Audio_Device.wav,audioseal,0.5000
lab,p103,/media/storage/hadleigh/stegaphone_data/final_rec//p103/audioseal/sample_8/watermarked_lab_recording_iPhone_Microphone.wav,audioseal,0.5000
lab,p103,/media/storage/hadleigh/stegaphone_data/final_rec//p103/audioseal/sample_8/watermarked_lab_recording_USB_Lavalier_Microphone.wav,audioseal,0.4375
lab,p103,/media/storage/hadleigh/stegaphone_data/final_rec//p103/audioseal/sample_8/watermarked_lab_recording_Yeti_Stereo_Microphone.wav,audioseal,0.4375
lab,p103,/media/storage/hadleigh/stegaphone_data/final_rec//p103/audioseal/sample_10/watermarked_lab_recording_Fifine_USB_PnP_Audio_Device.wav,audioseal,0.5000
lab,p103,/media/storage/hadleigh/stegaphone_data/final_rec//p103/audioseal/sample_10/watermarked_lab_recording_iPhone_Microphone.wav,audioseal,0.5000
lab,p103,/media/storage/hadleigh/stegaphone_data/final_rec//p103/audioseal/sample_10/watermarked_lab_recording_USB_Lavalier_Microphone.wav,audioseal,0.6250
lab,p103,/media/storage/hadleigh/stegaphone_data/final_rec//p103/audioseal/sample_10/watermarked_lab_recording_Yeti_Stereo_Microphone.wav,audioseal,0.5625
lab,p103,/media/storage/hadleigh/stegaphone_data/final_rec//p103/audioseal/sample_4/watermarked_lab_recording_Fifine_USB_PnP_Audio_Device.wav,audioseal,0.5625
lab,p103,/media/storage/hadleigh/stegaphone_data/final_rec//p103/audioseal/sample_4/watermarked_lab_recording_iPhone_Microphone.wav,audioseal,0.4375
lab,p103,/media/storage/hadleigh/stegaphone_data/final_rec//p103/audioseal/sample_4/watermarked_lab_recording_USB_Lavalier_Microphone.wav,audioseal,0.6250
lab,p103,/media/storage/hadleigh/stegaphone_data/final_rec//p103/audioseal/sample_4/watermarked_lab_recording_Yeti_Stereo_Microphone.wav,audioseal,0.4375
lab,p103,/media/storage/hadleigh/stegaphone_data/final_rec//p103/audioseal/sample_9/watermarked_lab_recording_Fifine_USB_PnP_Audio_Device.wav,audioseal,0.2500
lab,p103,/media/storage/hadleigh/stegaphone_data/final_rec//p103/audioseal/sample_9/watermarked_lab_recording_iPhone_Microphone.wav,audioseal,0.5000
lab,p103,/media/storage/hadleigh/stegaphone_data/final_rec//p103/audioseal/sample_9/watermarked_lab_recording_USB_Lavalier_Microphone.wav,audioseal,0.5000
lab,p103,/media/storage/hadleigh/stegaphone_data/final_rec//p103/audioseal/sample_9/watermarked_lab_recording_Yeti_Stereo_Microphone.wav,audioseal,0.5000
lab,p103,/media/storage/hadleigh/stegaphone_data/final_rec//p103/audioseal/sample_6/watermarked_lab_recording_Fifine_USB_PnP_Audio_Device.wav,audioseal,0.5000
lab,p103,/media/storage/hadleigh/stegaphone_data/final_rec//p103/audioseal/sample_6/watermarked_lab_recording_iPhone_Microphone.wav,audioseal,0.2500
lab,p103,/media/storage/hadleigh/stegaphone_data/final_rec//p103/audioseal/sample_6/watermarked_lab_recording_USB_Lavalier_Microphone.wav,audioseal,0.4375
lab,p103,/media/storage/hadleigh/stegaphone_data/final_rec//p103/audioseal/sample_6/watermarked_lab_recording_Yeti_Stereo_Microphone.wav,audioseal,0.3750
lab,p103,/media/storage/hadleigh/stegaphone_data/final_rec//p103/audioseal/sample_1/watermarked_lab_recording_Fifine_USB_PnP_Audio_Device.wav,audioseal,0.5000
lab,p103,/media/storage/hadleigh/stegaphone_data/final_rec//p103/audioseal/sample_1/watermarked_lab_recording_iPhone_Microphone.wav,audioseal,0.5000
lab,p103,/media/storage/hadleigh/stegaphone_data/final_rec//p103/audioseal/sample_1/watermarked_lab_recording_USB_Lavalier_Microphone.wav,audioseal,0.6250
lab,p103,/media/storage/hadleigh/stegaphone_data/final_rec//p103/audioseal/sample_1/watermarked_lab_recording_Yeti_Stereo_Microphone.wav,audioseal,0.5000
lab,p104,/media/storage/hadleigh/stegaphone_data/final_rec//p104/audioseal/sample_7/watermarked_lab_recording_Fifine_USB_PnP_Audio_Device.wav,audioseal,0.5625
lab,p104,/media/storage/hadleigh/stegaphone_data/final_rec//p104/audioseal/sample_7/watermarked_lab_recording_iPhone_Microphone.wav,audioseal,0.3125
lab,p104,/media/storage/hadleigh/stegaphone_data/final_rec//p104/audioseal/sample_7/watermarked_lab_recording_USB_Lavalier_Microphone.wav,audioseal,0.5625
lab,p104,/media/storage/hadleigh/stegaphone_data/final_rec//p104/audioseal/sample_7/watermarked_lab_recording_Yeti_Stereo_Microphone.wav,audioseal,0.4375
lab,p104,/media/storage/hadleigh/stegaphone_data/final_rec//p104/audioseal/sample_2/watermarked_lab_recording_Fifine_USB_PnP_Audio_Device.wav,audioseal,0.3750
lab,p104,/media/storage/hadleigh/stegaphone_data/final_rec//p104/audioseal/sample_2/watermarked_lab_recording_iPhone_Microphone.wav,audioseal,0.4375
lab,p104,/media/storage/hadleigh/stegaphone_data/final_rec//p104/audioseal/sample_2/watermarked_lab_recording_USB_Lavalier_Microphone.wav,audioseal,0.5625
lab,p104,/media/storage/hadleigh/stegaphone_data/final_rec//p104/audioseal/sample_2/watermarked_lab_recording_Yeti_Stereo_Microphone.wav,audioseal,0.4375
lab,p104,/media/storage/hadleigh/stegaphone_data/final_rec//p104/audioseal/sample_3/watermarked_lab_recording_Fifine_USB_PnP_Audio_Device.wav,audioseal,0.3125
lab,p104,/media/storage/hadleigh/stegaphone_data/final_rec//p104/audioseal/sample_3/watermarked_lab_recording_iPhone_Microphone.wav,audioseal,0.6250
lab,p104,/media/storage/hadleigh/stegaphone_data/final_rec//p104/audioseal/sample_3/watermarked_lab_recording_USB_Lavalier_Microphone.wav,audioseal,0.4375
lab,p104,/media/storage/hadleigh/stegaphone_data/final_rec//p104/audioseal/sample_3/watermarked_lab_recording_Yeti_Stereo_Microphone.wav,audioseal,0.3750
lab,p104,/media/storage/hadleigh/stegaphone_data/final_rec//p104/audioseal/sample_5/watermarked_lab_recording_Fifine_USB_PnP_Audio_Device.wav,audioseal,0.6875
lab,p104,/media/storage/hadleigh/stegaphone_data/final_rec//p104/audioseal/sample_5/watermarked_lab_recording_iPhone_Microphone.wav,audioseal,0.5625
lab,p104,/media/storage/hadleigh/stegaphone_data/final_rec//p104/audioseal/sample_5/watermarked_lab_recording_USB_Lavalier_Microphone.wav,audioseal,0.6250
lab,p104,/media/storage/hadleigh/stegaphone_data/final_rec//p104/audioseal/sample_5/watermarked_lab_recording_Yeti_Stereo_Microphone.wav,audioseal,0.5000
lab,p104,/media/storage/hadleigh/stegaphone_data/final_rec//p104/audioseal/sample_8/watermarked_lab_recording_Fifine_USB_PnP_Audio_Device.wav,audioseal,0.5625
lab,p104,/media/storage/hadleigh/stegaphone_data/final_rec//p104/audioseal/sample_8/watermarked_lab_recording_iPhone_Microphone.wav,audioseal,0.6875
lab,p104,/media/storage/hadleigh/stegaphone_data/final_rec//p104/audioseal/sample_8/watermarked_lab_recording_USB_Lavalier_Microphone.wav,audioseal,0.5625
lab,p104,/media/storage/hadleigh/stegaphone_data/final_rec//p104/audioseal/sample_8/watermarked_lab_recording_Yeti_Stereo_Microphone.wav,audioseal,0.6250
lab,p104,/media/storage/hadleigh/stegaphone_data/final_rec//p104/audioseal/sample_10/watermarked_lab_recording_Fifine_USB_PnP_Audio_Device.wav,audioseal,0.3750
lab,p104,/media/storage/hadleigh/stegaphone_data/final_rec//p104/audioseal/sample_10/watermarked_lab_recording_iPhone_Microphone.wav,audioseal,0.5000
lab,p104,/media/storage/hadleigh/stegaphone_data/final_rec//p104/audioseal/sample_10/watermarked_lab_recording_USB_Lavalier_Microphone.wav,audioseal,0.4375
lab,p104,/media/storage/hadleigh/stegaphone_data/final_rec//p104/audioseal/sample_10/watermarked_lab_recording_Yeti_Stereo_Microphone.wav,audioseal,0.2500
lab,p104,/media/storage/hadleigh/stegaphone_data/final_rec//p104/audioseal/sample_4/watermarked_lab_recording_Fifine_USB_PnP_Audio_Device.wav,audioseal,0.6250
lab,p104,/media/storage/hadleigh/stegaphone_data/final_rec//p104/audioseal/sample_4/watermarked_lab_recording_iPhone_Microphone.wav,audioseal,0.5000
lab,p104,/media/storage/hadleigh/stegaphone_data/final_rec//p104/audioseal/sample_4/watermarked_lab_recording_USB_Lavalier_Microphone.wav,audioseal,0.5625
lab,p104,/media/storage/hadleigh/stegaphone_data/final_rec//p104/audioseal/sample_4/watermarked_lab_recording_Yeti_Stereo_Microphone.wav,audioseal,0.5625
lab,p104,/media/storage/hadleigh/stegaphone_data/final_rec//p104/audioseal/sample_9/watermarked_lab_recording_Fifine_USB_PnP_Audio_Device.wav,audioseal,0.5625
lab,p104,/media/storage/hadleigh/stegaphone_data/final_rec//p104/audioseal/sample_9/watermarked_lab_recording_iPhone_Microphone.wav,audioseal,0.5625
lab,p104,/media/storage/hadleigh/stegaphone_data/final_rec//p104/audioseal/sample_9/watermarked_lab_recording_USB_Lavalier_Microphone.wav,audioseal,0.7500
lab,p104,/media/storage/hadleigh/stegaphone_data/final_rec//p104/audioseal/sample_9/watermarked_lab_recording_Yeti_Stereo_Microphone.wav,audioseal,0.5000
lab,p104,/media/storage/hadleigh/stegaphone_data/final_rec//p104/audioseal/sample_6/watermarked_lab_recording_Fifine_USB_PnP_Audio_Device.wav,audioseal,0.5000
lab,p104,/media/storage/hadleigh/stegaphone_data/final_rec//p104/audioseal/sample_6/watermarked_lab_recording_iPhone_Microphone.wav,audioseal,0.5000
lab,p104,/media/storage/hadleigh/stegaphone_data/final_rec//p104/audioseal/sample_6/watermarked_lab_recording_USB_Lavalier_Microphone.wav,audioseal,0.5000
lab,p104,/media/storage/hadleigh/stegaphone_data/final_rec//p104/audioseal/sample_6/watermarked_lab_recording_Yeti_Stereo_Microphone.wav,audioseal,0.6875
lab,p104,/media/storage/hadleigh/stegaphone_data/final_rec//p104/audioseal/sample_1/watermarked_lab_recording_Fifine_USB_PnP_Audio_Device.wav,audioseal,0.6250
lab,p104,/media/storage/hadleigh/stegaphone_data/final_rec//p104/audioseal/sample_1/watermarked_lab_recording_iPhone_Microphone.wav,audioseal,0.5000
lab,p104,/media/storage/hadleigh/stegaphone_data/final_rec//p104/audioseal/sample_1/watermarked_lab_recording_USB_Lavalier_Microphone.wav,audioseal,0.3125
lab,p104,/media/storage/hadleigh/stegaphone_data/final_rec//p104/audioseal/sample_1/watermarked_lab_recording_Yeti_Stereo_Microphone.wav,audioseal,0.6250
lab,p105,/media/storage/hadleigh/stegaphone_data/final_rec//p105/audioseal/sample_7/watermarked_lab_recording_Fifine_USB_PnP_Audio_Device.wav,audioseal,0.3750
lab,p105,/media/storage/hadleigh/stegaphone_data/final_rec//p105/audioseal/sample_7/watermarked_lab_recording_iPhone_Microphone.wav,audioseal,0.3750
lab,p105,/media/storage/hadleigh/stegaphone_data/final_rec//p105/audioseal/sample_7/watermarked_lab_recording_USB_Lavalier_Microphone.wav,audioseal,0.3750
lab,p105,/media/storage/hadleigh/stegaphone_data/final_rec//p105/audioseal/sample_7/watermarked_lab_recording_Yeti_Stereo_Microphone.wav,audioseal,0.3125
lab,p105,/media/storage/hadleigh/stegaphone_data/final_rec//p105/audioseal/sample_2/watermarked_lab_recording_Fifine_USB_PnP_Audio_Device.wav,audioseal,0.4375
lab,p105,/media/storage/hadleigh/stegaphone_data/final_rec//p105/audioseal/sample_2/watermarked_lab_recording_iPhone_Microphone.wav,audioseal,0.1875
lab,p105,/media/storage/hadleigh/stegaphone_data/final_rec//p105/audioseal/sample_2/watermarked_lab_recording_USB_Lavalier_Microphone.wav,audioseal,0.4375
lab,p105,/media/storage/hadleigh/stegaphone_data/final_rec//p105/audioseal/sample_2/watermarked_lab_recording_Yeti_Stereo_Microphone.wav,audioseal,0.3750
lab,p105,/media/storage/hadleigh/stegaphone_data/final_rec//p105/audioseal/sample_3/watermarked_lab_recording_Fifine_USB_PnP_Audio_Device.wav,audioseal,0.5000
lab,p105,/media/storage/hadleigh/stegaphone_data/final_rec//p105/audioseal/sample_3/watermarked_lab_recording_iPhone_Microphone.wav,audioseal,0.4375
lab,p105,/media/storage/hadleigh/stegaphone_data/final_rec//p105/audioseal/sample_3/watermarked_lab_recording_USB_Lavalier_Microphone.wav,audioseal,0.5000
lab,p105,/media/storage/hadleigh/stegaphone_data/final_rec//p105/audioseal/sample_3/watermarked_lab_recording_Yeti_Stereo_Microphone.wav,audioseal,0.5625
lab,p105,/media/storage/hadleigh/stegaphone_data/final_rec//p105/audioseal/sample_5/watermarked_lab_recording_Fifine_USB_PnP_Audio_Device.wav,audioseal,0.6250
lab,p105,/media/storage/hadleigh/stegaphone_data/final_rec//p105/audioseal/sample_5/watermarked_lab_recording_iPhone_Microphone.wav,audioseal,0.6875
lab,p105,/media/storage/hadleigh/stegaphone_data/final_rec//p105/audioseal/sample_5/watermarked_lab_recording_USB_Lavalier_Microphone.wav,audioseal,0.6875
lab,p105,/media/storage/hadleigh/stegaphone_data/final_rec//p105/audioseal/sample_5/watermarked_lab_recording_Yeti_Stereo_Microphone.wav,audioseal,0.4375
lab,p105,/media/storage/hadleigh/stegaphone_data/final_rec//p105/audioseal/sample_8/watermarked_lab_recording_Fifine_USB_PnP_Audio_Device.wav,audioseal,0.3750
lab,p105,/media/storage/hadleigh/stegaphone_data/final_rec//p105/audioseal/sample_8/watermarked_lab_recording_iPhone_Microphone.wav,audioseal,0.5625
lab,p105,/media/storage/hadleigh/stegaphone_data/final_rec//p105/audioseal/sample_8/watermarked_lab_recording_USB_Lavalier_Microphone.wav,audioseal,0.3750
lab,p105,/media/storage/hadleigh/stegaphone_data/final_rec//p105/audioseal/sample_8/watermarked_lab_recording_Yeti_Stereo_Microphone.wav,audioseal,0.5625
lab,p105,/media/storage/hadleigh/stegaphone_data/final_rec//p105/audioseal/sample_10/watermarked_lab_recording_Fifine_USB_PnP_Audio_Device.wav,audioseal,0.1875
lab,p105,/media/storage/hadleigh/stegaphone_data/final_rec//p105/audioseal/sample_10/watermarked_lab_recording_iPhone_Microphone.wav,audioseal,0.3750
lab,p105,/media/storage/hadleigh/stegaphone_data/final_rec//p105/audioseal/sample_10/watermarked_lab_recording_USB_Lavalier_Microphone.wav,audioseal,0.2500
lab,p105,/media/storage/hadleigh/stegaphone_data/final_rec//p105/audioseal/sample_10/watermarked_lab_recording_Yeti_Stereo_Microphone.wav,audioseal,0.3125
lab,p105,/media/storage/hadleigh/stegaphone_data/final_rec//p105/audioseal/sample_4/watermarked_lab_recording_Fifine_USB_PnP_Audio_Device.wav,audioseal,0.2500
lab,p105,/media/storage/hadleigh/stegaphone_data/final_rec//p105/audioseal/sample_4/watermarked_lab_recording_iPhone_Microphone.wav,audioseal,0.3125
lab,p105,/media/storage/hadleigh/stegaphone_data/final_rec//p105/audioseal/sample_4/watermarked_lab_recording_USB_Lavalier_Microphone.wav,audioseal,0.3750
lab,p105,/media/storage/hadleigh/stegaphone_data/final_rec//p105/audioseal/sample_4/watermarked_lab_recording_Yeti_Stereo_Microphone.wav,audioseal,0.3750
lab,p105,/media/storage/hadleigh/stegaphone_data/final_rec//p105/audioseal/sample_9/watermarked_lab_recording_Fifine_USB_PnP_Audio_Device.wav,audioseal,0.5625
lab,p105,/media/storage/hadleigh/stegaphone_data/final_rec//p105/audioseal/sample_9/watermarked_lab_recording_iPhone_Microphone.wav,audioseal,0.4375
lab,p105,/media/storage/hadleigh/stegaphone_data/final_rec//p105/audioseal/sample_9/watermarked_lab_recording_USB_Lavalier_Microphone.wav,audioseal,0.3750
lab,p105,/media/storage/hadleigh/stegaphone_data/final_rec//p105/audioseal/sample_9/watermarked_lab_recording_Yeti_Stereo_Microphone.wav,audioseal,0.6250
lab,p105,/media/storage/hadleigh/stegaphone_data/final_rec//p105/audioseal/sample_6/watermarked_lab_recording_Fifine_USB_PnP_Audio_Device.wav,audioseal,0.5000
lab,p105,/media/storage/hadleigh/stegaphone_data/final_rec//p105/audioseal/sample_6/watermarked_lab_recording_iPhone_Microphone.wav,audioseal,0.5000
lab,p105,/media/storage/hadleigh/stegaphone_data/final_rec//p105/audioseal/sample_6/watermarked_lab_recording_USB_Lavalier_Microphone.wav,audioseal,0.5625
lab,p105,/media/storage/hadleigh/stegaphone_data/final_rec//p105/audioseal/sample_6/watermarked_lab_recording_Yeti_Stereo_Microphone.wav,audioseal,0.3750
lab,p105,/media/storage/hadleigh/stegaphone_data/final_rec//p105/audioseal/sample_1/watermarked_lab_recording_Fifine_USB_PnP_Audio_Device.wav,audioseal,0.6250
lab,p105,/media/storage/hadleigh/stegaphone_data/final_rec//p105/audioseal/sample_1/watermarked_lab_recording_iPhone_Microphone.wav,audioseal,0.4375
lab,p105,/media/storage/hadleigh/stegaphone_data/final_rec//p105/audioseal/sample_1/watermarked_lab_recording_USB_Lavalier_Microphone.wav,audioseal,0.5000
lab,p105,/media/storage/hadleigh/stegaphone_data/final_rec//p105/audioseal/sample_1/watermarked_lab_recording_Yeti_Stereo_Microphone.wav,audioseal,0.5625
lab,p106,/media/storage/hadleigh/stegaphone_data/final_rec//p106/audioseal/sample_7/watermarked_lab_recording_Fifine_USB_PnP_Audio_Device.wav,audioseal,0.5000
lab,p106,/media/storage/hadleigh/stegaphone_data/final_rec//p106/audioseal/sample_7/watermarked_lab_recording_iPhone_Microphone.wav,audioseal,0.5000
lab,p106,/media/storage/hadleigh/stegaphone_data/final_rec//p106/audioseal/sample_7/watermarked_lab_recording_USB_Lavalier_Microphone.wav,audioseal,0.7500
lab,p106,/media/storage/hadleigh/stegaphone_data/final_rec//p106/audioseal/sample_7/watermarked_lab_recording_Yeti_Stereo_Microphone.wav,audioseal,0.5625
lab,p106,/media/storage/hadleigh/stegaphone_data/final_rec//p106/audioseal/sample_2/watermarked_lab_recording_Fifine_USB_PnP_Audio_Device.wav,audioseal,0.5625
lab,p106,/media/storage/hadleigh/stegaphone_data/final_rec//p106/audioseal/sample_2/watermarked_lab_recording_iPhone_Microphone.wav,audioseal,0.3125
lab,p106,/media/storage/hadleigh/stegaphone_data/final_rec//p106/audioseal/sample_2/watermarked_lab_recording_USB_Lavalier_Microphone.wav,audioseal,0.4375
lab,p106,/media/storage/hadleigh/stegaphone_data/final_rec//p106/audioseal/sample_2/watermarked_lab_recording_Yeti_Stereo_Microphone.wav,audioseal,0.5000
lab,p106,/media/storage/hadleigh/stegaphone_data/final_rec//p106/audioseal/sample_3/watermarked_lab_recording_Fifine_USB_PnP_Audio_Device.wav,audioseal,0.3750
lab,p106,/media/storage/hadleigh/stegaphone_data/final_rec//p106/audioseal/sample_3/watermarked_lab_recording_iPhone_Microphone.wav,audioseal,0.3125
lab,p106,/media/storage/hadleigh/stegaphone_data/final_rec//p106/audioseal/sample_3/watermarked_lab_recording_USB_Lavalier_Microphone.wav,audioseal,0.5625
lab,p106,/media/storage/hadleigh/stegaphone_data/final_rec//p106/audioseal/sample_3/watermarked_lab_recording_Yeti_Stereo_Microphone.wav,audioseal,0.6875
lab,p106,/media/storage/hadleigh/stegaphone_data/final_rec//p106/audioseal/sample_5/watermarked_lab_recording_Fifine_USB_PnP_Audio_Device.wav,audioseal,0.5625
lab,p106,/media/storage/hadleigh/stegaphone_data/final_rec//p106/audioseal/sample_5/watermarked_lab_recording_iPhone_Microphone.wav,audioseal,0.1875
lab,p106,/media/storage/hadleigh/stegaphone_data/final_rec//p106/audioseal/sample_5/watermarked_lab_recording_USB_Lavalier_Microphone.wav,audioseal,0.5000
lab,p106,/media/storage/hadleigh/stegaphone_data/final_rec//p106/audioseal/sample_5/watermarked_lab_recording_Yeti_Stereo_Microphone.wav,audioseal,0.3125
lab,p106,/media/storage/hadleigh/stegaphone_data/final_rec//p106/audioseal/sample_8/watermarked_lab_recording_Fifine_USB_PnP_Audio_Device.wav,audioseal,0.6250
lab,p106,/media/storage/hadleigh/stegaphone_data/final_rec//p106/audioseal/sample_8/watermarked_lab_recording_iPhone_Microphone.wav,audioseal,0.5000
lab,p106,/media/storage/hadleigh/stegaphone_data/final_rec//p106/audioseal/sample_8/watermarked_lab_recording_USB_Lavalier_Microphone.wav,audioseal,0.6875
lab,p106,/media/storage/hadleigh/stegaphone_data/final_rec//p106/audioseal/sample_8/watermarked_lab_recording_Yeti_Stereo_Microphone.wav,audioseal,0.5625
lab,p106,/media/storage/hadleigh/stegaphone_data/final_rec//p106/audioseal/sample_10/watermarked_lab_recording_Fifine_USB_PnP_Audio_Device.wav,audioseal,0.6875
lab,p106,/media/storage/hadleigh/stegaphone_data/final_rec//p106/audioseal/sample_10/watermarked_lab_recording_iPhone_Microphone.wav,audioseal,0.2500
lab,p106,/media/storage/hadleigh/stegaphone_data/final_rec//p106/audioseal/sample_10/watermarked_lab_recording_USB_Lavalier_Microphone.wav,audioseal,0.5625
lab,p106,/media/storage/hadleigh/stegaphone_data/final_rec//p106/audioseal/sample_10/watermarked_lab_recording_Yeti_Stereo_Microphone.wav,audioseal,0.6875
lab,p106,/media/storage/hadleigh/stegaphone_data/final_rec//p106/audioseal/sample_4/watermarked_lab_recording_Fifine_USB_PnP_Audio_Device.wav,audioseal,0.6250
lab,p106,/media/storage/hadleigh/stegaphone_data/final_rec//p106/audioseal/sample_4/watermarked_lab_recording_iPhone_Microphone.wav,audioseal,0.3125
lab,p106,/media/storage/hadleigh/stegaphone_data/final_rec//p106/audioseal/sample_4/watermarked_lab_recording_USB_Lavalier_Microphone.wav,audioseal,0.4375
lab,p106,/media/storage/hadleigh/stegaphone_data/final_rec//p106/audioseal/sample_4/watermarked_lab_recording_Yeti_Stereo_Microphone.wav,audioseal,0.5625
lab,p106,/media/storage/hadleigh/stegaphone_data/final_rec//p106/audioseal/sample_9/watermarked_lab_recording_Fifine_USB_PnP_Audio_Device.wav,audioseal,0.3125
lab,p106,/media/storage/hadleigh/stegaphone_data/final_rec//p106/audioseal/sample_9/watermarked_lab_recording_iPhone_Microphone.wav,audioseal,0.4375
lab,p106,/media/storage/hadleigh/stegaphone_data/final_rec//p106/audioseal/sample_9/watermarked_lab_recording_USB_Lavalier_Microphone.wav,audioseal,0.4375
lab,p106,/media/storage/hadleigh/stegaphone_data/final_rec//p106/audioseal/sample_9/watermarked_lab_recording_Yeti_Stereo_Microphone.wav,audioseal,0.5000
lab,p106,/media/storage/hadleigh/stegaphone_data/final_rec//p106/audioseal/sample_6/watermarked_lab_recording_Fifine_USB_PnP_Audio_Device.wav,audioseal,0.4375
lab,p106,/media/storage/hadleigh/stegaphone_data/final_rec//p106/audioseal/sample_6/watermarked_lab_recording_iPhone_Microphone.wav,audioseal,0.6250
lab,p106,/media/storage/hadleigh/stegaphone_data/final_rec//p106/audioseal/sample_6/watermarked_lab_recording_USB_Lavalier_Microphone.wav,audioseal,0.5000
lab,p106,/media/storage/hadleigh/stegaphone_data/final_rec//p106/audioseal/sample_6/watermarked_lab_recording_Yeti_Stereo_Microphone.wav,audioseal,0.4375
lab,p106,/media/storage/hadleigh/stegaphone_data/final_rec//p106/audioseal/sample_1/watermarked_lab_recording_Fifine_USB_PnP_Audio_Device.wav,audioseal,0.6250
lab,p106,/media/storage/hadleigh/stegaphone_data/final_rec//p106/audioseal/sample_1/watermarked_lab_recording_iPhone_Microphone.wav,audioseal,0.5625
lab,p106,/media/storage/hadleigh/stegaphone_data/final_rec//p106/audioseal/sample_1/watermarked_lab_recording_USB_Lavalier_Microphone.wav,audioseal,0.5000
lab,p106,/media/storage/hadleigh/stegaphone_data/final_rec//p106/audioseal/sample_1/watermarked_lab_recording_Yeti_Stereo_Microphone.wav,audioseal,0.5000
lab,p107,/media/storage/hadleigh/stegaphone_data/final_rec//p107/audioseal/sample_7/watermarked_lab_recording_Fifine_USB_PnP_Audio_Device.wav,audioseal,0.5000
lab,p107,/media/storage/hadleigh/stegaphone_data/final_rec//p107/audioseal/sample_7/watermarked_lab_recording_iPhone_Microphone.wav,audioseal,0.3125
lab,p107,/media/storage/hadleigh/stegaphone_data/final_rec//p107/audioseal/sample_7/watermarked_lab_recording_USB_Lavalier_Microphone.wav,audioseal,0.5625
lab,p107,/media/storage/hadleigh/stegaphone_data/final_rec//p107/audioseal/sample_7/watermarked_lab_recording_Yeti_Stereo_Microphone.wav,audioseal,0.2500
lab,p107,/media/storage/hadleigh/stegaphone_data/final_rec//p107/audioseal/sample_2/watermarked_lab_recording_Fifine_USB_PnP_Audio_Device.wav,audioseal,0.4375
lab,p107,/media/storage/hadleigh/stegaphone_data/final_rec//p107/audioseal/sample_2/watermarked_lab_recording_iPhone_Microphone.wav,audioseal,0.3750
lab,p107,/media/storage/hadleigh/stegaphone_data/final_rec//p107/audioseal/sample_2/watermarked_lab_recording_USB_Lavalier_Microphone.wav,audioseal,0.1875
lab,p107,/media/storage/hadleigh/stegaphone_data/final_rec//p107/audioseal/sample_2/watermarked_lab_recording_Yeti_Stereo_Microphone.wav,audioseal,0.5000
lab,p107,/media/storage/hadleigh/stegaphone_data/final_rec//p107/audioseal/sample_3/watermarked_lab_recording_Fifine_USB_PnP_Audio_Device.wav,audioseal,0.3125
lab,p107,/media/storage/hadleigh/stegaphone_data/final_rec//p107/audioseal/sample_3/watermarked_lab_recording_iPhone_Microphone.wav,audioseal,0.5625
lab,p107,/media/storage/hadleigh/stegaphone_data/final_rec//p107/audioseal/sample_3/watermarked_lab_recording_USB_Lavalier_Microphone.wav,audioseal,0.6250
lab,p107,/media/storage/hadleigh/stegaphone_data/final_rec//p107/audioseal/sample_3/watermarked_lab_recording_Yeti_Stereo_Microphone.wav,audioseal,0.6875
lab,p107,/media/storage/hadleigh/stegaphone_data/final_rec//p107/audioseal/sample_5/watermarked_lab_recording_Fifine_USB_PnP_Audio_Device.wav,audioseal,0.5625
lab,p107,/media/storage/hadleigh/stegaphone_data/final_rec//p107/audioseal/sample_5/watermarked_lab_recording_iPhone_Microphone.wav,audioseal,0.6250
lab,p107,/media/storage/hadleigh/stegaphone_data/final_rec//p107/audioseal/sample_5/watermarked_lab_recording_USB_Lavalier_Microphone.wav,audioseal,0.5625
lab,p107,/media/storage/hadleigh/stegaphone_data/final_rec//p107/audioseal/sample_5/watermarked_lab_recording_Yeti_Stereo_Microphone.wav,audioseal,0.4375
lab,p107,/media/storage/hadleigh/stegaphone_data/final_rec//p107/audioseal/sample_8/watermarked_lab_recording_Fifine_USB_PnP_Audio_Device.wav,audioseal,0.3125
lab,p107,/media/storage/hadleigh/stegaphone_data/final_rec//p107/audioseal/sample_8/watermarked_lab_recording_iPhone_Microphone.wav,audioseal,0.2500
lab,p107,/media/storage/hadleigh/stegaphone_data/final_rec//p107/audioseal/sample_8/watermarked_lab_recording_USB_Lavalier_Microphone.wav,audioseal,0.3750
lab,p107,/media/storage/hadleigh/stegaphone_data/final_rec//p107/audioseal/sample_8/watermarked_lab_recording_Yeti_Stereo_Microphone.wav,audioseal,0.3750
lab,p107,/media/storage/hadleigh/stegaphone_data/final_rec//p107/audioseal/sample_10/watermarked_lab_recording_Fifine_USB_PnP_Audio_Device.wav,audioseal,0.5000
lab,p107,/media/storage/hadleigh/stegaphone_data/final_rec//p107/audioseal/sample_10/watermarked_lab_recording_iPhone_Microphone.wav,audioseal,0.5625
lab,p107,/media/storage/hadleigh/stegaphone_data/final_rec//p107/audioseal/sample_10/watermarked_lab_recording_USB_Lavalier_Microphone.wav,audioseal,0.4375
lab,p107,/media/storage/hadleigh/stegaphone_data/final_rec//p107/audioseal/sample_10/watermarked_lab_recording_Yeti_Stereo_Microphone.wav,audioseal,0.5000
lab,p107,/media/storage/hadleigh/stegaphone_data/final_rec//p107/audioseal/sample_4/watermarked_lab_recording_Fifine_USB_PnP_Audio_Device.wav,audioseal,0.6250
lab,p107,/media/storage/hadleigh/stegaphone_data/final_rec//p107/audioseal/sample_4/watermarked_lab_recording_iPhone_Microphone.wav,audioseal,0.3750
lab,p107,/media/storage/hadleigh/stegaphone_data/final_rec//p107/audioseal/sample_4/watermarked_lab_recording_USB_Lavalier_Microphone.wav,audioseal,0.6250
lab,p107,/media/storage/hadleigh/stegaphone_data/final_rec//p107/audioseal/sample_4/watermarked_lab_recording_Yeti_Stereo_Microphone.wav,audioseal,0.5625
lab,p107,/media/storage/hadleigh/stegaphone_data/final_rec//p107/audioseal/sample_9/watermarked_lab_recording_Fifine_USB_PnP_Audio_Device.wav,audioseal,0.3750
lab,p107,/media/storage/hadleigh/stegaphone_data/final_rec//p107/audioseal/sample_9/watermarked_lab_recording_iPhone_Microphone.wav,audioseal,0.5000
lab,p107,/media/storage/hadleigh/stegaphone_data/final_rec//p107/audioseal/sample_9/watermarked_lab_recording_USB_Lavalier_Microphone.wav,audioseal,0.3750
lab,p107,/media/storage/hadleigh/stegaphone_data/final_rec//p107/audioseal/sample_9/watermarked_lab_recording_Yeti_Stereo_Microphone.wav,audioseal,0.3750
lab,p107,/media/storage/hadleigh/stegaphone_data/final_rec//p107/audioseal/sample_6/watermarked_lab_recording_Fifine_USB_PnP_Audio_Device.wav,audioseal,0.5000
lab,p107,/media/storage/hadleigh/stegaphone_data/final_rec//p107/audioseal/sample_6/watermarked_lab_recording_iPhone_Microphone.wav,audioseal,0.5000
lab,p107,/media/storage/hadleigh/stegaphone_data/final_rec//p107/audioseal/sample_6/watermarked_lab_recording_USB_Lavalier_Microphone.wav,audioseal,0.5000
lab,p107,/media/storage/hadleigh/stegaphone_data/final_rec//p107/audioseal/sample_6/watermarked_lab_recording_Yeti_Stereo_Microphone.wav,audioseal,0.5000
lab,p107,/media/storage/hadleigh/stegaphone_data/final_rec//p107/audioseal/sample_1/watermarked_lab_recording_Fifine_USB_PnP_Audio_Device.wav,audioseal,0.5625
lab,p107,/media/storage/hadleigh/stegaphone_data/final_rec//p107/audioseal/sample_1/watermarked_lab_recording_iPhone_Microphone.wav,audioseal,0.5000
lab,p107,/media/storage/hadleigh/stegaphone_data/final_rec//p107/audioseal/sample_1/watermarked_lab_recording_USB_Lavalier_Microphone.wav,audioseal,0.4375
lab,p107,/media/storage/hadleigh/stegaphone_data/final_rec//p107/audioseal/sample_1/watermarked_lab_recording_Yeti_Stereo_Microphone.wav,audioseal,0.5625
outside1,p102,/media/storage/hadleigh/stegaphone_data/final_rec//p102/audioseal/sample_7/watermarked_outside1_recording_USB_Lavalier_Microphone.wav,audioseal,0.3750
outside1,p102,/media/storage/hadleigh/stegaphone_data/final_rec//p102/audioseal/sample_7/watermarked_outside1_recording_iPhone_Microphone.wav,audioseal,0.3750
outside1,p102,/media/storage/hadleigh/stegaphone_data/final_rec//p102/audioseal/sample_7/watermarked_outside1_recording_Yeti_Stereo_Microphone.wav,audioseal,0.3750
outside1,p102,/media/storage/hadleigh/stegaphone_data/final_rec//p102/audioseal/sample_7/watermarked_outside1_recording_Fifine_USB_PnP_Audio_Device.wav,audioseal,0.4375
outside1,p102,/media/storage/hadleigh/stegaphone_data/final_rec//p102/audioseal/sample_2/watermarked_outside1_recording_USB_Lavalier_Microphone.wav,audioseal,0.2500
outside1,p102,/media/storage/hadleigh/stegaphone_data/final_rec//p102/audioseal/sample_2/watermarked_outside1_recording_iPhone_Microphone.wav,audioseal,0.3750
outside1,p102,/media/storage/hadleigh/stegaphone_data/final_rec//p102/audioseal/sample_2/watermarked_outside1_recording_Yeti_Stereo_Microphone.wav,audioseal,0.3750
outside1,p102,/media/storage/hadleigh/stegaphone_data/final_rec//p102/audioseal/sample_2/watermarked_outside1_recording_Fifine_USB_PnP_Audio_Device.wav,audioseal,0.3125
outside1,p102,/media/storage/hadleigh/stegaphone_data/final_rec//p102/audioseal/sample_3/watermarked_outside1_recording_USB_Lavalier_Microphone.wav,audioseal,0.5625
outside1,p102,/media/storage/hadleigh/stegaphone_data/final_rec//p102/audioseal/sample_3/watermarked_outside1_recording_iPhone_Microphone.wav,audioseal,0.5625
outside1,p102,/media/storage/hadleigh/stegaphone_data/final_rec//p102/audioseal/sample_3/watermarked_outside1_recording_Yeti_Stereo_Microphone.wav,audioseal,0.4375
outside1,p102,/media/storage/hadleigh/stegaphone_data/final_rec//p102/audioseal/sample_3/watermarked_outside1_recording_Fifine_USB_PnP_Audio_Device.wav,audioseal,0.6875
outside1,p102,/media/storage/hadleigh/stegaphone_data/final_rec//p102/audioseal/sample_5/watermarked_outside1_recording_USB_Lavalier_Microphone.wav,audioseal,0.4375
outside1,p102,/media/storage/hadleigh/stegaphone_data/final_rec//p102/audioseal/sample_5/watermarked_outside1_recording_iPhone_Microphone.wav,audioseal,0.5000
outside1,p102,/media/storage/hadleigh/stegaphone_data/final_rec//p102/audioseal/sample_5/watermarked_outside1_recording_Yeti_Stereo_Microphone.wav,audioseal,0.6250
outside1,p102,/media/storage/hadleigh/stegaphone_data/final_rec//p102/audioseal/sample_5/watermarked_outside1_recording_Fifine_USB_PnP_Audio_Device.wav,audioseal,0.5625
outside1,p102,/media/storage/hadleigh/stegaphone_data/final_rec//p102/audioseal/sample_8/watermarked_outside1_recording_USB_Lavalier_Microphone.wav,audioseal,0.5000
outside1,p102,/media/storage/hadleigh/stegaphone_data/final_rec//p102/audioseal/sample_8/watermarked_outside1_recording_iPhone_Microphone.wav,audioseal,0.5625
outside1,p102,/media/storage/hadleigh/stegaphone_data/final_rec//p102/audioseal/sample_8/watermarked_outside1_recording_Yeti_Stereo_Microphone.wav,audioseal,0.4375
outside1,p102,/media/storage/hadleigh/stegaphone_data/final_rec//p102/audioseal/sample_8/watermarked_outside1_recording_Fifine_USB_PnP_Audio_Device.wav,audioseal,0.6875
outside1,p102,/media/storage/hadleigh/stegaphone_data/final_rec//p102/audioseal/sample_10/watermarked_outside1_recording_USB_Lavalier_Microphone.wav,audioseal,0.6875
outside1,p102,/media/storage/hadleigh/stegaphone_data/final_rec//p102/audioseal/sample_10/watermarked_outside1_recording_iPhone_Microphone.wav,audioseal,0.8125
outside1,p102,/media/storage/hadleigh/stegaphone_data/final_rec//p102/audioseal/sample_10/watermarked_outside1_recording_Yeti_Stereo_Microphone.wav,audioseal,0.6875
outside1,p102,/media/storage/hadleigh/stegaphone_data/final_rec//p102/audioseal/sample_10/watermarked_outside1_recording_Fifine_USB_PnP_Audio_Device.wav,audioseal,0.8125
outside1,p102,/media/storage/hadleigh/stegaphone_data/final_rec//p102/audioseal/sample_4/watermarked_outside1_recording_USB_Lavalier_Microphone.wav,audioseal,0.5625
outside1,p102,/media/storage/hadleigh/stegaphone_data/final_rec//p102/audioseal/sample_4/watermarked_outside1_recording_iPhone_Microphone.wav,audioseal,0.5625
outside1,p102,/media/storage/hadleigh/stegaphone_data/final_rec//p102/audioseal/sample_4/watermarked_outside1_recording_Yeti_Stereo_Microphone.wav,audioseal,0.5000
outside1,p102,/media/storage/hadleigh/stegaphone_data/final_rec//p102/audioseal/sample_4/watermarked_outside1_recording_Fifine_USB_PnP_Audio_Device.wav,audioseal,0.4375
outside1,p102,/media/storage/hadleigh/stegaphone_data/final_rec//p102/audioseal/sample_9/watermarked_outside1_recording_USB_Lavalier_Microphone.wav,audioseal,0.3750
outside1,p102,/media/storage/hadleigh/stegaphone_data/final_rec//p102/audioseal/sample_9/watermarked_outside1_recording_iPhone_Microphone.wav,audioseal,0.3750
outside1,p102,/media/storage/hadleigh/stegaphone_data/final_rec//p102/audioseal/sample_9/watermarked_outside1_recording_Yeti_Stereo_Microphone.wav,audioseal,0.3750
outside1,p102,/media/storage/hadleigh/stegaphone_data/final_rec//p102/audioseal/sample_9/watermarked_outside1_recording_Fifine_USB_PnP_Audio_Device.wav,audioseal,0.3750
outside1,p102,/media/storage/hadleigh/stegaphone_data/final_rec//p102/audioseal/sample_6/watermarked_outside1_recording_USB_Lavalier_Microphone.wav,audioseal,0.5625
outside1,p102,/media/storage/hadleigh/stegaphone_data/final_rec//p102/audioseal/sample_6/watermarked_outside1_recording_iPhone_Microphone.wav,audioseal,0.6250
outside1,p102,/media/storage/hadleigh/stegaphone_data/final_rec//p102/audioseal/sample_6/watermarked_outside1_recording_Yeti_Stereo_Microphone.wav,audioseal,0.5000
outside1,p102,/media/storage/hadleigh/stegaphone_data/final_rec//p102/audioseal/sample_6/watermarked_outside1_recording_Fifine_USB_PnP_Audio_Device.wav,audioseal,0.5625
outside1,p102,/media/storage/hadleigh/stegaphone_data/final_rec//p102/audioseal/sample_1/watermarked_outside1_recording_USB_Lavalier_Microphone.wav,audioseal,0.5625
outside1,p102,/media/storage/hadleigh/stegaphone_data/final_rec//p102/audioseal/sample_1/watermarked_outside1_recording_iPhone_Microphone.wav,audioseal,0.5625
outside1,p102,/media/storage/hadleigh/stegaphone_data/final_rec//p102/audioseal/sample_1/watermarked_outside1_recording_Yeti_Stereo_Microphone.wav,audioseal,0.4375
outside1,p102,/media/storage/hadleigh/stegaphone_data/final_rec//p102/audioseal/sample_1/watermarked_outside1_recording_Fifine_USB_PnP_Audio_Device.wav,audioseal,0.5000
outside1,p103,/media/storage/hadleigh/stegaphone_data/final_rec//p103/audioseal/sample_7/watermarked_outside1_recording_USB_Lavalier_Microphone.wav,audioseal,0.3750
outside1,p103,/media/storage/hadleigh/stegaphone_data/final_rec//p103/audioseal/sample_7/watermarked_outside1_recording_iPhone_Microphone.wav,audioseal,0.2500
outside1,p103,/media/storage/hadleigh/stegaphone_data/final_rec//p103/audioseal/sample_7/watermarked_outside1_recording_Yeti_Stereo_Microphone.wav,audioseal,0.3750
outside1,p103,/media/storage/hadleigh/stegaphone_data/final_rec//p103/audioseal/sample_7/watermarked_outside1_recording_Fifine_USB_PnP_Audio_Device.wav,audioseal,0.3750
outside1,p103,/media/storage/hadleigh/stegaphone_data/final_rec//p103/audioseal/sample_2/watermarked_outside1_recording_USB_Lavalier_Microphone.wav,audioseal,0.5625
outside1,p103,/media/storage/hadleigh/stegaphone_data/final_rec//p103/audioseal/sample_2/watermarked_outside1_recording_iPhone_Microphone.wav,audioseal,0.4375
outside1,p103,/media/storage/hadleigh/stegaphone_data/final_rec//p103/audioseal/sample_2/watermarked_outside1_recording_Yeti_Stereo_Microphone.wav,audioseal,0.5000
outside1,p103,/media/storage/hadleigh/stegaphone_data/final_rec//p103/audioseal/sample_2/watermarked_outside1_recording_Fifine_USB_PnP_Audio_Device.wav,audioseal,0.4375
outside1,p103,/media/storage/hadleigh/stegaphone_data/final_rec//p103/audioseal/sample_3/watermarked_outside1_recording_USB_Lavalier_Microphone.wav,audioseal,0.5625
outside1,p103,/media/storage/hadleigh/stegaphone_data/final_rec//p103/audioseal/sample_3/watermarked_outside1_recording_iPhone_Microphone.wav,audioseal,0.6250
outside1,p103,/media/storage/hadleigh/stegaphone_data/final_rec//p103/audioseal/sample_3/watermarked_outside1_recording_Yeti_Stereo_Microphone.wav,audioseal,0.6250
outside1,p103,/media/storage/hadleigh/stegaphone_data/final_rec//p103/audioseal/sample_3/watermarked_outside1_recording_Fifine_USB_PnP_Audio_Device.wav,audioseal,0.5625
outside1,p103,/media/storage/hadleigh/stegaphone_data/final_rec//p103/audioseal/sample_5/watermarked_outside1_recording_USB_Lavalier_Microphone.wav,audioseal,0.3125
outside1,p103,/media/storage/hadleigh/stegaphone_data/final_rec//p103/audioseal/sample_5/watermarked_outside1_recording_iPhone_Microphone.wav,audioseal,0.4375
outside1,p103,/media/storage/hadleigh/stegaphone_data/final_rec//p103/audioseal/sample_5/watermarked_outside1_recording_Yeti_Stereo_Microphone.wav,audioseal,0.5000
outside1,p103,/media/storage/hadleigh/stegaphone_data/final_rec//p103/audioseal/sample_5/watermarked_outside1_recording_Fifine_USB_PnP_Audio_Device.wav,audioseal,0.3750
outside1,p103,/media/storage/hadleigh/stegaphone_data/final_rec//p103/audioseal/sample_8/watermarked_outside1_recording_USB_Lavalier_Microphone.wav,audioseal,0.4375
outside1,p103,/media/storage/hadleigh/stegaphone_data/final_rec//p103/audioseal/sample_8/watermarked_outside1_recording_iPhone_Microphone.wav,audioseal,0.4375
outside1,p103,/media/storage/hadleigh/stegaphone_data/final_rec//p103/audioseal/sample_8/watermarked_outside1_recording_Yeti_Stereo_Microphone.wav,audioseal,0.4375
outside1,p103,/media/storage/hadleigh/stegaphone_data/final_rec//p103/audioseal/sample_8/watermarked_outside1_recording_Fifine_USB_PnP_Audio_Device.wav,audioseal,0.5000
outside1,p103,/media/storage/hadleigh/stegaphone_data/final_rec//p103/audioseal/sample_10/watermarked_outside1_recording_USB_Lavalier_Microphone.wav,audioseal,0.5625
outside1,p103,/media/storage/hadleigh/stegaphone_data/final_rec//p103/audioseal/sample_10/watermarked_outside1_recording_iPhone_Microphone.wav,audioseal,0.5625
outside1,p103,/media/storage/hadleigh/stegaphone_data/final_rec//p103/audioseal/sample_10/watermarked_outside1_recording_Yeti_Stereo_Microphone.wav,audioseal,0.5625
outside1,p103,/media/storage/hadleigh/stegaphone_data/final_rec//p103/audioseal/sample_10/watermarked_outside1_recording_Fifine_USB_PnP_Audio_Device.wav,audioseal,0.6250
outside1,p103,/media/storage/hadleigh/stegaphone_data/final_rec//p103/audioseal/sample_4/watermarked_outside1_recording_USB_Lavalier_Microphone.wav,audioseal,0.6250
outside1,p103,/media/storage/hadleigh/stegaphone_data/final_rec//p103/audioseal/sample_4/watermarked_outside1_recording_iPhone_Microphone.wav,audioseal,0.5625
outside1,p103,/media/storage/hadleigh/stegaphone_data/final_rec//p103/audioseal/sample_4/watermarked_outside1_recording_Yeti_Stereo_Microphone.wav,audioseal,0.5625
outside1,p103,/media/storage/hadleigh/stegaphone_data/final_rec//p103/audioseal/sample_4/watermarked_outside1_recording_Fifine_USB_PnP_Audio_Device.wav,audioseal,0.5625
outside1,p103,/media/storage/hadleigh/stegaphone_data/final_rec//p103/audioseal/sample_9/watermarked_outside1_recording_USB_Lavalier_Microphone.wav,audioseal,0.4375
outside1,p103,/media/storage/hadleigh/stegaphone_data/final_rec//p103/audioseal/sample_9/watermarked_outside1_recording_iPhone_Microphone.wav,audioseal,0.3750
outside1,p103,/media/storage/hadleigh/stegaphone_data/final_rec//p103/audioseal/sample_9/watermarked_outside1_recording_Yeti_Stereo_Microphone.wav,audioseal,0.3125
outside1,p103,/media/storage/hadleigh/stegaphone_data/final_rec//p103/audioseal/sample_9/watermarked_outside1_recording_Fifine_USB_PnP_Audio_Device.wav,audioseal,0.4375
outside1,p103,/media/storage/hadleigh/stegaphone_data/final_rec//p103/audioseal/sample_6/watermarked_outside1_recording_USB_Lavalier_Microphone.wav,audioseal,0.5000
outside1,p103,/media/storage/hadleigh/stegaphone_data/final_rec//p103/audioseal/sample_6/watermarked_outside1_recording_iPhone_Microphone.wav,audioseal,0.4375
outside1,p103,/media/storage/hadleigh/stegaphone_data/final_rec//p103/audioseal/sample_6/watermarked_outside1_recording_Yeti_Stereo_Microphone.wav,audioseal,0.5000
outside1,p103,/media/storage/hadleigh/stegaphone_data/final_rec//p103/audioseal/sample_6/watermarked_outside1_recording_Fifine_USB_PnP_Audio_Device.wav,audioseal,0.5625
outside1,p103,/media/storage/hadleigh/stegaphone_data/final_rec//p103/audioseal/sample_1/watermarked_outside1_recording_USB_Lavalier_Microphone.wav,audioseal,0.5000
outside1,p103,/media/storage/hadleigh/stegaphone_data/final_rec//p103/audioseal/sample_1/watermarked_outside1_recording_iPhone_Microphone.wav,audioseal,0.5000
outside1,p103,/media/storage/hadleigh/stegaphone_data/final_rec//p103/audioseal/sample_1/watermarked_outside1_recording_Yeti_Stereo_Microphone.wav,audioseal,0.5000
outside1,p103,/media/storage/hadleigh/stegaphone_data/final_rec//p103/audioseal/sample_1/watermarked_outside1_recording_Fifine_USB_PnP_Audio_Device.wav,audioseal,0.4375
outside1,p104,/media/storage/hadleigh/stegaphone_data/final_rec//p104/audioseal/sample_7/watermarked_outside1_recording_USB_Lavalier_Microphone.wav,audioseal,0.5000
outside1,p104,/media/storage/hadleigh/stegaphone_data/final_rec//p104/audioseal/sample_7/watermarked_outside1_recording_iPhone_Microphone.wav,audioseal,0.5625
outside1,p104,/media/storage/hadleigh/stegaphone_data/final_rec//p104/audioseal/sample_7/watermarked_outside1_recording_Yeti_Stereo_Microphone.wav,audioseal,0.5625
outside1,p104,/media/storage/hadleigh/stegaphone_data/final_rec//p104/audioseal/sample_7/watermarked_outside1_recording_Fifine_USB_PnP_Audio_Device.wav,audioseal,0.5625
outside1,p104,/media/storage/hadleigh/stegaphone_data/final_rec//p104/audioseal/sample_2/watermarked_outside1_recording_USB_Lavalier_Microphone.wav,audioseal,0.6250
outside1,p104,/media/storage/hadleigh/stegaphone_data/final_rec//p104/audioseal/sample_2/watermarked_outside1_recording_iPhone_Microphone.wav,audioseal,0.5000
outside1,p104,/media/storage/hadleigh/stegaphone_data/final_rec//p104/audioseal/sample_2/watermarked_outside1_recording_Yeti_Stereo_Microphone.wav,audioseal,0.5625
outside1,p104,/media/storage/hadleigh/stegaphone_data/final_rec//p104/audioseal/sample_2/watermarked_outside1_recording_Fifine_USB_PnP_Audio_Device.wav,audioseal,0.4375
outside1,p104,/media/storage/hadleigh/stegaphone_data/final_rec//p104/audioseal/sample_3/watermarked_outside1_recording_USB_Lavalier_Microphone.wav,audioseal,0.5000
outside1,p104,/media/storage/hadleigh/stegaphone_data/final_rec//p104/audioseal/sample_3/watermarked_outside1_recording_iPhone_Microphone.wav,audioseal,0.5000
outside1,p104,/media/storage/hadleigh/stegaphone_data/final_rec//p104/audioseal/sample_3/watermarked_outside1_recording_Yeti_Stereo_Microphone.wav,audioseal,0.4375
outside1,p104,/media/storage/hadleigh/stegaphone_data/final_rec//p104/audioseal/sample_3/watermarked_outside1_recording_Fifine_USB_PnP_Audio_Device.wav,audioseal,0.5625
outside1,p104,/media/storage/hadleigh/stegaphone_data/final_rec//p104/audioseal/sample_5/watermarked_outside1_recording_USB_Lavalier_Microphone.wav,audioseal,0.7500
outside1,p104,/media/storage/hadleigh/stegaphone_data/final_rec//p104/audioseal/sample_5/watermarked_outside1_recording_iPhone_Microphone.wav,audioseal,0.6250
outside1,p104,/media/storage/hadleigh/stegaphone_data/final_rec//p104/audioseal/sample_5/watermarked_outside1_recording_Yeti_Stereo_Microphone.wav,audioseal,0.6875
outside1,p104,/media/storage/hadleigh/stegaphone_data/final_rec//p104/audioseal/sample_5/watermarked_outside1_recording_Fifine_USB_PnP_Audio_Device.wav,audioseal,0.6875
outside1,p104,/media/storage/hadleigh/stegaphone_data/final_rec//p104/audioseal/sample_8/watermarked_outside1_recording_USB_Lavalier_Microphone.wav,audioseal,0.6250
outside1,p104,/media/storage/hadleigh/stegaphone_data/final_rec//p104/audioseal/sample_8/watermarked_outside1_recording_iPhone_Microphone.wav,audioseal,0.5625
outside1,p104,/media/storage/hadleigh/stegaphone_data/final_rec//p104/audioseal/sample_8/watermarked_outside1_recording_Yeti_Stereo_Microphone.wav,audioseal,0.5000
outside1,p104,/media/storage/hadleigh/stegaphone_data/final_rec//p104/audioseal/sample_8/watermarked_outside1_recording_Fifine_USB_PnP_Audio_Device.wav,audioseal,0.4375
outside1,p104,/media/storage/hadleigh/stegaphone_data/final_rec//p104/audioseal/sample_10/watermarked_outside1_recording_USB_Lavalier_Microphone.wav,audioseal,0.3750
outside1,p104,/media/storage/hadleigh/stegaphone_data/final_rec//p104/audioseal/sample_10/watermarked_outside1_recording_iPhone_Microphone.wav,audioseal,0.4375
outside1,p104,/media/storage/hadleigh/stegaphone_data/final_rec//p104/audioseal/sample_10/watermarked_outside1_recording_Yeti_Stereo_Microphone.wav,audioseal,0.3750
outside1,p104,/media/storage/hadleigh/stegaphone_data/final_rec//p104/audioseal/sample_10/watermarked_outside1_recording_Fifine_USB_PnP_Audio_Device.wav,audioseal,0.4375
outside1,p104,/media/storage/hadleigh/stegaphone_data/final_rec//p104/audioseal/sample_4/watermarked_outside1_recording_USB_Lavalier_Microphone.wav,audioseal,0.7500
outside1,p104,/media/storage/hadleigh/stegaphone_data/final_rec//p104/audioseal/sample_4/watermarked_outside1_recording_iPhone_Microphone.wav,audioseal,0.8125
outside1,p104,/media/storage/hadleigh/stegaphone_data/final_rec//p104/audioseal/sample_4/watermarked_outside1_recording_Yeti_Stereo_Microphone.wav,audioseal,0.7500
outside1,p104,/media/storage/hadleigh/stegaphone_data/final_rec//p104/audioseal/sample_4/watermarked_outside1_recording_Fifine_USB_PnP_Audio_Device.wav,audioseal,0.7500
outside1,p104,/media/storage/hadleigh/stegaphone_data/final_rec//p104/audioseal/sample_9/watermarked_outside1_recording_USB_Lavalier_Microphone.wav,audioseal,0.5625
outside1,p104,/media/storage/hadleigh/stegaphone_data/final_rec//p104/audioseal/sample_9/watermarked_outside1_recording_iPhone_Microphone.wav,audioseal,0.6250
outside1,p104,/media/storage/hadleigh/stegaphone_data/final_rec//p104/audioseal/sample_9/watermarked_outside1_recording_Yeti_Stereo_Microphone.wav,audioseal,0.5000
outside1,p104,/media/storage/hadleigh/stegaphone_data/final_rec//p104/audioseal/sample_9/watermarked_outside1_recording_Fifine_USB_PnP_Audio_Device.wav,audioseal,0.5000
outside1,p104,/media/storage/hadleigh/stegaphone_data/final_rec//p104/audioseal/sample_6/watermarked_outside1_recording_USB_Lavalier_Microphone.wav,audioseal,0.5000
outside1,p104,/media/storage/hadleigh/stegaphone_data/final_rec//p104/audioseal/sample_6/watermarked_outside1_recording_iPhone_Microphone.wav,audioseal,0.4375
outside1,p104,/media/storage/hadleigh/stegaphone_data/final_rec//p104/audioseal/sample_6/watermarked_outside1_recording_Yeti_Stereo_Microphone.wav,audioseal,0.5625
outside1,p104,/media/storage/hadleigh/stegaphone_data/final_rec//p104/audioseal/sample_6/watermarked_outside1_recording_Fifine_USB_PnP_Audio_Device.wav,audioseal,0.5625
outside1,p104,/media/storage/hadleigh/stegaphone_data/final_rec//p104/audioseal/sample_1/watermarked_outside1_recording_USB_Lavalier_Microphone.wav,audioseal,0.4375
outside1,p104,/media/storage/hadleigh/stegaphone_data/final_rec//p104/audioseal/sample_1/watermarked_outside1_recording_iPhone_Microphone.wav,audioseal,0.5625
outside1,p104,/media/storage/hadleigh/stegaphone_data/final_rec//p104/audioseal/sample_1/watermarked_outside1_recording_Yeti_Stereo_Microphone.wav,audioseal,0.4375
outside1,p104,/media/storage/hadleigh/stegaphone_data/final_rec//p104/audioseal/sample_1/watermarked_outside1_recording_Fifine_USB_PnP_Audio_Device.wav,audioseal,0.3750
outside1,p105,/media/storage/hadleigh/stegaphone_data/final_rec//p105/audioseal/sample_7/watermarked_outside1_recording_USB_Lavalier_Microphone.wav,audioseal,0.3750
outside1,p105,/media/storage/hadleigh/stegaphone_data/final_rec//p105/audioseal/sample_7/watermarked_outside1_recording_iPhone_Microphone.wav,audioseal,0.3125
outside1,p105,/media/storage/hadleigh/stegaphone_data/final_rec//p105/audioseal/sample_7/watermarked_outside1_recording_Yeti_Stereo_Microphone.wav,audioseal,0.3750
outside1,p105,/media/storage/hadleigh/stegaphone_data/final_rec//p105/audioseal/sample_7/watermarked_outside1_recording_Fifine_USB_PnP_Audio_Device.wav,audioseal,0.3125
outside1,p105,/media/storage/hadleigh/stegaphone_data/final_rec//p105/audioseal/sample_2/watermarked_outside1_recording_USB_Lavalier_Microphone.wav,audioseal,0.4375
outside1,p105,/media/storage/hadleigh/stegaphone_data/final_rec//p105/audioseal/sample_2/watermarked_outside1_recording_iPhone_Microphone.wav,audioseal,0.5000
outside1,p105,/media/storage/hadleigh/stegaphone_data/final_rec//p105/audioseal/sample_2/watermarked_outside1_recording_Yeti_Stereo_Microphone.wav,audioseal,0.3750
outside1,p105,/media/storage/hadleigh/stegaphone_data/final_rec//p105/audioseal/sample_2/watermarked_outside1_recording_Fifine_USB_PnP_Audio_Device.wav,audioseal,0.3750
outside1,p105,/media/storage/hadleigh/stegaphone_data/final_rec//p105/audioseal/sample_3/watermarked_outside1_recording_USB_Lavalier_Microphone.wav,audioseal,0.5000
outside1,p105,/media/storage/hadleigh/stegaphone_data/final_rec//p105/audioseal/sample_3/watermarked_outside1_recording_iPhone_Microphone.wav,audioseal,0.6250
outside1,p105,/media/storage/hadleigh/stegaphone_data/final_rec//p105/audioseal/sample_3/watermarked_outside1_recording_Yeti_Stereo_Microphone.wav,audioseal,0.6250
outside1,p105,/media/storage/hadleigh/stegaphone_data/final_rec//p105/audioseal/sample_3/watermarked_outside1_recording_Fifine_USB_PnP_Audio_Device.wav,audioseal,0.5000
outside1,p105,/media/storage/hadleigh/stegaphone_data/final_rec//p105/audioseal/sample_5/watermarked_outside1_recording_USB_Lavalier_Microphone.wav,audioseal,0.5625
outside1,p105,/media/storage/hadleigh/stegaphone_data/final_rec//p105/audioseal/sample_5/watermarked_outside1_recording_iPhone_Microphone.wav,audioseal,0.6250
outside1,p105,/media/storage/hadleigh/stegaphone_data/final_rec//p105/audioseal/sample_5/watermarked_outside1_recording_Yeti_Stereo_Microphone.wav,audioseal,0.6875
outside1,p105,/media/storage/hadleigh/stegaphone_data/final_rec//p105/audioseal/sample_5/watermarked_outside1_recording_Fifine_USB_PnP_Audio_Device.wav,audioseal,0.7500
outside1,p105,/media/storage/hadleigh/stegaphone_data/final_rec//p105/audioseal/sample_8/watermarked_outside1_recording_USB_Lavalier_Microphone.wav,audioseal,0.3125
outside1,p105,/media/storage/hadleigh/stegaphone_data/final_rec//p105/audioseal/sample_8/watermarked_outside1_recording_iPhone_Microphone.wav,audioseal,0.3750
outside1,p105,/media/storage/hadleigh/stegaphone_data/final_rec//p105/audioseal/sample_8/watermarked_outside1_recording_Yeti_Stereo_Microphone.wav,audioseal,0.3125
outside1,p105,/media/storage/hadleigh/stegaphone_data/final_rec//p105/audioseal/sample_8/watermarked_outside1_recording_Fifine_USB_PnP_Audio_Device.wav,audioseal,0.3125
outside1,p105,/media/storage/hadleigh/stegaphone_data/final_rec//p105/audioseal/sample_10/watermarked_outside1_recording_USB_Lavalier_Microphone.wav,audioseal,0.2500
outside1,p105,/media/storage/hadleigh/stegaphone_data/final_rec//p105/audioseal/sample_10/watermarked_outside1_recording_iPhone_Microphone.wav,audioseal,0.2500
outside1,p105,/media/storage/hadleigh/stegaphone_data/final_rec//p105/audioseal/sample_10/watermarked_outside1_recording_Yeti_Stereo_Microphone.wav,audioseal,0.2500
outside1,p105,/media/storage/hadleigh/stegaphone_data/final_rec//p105/audioseal/sample_10/watermarked_outside1_recording_Fifine_USB_PnP_Audio_Device.wav,audioseal,0.2500
outside1,p105,/media/storage/hadleigh/stegaphone_data/final_rec//p105/audioseal/sample_4/watermarked_outside1_recording_USB_Lavalier_Microphone.wav,audioseal,0.3750
outside1,p105,/media/storage/hadleigh/stegaphone_data/final_rec//p105/audioseal/sample_4/watermarked_outside1_recording_iPhone_Microphone.wav,audioseal,0.5000
outside1,p105,/media/storage/hadleigh/stegaphone_data/final_rec//p105/audioseal/sample_4/watermarked_outside1_recording_Yeti_Stereo_Microphone.wav,audioseal,0.3750
outside1,p105,/media/storage/hadleigh/stegaphone_data/final_rec//p105/audioseal/sample_4/watermarked_outside1_recording_Fifine_USB_PnP_Audio_Device.wav,audioseal,0.3750
outside1,p105,/media/storage/hadleigh/stegaphone_data/final_rec//p105/audioseal/sample_9/watermarked_outside1_recording_USB_Lavalier_Microphone.wav,audioseal,0.5000
outside1,p105,/media/storage/hadleigh/stegaphone_data/final_rec//p105/audioseal/sample_9/watermarked_outside1_recording_iPhone_Microphone.wav,audioseal,0.5625
outside1,p105,/media/storage/hadleigh/stegaphone_data/final_rec//p105/audioseal/sample_9/watermarked_outside1_recording_Yeti_Stereo_Microphone.wav,audioseal,0.4375
outside1,p105,/media/storage/hadleigh/stegaphone_data/final_rec//p105/audioseal/sample_9/watermarked_outside1_recording_Fifine_USB_PnP_Audio_Device.wav,audioseal,0.4375
outside1,p105,/media/storage/hadleigh/stegaphone_data/final_rec//p105/audioseal/sample_6/watermarked_outside1_recording_USB_Lavalier_Microphone.wav,audioseal,0.4375
outside1,p105,/media/storage/hadleigh/stegaphone_data/final_rec//p105/audioseal/sample_6/watermarked_outside1_recording_iPhone_Microphone.wav,audioseal,0.3750
outside1,p105,/media/storage/hadleigh/stegaphone_data/final_rec//p105/audioseal/sample_6/watermarked_outside1_recording_Yeti_Stereo_Microphone.wav,audioseal,0.5000
outside1,p105,/media/storage/hadleigh/stegaphone_data/final_rec//p105/audioseal/sample_6/watermarked_outside1_recording_Fifine_USB_PnP_Audio_Device.wav,audioseal,0.5000
outside1,p105,/media/storage/hadleigh/stegaphone_data/final_rec//p105/audioseal/sample_1/watermarked_outside1_recording_USB_Lavalier_Microphone.wav,audioseal,0.5000
outside1,p105,/media/storage/hadleigh/stegaphone_data/final_rec//p105/audioseal/sample_1/watermarked_outside1_recording_iPhone_Microphone.wav,audioseal,0.5625
outside1,p105,/media/storage/hadleigh/stegaphone_data/final_rec//p105/audioseal/sample_1/watermarked_outside1_recording_Yeti_Stereo_Microphone.wav,audioseal,0.5000
outside1,p105,/media/storage/hadleigh/stegaphone_data/final_rec//p105/audioseal/sample_1/watermarked_outside1_recording_Fifine_USB_PnP_Audio_Device.wav,audioseal,0.6250
outside1,p106,/media/storage/hadleigh/stegaphone_data/final_rec//p106/audioseal/sample_7/watermarked_outside1_recording_USB_Lavalier_Microphone.wav,audioseal,0.5625
outside1,p106,/media/storage/hadleigh/stegaphone_data/final_rec//p106/audioseal/sample_7/watermarked_outside1_recording_iPhone_Microphone.wav,audioseal,0.5625
outside1,p106,/media/storage/hadleigh/stegaphone_data/final_rec//p106/audioseal/sample_7/watermarked_outside1_recording_Yeti_Stereo_Microphone.wav,audioseal,0.5625
outside1,p106,/media/storage/hadleigh/stegaphone_data/final_rec//p106/audioseal/sample_7/watermarked_outside1_recording_Fifine_USB_PnP_Audio_Device.wav,audioseal,0.5625
outside1,p106,/media/storage/hadleigh/stegaphone_data/final_rec//p106/audioseal/sample_2/watermarked_outside1_recording_USB_Lavalier_Microphone.wav,audioseal,0.5625
outside1,p106,/media/storage/hadleigh/stegaphone_data/final_rec//p106/audioseal/sample_2/watermarked_outside1_recording_iPhone_Microphone.wav,audioseal,0.6875
outside1,p106,/media/storage/hadleigh/stegaphone_data/final_rec//p106/audioseal/sample_2/watermarked_outside1_recording_Yeti_Stereo_Microphone.wav,audioseal,0.6875
outside1,p106,/media/storage/hadleigh/stegaphone_data/final_rec//p106/audioseal/sample_2/watermarked_outside1_recording_Fifine_USB_PnP_Audio_Device.wav,audioseal,0.8125
outside1,p106,/media/storage/hadleigh/stegaphone_data/final_rec//p106/audioseal/sample_3/watermarked_outside1_recording_USB_Lavalier_Microphone.wav,audioseal,0.3750
outside1,p106,/media/storage/hadleigh/stegaphone_data/final_rec//p106/audioseal/sample_3/watermarked_outside1_recording_iPhone_Microphone.wav,audioseal,0.5625
outside1,p106,/media/storage/hadleigh/stegaphone_data/final_rec//p106/audioseal/sample_3/watermarked_outside1_recording_Yeti_Stereo_Microphone.wav,audioseal,0.5000
outside1,p106,/media/storage/hadleigh/stegaphone_data/final_rec//p106/audioseal/sample_3/watermarked_outside1_recording_Fifine_USB_PnP_Audio_Device.wav,audioseal,0.5000
outside1,p106,/media/storage/hadleigh/stegaphone_data/final_rec//p106/audioseal/sample_5/watermarked_outside1_recording_USB_Lavalier_Microphone.wav,audioseal,0.4375
outside1,p106,/media/storage/hadleigh/stegaphone_data/final_rec//p106/audioseal/sample_5/watermarked_outside1_recording_iPhone_Microphone.wav,audioseal,0.5625
outside1,p106,/media/storage/hadleigh/stegaphone_data/final_rec//p106/audioseal/sample_5/watermarked_outside1_recording_Yeti_Stereo_Microphone.wav,audioseal,0.5000
outside1,p106,/media/storage/hadleigh/stegaphone_data/final_rec//p106/audioseal/sample_5/watermarked_outside1_recording_Fifine_USB_PnP_Audio_Device.wav,audioseal,0.6250
outside1,p106,/media/storage/hadleigh/stegaphone_data/final_rec//p106/audioseal/sample_8/watermarked_outside1_recording_USB_Lavalier_Microphone.wav,audioseal,0.6875
outside1,p106,/media/storage/hadleigh/stegaphone_data/final_rec//p106/audioseal/sample_8/watermarked_outside1_recording_iPhone_Microphone.wav,audioseal,0.6250
outside1,p106,/media/storage/hadleigh/stegaphone_data/final_rec//p106/audioseal/sample_8/watermarked_outside1_recording_Yeti_Stereo_Microphone.wav,audioseal,0.6875
outside1,p106,/media/storage/hadleigh/stegaphone_data/final_rec//p106/audioseal/sample_8/watermarked_outside1_recording_Fifine_USB_PnP_Audio_Device.wav,audioseal,0.6250
outside1,p106,/media/storage/hadleigh/stegaphone_data/final_rec//p106/audioseal/sample_10/watermarked_outside1_recording_USB_Lavalier_Microphone.wav,audioseal,0.6250
outside1,p106,/media/storage/hadleigh/stegaphone_data/final_rec//p106/audioseal/sample_10/watermarked_outside1_recording_iPhone_Microphone.wav,audioseal,0.5000
outside1,p106,/media/storage/hadleigh/stegaphone_data/final_rec//p106/audioseal/sample_10/watermarked_outside1_recording_Yeti_Stereo_Microphone.wav,audioseal,0.6250
outside1,p106,/media/storage/hadleigh/stegaphone_data/final_rec//p106/audioseal/sample_10/watermarked_outside1_recording_Fifine_USB_PnP_Audio_Device.wav,audioseal,0.5625
outside1,p106,/media/storage/hadleigh/stegaphone_data/final_rec//p106/audioseal/sample_4/watermarked_outside1_recording_USB_Lavalier_Microphone.wav,audioseal,0.6250
outside1,p106,/media/storage/hadleigh/stegaphone_data/final_rec//p106/audioseal/sample_4/watermarked_outside1_recording_iPhone_Microphone.wav,audioseal,0.6250
outside1,p106,/media/storage/hadleigh/stegaphone_data/final_rec//p106/audioseal/sample_4/watermarked_outside1_recording_Yeti_Stereo_Microphone.wav,audioseal,0.4375
outside1,p106,/media/storage/hadleigh/stegaphone_data/final_rec//p106/audioseal/sample_4/watermarked_outside1_recording_Fifine_USB_PnP_Audio_Device.wav,audioseal,0.5000
outside1,p106,/media/storage/hadleigh/stegaphone_data/final_rec//p106/audioseal/sample_9/watermarked_outside1_recording_USB_Lavalier_Microphone.wav,audioseal,0.6250
outside1,p106,/media/storage/hadleigh/stegaphone_data/final_rec//p106/audioseal/sample_9/watermarked_outside1_recording_iPhone_Microphone.wav,audioseal,0.6250
outside1,p106,/media/storage/hadleigh/stegaphone_data/final_rec//p106/audioseal/sample_9/watermarked_outside1_recording_Yeti_Stereo_Microphone.wav,audioseal,0.5625
outside1,p106,/media/storage/hadleigh/stegaphone_data/final_rec//p106/audioseal/sample_9/watermarked_outside1_recording_Fifine_USB_PnP_Audio_Device.wav,audioseal,0.5625
outside1,p106,/media/storage/hadleigh/stegaphone_data/final_rec//p106/audioseal/sample_6/watermarked_outside1_recording_USB_Lavalier_Microphone.wav,audioseal,0.5000
outside1,p106,/media/storage/hadleigh/stegaphone_data/final_rec//p106/audioseal/sample_6/watermarked_outside1_recording_iPhone_Microphone.wav,audioseal,0.5625
outside1,p106,/media/storage/hadleigh/stegaphone_data/final_rec//p106/audioseal/sample_6/watermarked_outside1_recording_Yeti_Stereo_Microphone.wav,audioseal,0.3750
outside1,p106,/media/storage/hadleigh/stegaphone_data/final_rec//p106/audioseal/sample_6/watermarked_outside1_recording_Fifine_USB_PnP_Audio_Device.wav,audioseal,0.5625
outside1,p106,/media/storage/hadleigh/stegaphone_data/final_rec//p106/audioseal/sample_1/watermarked_outside1_recording_USB_Lavalier_Microphone.wav,audioseal,0.6250
outside1,p106,/media/storage/hadleigh/stegaphone_data/final_rec//p106/audioseal/sample_1/watermarked_outside1_recording_iPhone_Microphone.wav,audioseal,0.6875
outside1,p106,/media/storage/hadleigh/stegaphone_data/final_rec//p106/audioseal/sample_1/watermarked_outside1_recording_Yeti_Stereo_Microphone.wav,audioseal,0.6250
outside1,p106,/media/storage/hadleigh/stegaphone_data/final_rec//p106/audioseal/sample_1/watermarked_outside1_recording_Fifine_USB_PnP_Audio_Device.wav,audioseal,0.6250
outside1,p107,/media/storage/hadleigh/stegaphone_data/final_rec//p107/audioseal/sample_7/watermarked_outside1_recording_USB_Lavalier_Microphone.wav,audioseal,0.5625
outside1,p107,/media/storage/hadleigh/stegaphone_data/final_rec//p107/audioseal/sample_7/watermarked_outside1_recording_iPhone_Microphone.wav,audioseal,0.5625
outside1,p107,/media/storage/hadleigh/stegaphone_data/final_rec//p107/audioseal/sample_7/watermarked_outside1_recording_Yeti_Stereo_Microphone.wav,audioseal,0.6250
outside1,p107,/media/storage/hadleigh/stegaphone_data/final_rec//p107/audioseal/sample_7/watermarked_outside1_recording_Fifine_USB_PnP_Audio_Device.wav,audioseal,0.5625
outside1,p107,/media/storage/hadleigh/stegaphone_data/final_rec//p107/audioseal/sample_2/watermarked_outside1_recording_USB_Lavalier_Microphone.wav,audioseal,0.5000
outside1,p107,/media/storage/hadleigh/stegaphone_data/final_rec//p107/audioseal/sample_2/watermarked_outside1_recording_iPhone_Microphone.wav,audioseal,0.5625
outside1,p107,/media/storage/hadleigh/stegaphone_data/final_rec//p107/audioseal/sample_2/watermarked_outside1_recording_Yeti_Stereo_Microphone.wav,audioseal,0.5625
outside1,p107,/media/storage/hadleigh/stegaphone_data/final_rec//p107/audioseal/sample_2/watermarked_outside1_recording_Fifine_USB_PnP_Audio_Device.wav,audioseal,0.5000
outside1,p107,/media/storage/hadleigh/stegaphone_data/final_rec//p107/audioseal/sample_3/watermarked_outside1_recording_USB_Lavalier_Microphone.wav,audioseal,0.7500
outside1,p107,/media/storage/hadleigh/stegaphone_data/final_rec//p107/audioseal/sample_3/watermarked_outside1_recording_iPhone_Microphone.wav,audioseal,0.7500
outside1,p107,/media/storage/hadleigh/stegaphone_data/final_rec//p107/audioseal/sample_3/watermarked_outside1_recording_Yeti_Stereo_Microphone.wav,audioseal,0.5625
outside1,p107,/media/storage/hadleigh/stegaphone_data/final_rec//p107/audioseal/sample_3/watermarked_outside1_recording_Fifine_USB_PnP_Audio_Device.wav,audioseal,0.6250
outside1,p107,/media/storage/hadleigh/stegaphone_data/final_rec//p107/audioseal/sample_5/watermarked_outside1_recording_USB_Lavalier_Microphone.wav,audioseal,0.5000
outside1,p107,/media/storage/hadleigh/stegaphone_data/final_rec//p107/audioseal/sample_5/watermarked_outside1_recording_iPhone_Microphone.wav,audioseal,0.3750
outside1,p107,/media/storage/hadleigh/stegaphone_data/final_rec//p107/audioseal/sample_5/watermarked_outside1_recording_Yeti_Stereo_Microphone.wav,audioseal,0.5625
outside1,p107,/media/storage/hadleigh/stegaphone_data/final_rec//p107/audioseal/sample_5/watermarked_outside1_recording_Fifine_USB_PnP_Audio_Device.wav,audioseal,0.4375
outside1,p107,/media/storage/hadleigh/stegaphone_data/final_rec//p107/audioseal/sample_8/watermarked_outside1_recording_USB_Lavalier_Microphone.wav,audioseal,0.3125
outside1,p107,/media/storage/hadleigh/stegaphone_data/final_rec//p107/audioseal/sample_8/watermarked_outside1_recording_iPhone_Microphone.wav,audioseal,0.3125
outside1,p107,/media/storage/hadleigh/stegaphone_data/final_rec//p107/audioseal/sample_8/watermarked_outside1_recording_Yeti_Stereo_Microphone.wav,audioseal,0.3125
outside1,p107,/media/storage/hadleigh/stegaphone_data/final_rec//p107/audioseal/sample_8/watermarked_outside1_recording_Fifine_USB_PnP_Audio_Device.wav,audioseal,0.3125
outside1,p107,/media/storage/hadleigh/stegaphone_data/final_rec//p107/audioseal/sample_10/watermarked_outside1_recording_USB_Lavalier_Microphone.wav,audioseal,0.5625
outside1,p107,/media/storage/hadleigh/stegaphone_data/final_rec//p107/audioseal/sample_10/watermarked_outside1_recording_iPhone_Microphone.wav,audioseal,0.6250
outside1,p107,/media/storage/hadleigh/stegaphone_data/final_rec//p107/audioseal/sample_10/watermarked_outside1_recording_Yeti_Stereo_Microphone.wav,audioseal,0.6250
outside1,p107,/media/storage/hadleigh/stegaphone_data/final_rec//p107/audioseal/sample_10/watermarked_outside1_recording_Fifine_USB_PnP_Audio_Device.wav,audioseal,0.5000
outside1,p107,/media/storage/hadleigh/stegaphone_data/final_rec//p107/audioseal/sample_4/watermarked_outside1_recording_USB_Lavalier_Microphone.wav,audioseal,0.6250
outside1,p107,/media/storage/hadleigh/stegaphone_data/final_rec//p107/audioseal/sample_4/watermarked_outside1_recording_iPhone_Microphone.wav,audioseal,0.5625
outside1,p107,/media/storage/hadleigh/stegaphone_data/final_rec//p107/audioseal/sample_4/watermarked_outside1_recording_Yeti_Stereo_Microphone.wav,audioseal,0.6250
outside1,p107,/media/storage/hadleigh/stegaphone_data/final_rec//p107/audioseal/sample_4/watermarked_outside1_recording_Fifine_USB_PnP_Audio_Device.wav,audioseal,0.5625
outside1,p107,/media/storage/hadleigh/stegaphone_data/final_rec//p107/audioseal/sample_9/watermarked_outside1_recording_USB_Lavalier_Microphone.wav,audioseal,0.3750
outside1,p107,/media/storage/hadleigh/stegaphone_data/final_rec//p107/audioseal/sample_9/watermarked_outside1_recording_iPhone_Microphone.wav,audioseal,0.3750
outside1,p107,/media/storage/hadleigh/stegaphone_data/final_rec//p107/audioseal/sample_9/watermarked_outside1_recording_Yeti_Stereo_Microphone.wav,audioseal,0.4375
outside1,p107,/media/storage/hadleigh/stegaphone_data/final_rec//p107/audioseal/sample_9/watermarked_outside1_recording_Fifine_USB_PnP_Audio_Device.wav,audioseal,0.4375
outside1,p107,/media/storage/hadleigh/stegaphone_data/final_rec//p107/audioseal/sample_6/watermarked_outside1_recording_USB_Lavalier_Microphone.wav,audioseal,0.5000
outside1,p107,/media/storage/hadleigh/stegaphone_data/final_rec//p107/audioseal/sample_6/watermarked_outside1_recording_iPhone_Microphone.wav,audioseal,0.5000
outside1,p107,/media/storage/hadleigh/stegaphone_data/final_rec//p107/audioseal/sample_6/watermarked_outside1_recording_Yeti_Stereo_Microphone.wav,audioseal,0.6250
outside1,p107,/media/storage/hadleigh/stegaphone_data/final_rec//p107/audioseal/sample_6/watermarked_outside1_recording_Fifine_USB_PnP_Audio_Device.wav,audioseal,0.5625
outside1,p107,/media/storage/hadleigh/stegaphone_data/final_rec//p107/audioseal/sample_1/watermarked_outside1_recording_USB_Lavalier_Microphone.wav,audioseal,0.5625
outside1,p107,/media/storage/hadleigh/stegaphone_data/final_rec//p107/audioseal/sample_1/watermarked_outside1_recording_iPhone_Microphone.wav,audioseal,0.5000
outside1,p107,/media/storage/hadleigh/stegaphone_data/final_rec//p107/audioseal/sample_1/watermarked_outside1_recording_Yeti_Stereo_Microphone.wav,audioseal,0.5000
outside1,p107,/media/storage/hadleigh/stegaphone_data/final_rec//p107/audioseal/sample_1/watermarked_outside1_recording_Fifine_USB_PnP_Audio_Device.wav,audioseal,0.5000
outside2,p102,/media/storage/hadleigh/stegaphone_data/final_rec//p102/audioseal/sample_7/watermarked_outside2_recording_Fifine_USB_PnP_Audio_Device.wav,audioseal,0.5000
outside2,p102,/media/storage/hadleigh/stegaphone_data/final_rec//p102/audioseal/sample_7/watermarked_outside2_recording_Yeti_Stereo_Microphone.wav,audioseal,0.3750
outside2,p102,/media/storage/hadleigh/stegaphone_data/final_rec//p102/audioseal/sample_7/watermarked_outside2_recording_iPhone_Microphone.wav,audioseal,0.4375
outside2,p102,/media/storage/hadleigh/stegaphone_data/final_rec//p102/audioseal/sample_7/watermarked_outside2_recording_USB_Lavalier_Microphone.wav,audioseal,0.4375
outside2,p102,/media/storage/hadleigh/stegaphone_data/final_rec//p102/audioseal/sample_2/watermarked_outside2_recording_Fifine_USB_PnP_Audio_Device.wav,audioseal,0.2500
outside2,p102,/media/storage/hadleigh/stegaphone_data/final_rec//p102/audioseal/sample_2/watermarked_outside2_recording_Yeti_Stereo_Microphone.wav,audioseal,0.4375
outside2,p102,/media/storage/hadleigh/stegaphone_data/final_rec//p102/audioseal/sample_2/watermarked_outside2_recording_iPhone_Microphone.wav,audioseal,0.2500
outside2,p102,/media/storage/hadleigh/stegaphone_data/final_rec//p102/audioseal/sample_2/watermarked_outside2_recording_USB_Lavalier_Microphone.wav,audioseal,0.2500
outside2,p102,/media/storage/hadleigh/stegaphone_data/final_rec//p102/audioseal/sample_3/watermarked_outside2_recording_Fifine_USB_PnP_Audio_Device.wav,audioseal,0.5000
outside2,p102,/media/storage/hadleigh/stegaphone_data/final_rec//p102/audioseal/sample_3/watermarked_outside2_recording_Yeti_Stereo_Microphone.wav,audioseal,0.5000
outside2,p102,/media/storage/hadleigh/stegaphone_data/final_rec//p102/audioseal/sample_3/watermarked_outside2_recording_iPhone_Microphone.wav,audioseal,0.5625
outside2,p102,/media/storage/hadleigh/stegaphone_data/final_rec//p102/audioseal/sample_3/watermarked_outside2_recording_USB_Lavalier_Microphone.wav,audioseal,0.5000
outside2,p102,/media/storage/hadleigh/stegaphone_data/final_rec//p102/audioseal/sample_5/watermarked_outside2_recording_Fifine_USB_PnP_Audio_Device.wav,audioseal,0.4375
outside2,p102,/media/storage/hadleigh/stegaphone_data/final_rec//p102/audioseal/sample_5/watermarked_outside2_recording_Yeti_Stereo_Microphone.wav,audioseal,0.4375
outside2,p102,/media/storage/hadleigh/stegaphone_data/final_rec//p102/audioseal/sample_5/watermarked_outside2_recording_iPhone_Microphone.wav,audioseal,0.5000
outside2,p102,/media/storage/hadleigh/stegaphone_data/final_rec//p102/audioseal/sample_5/watermarked_outside2_recording_USB_Lavalier_Microphone.wav,audioseal,0.5000
outside2,p102,/media/storage/hadleigh/stegaphone_data/final_rec//p102/audioseal/sample_8/watermarked_outside2_recording_Fifine_USB_PnP_Audio_Device.wav,audioseal,0.4375
outside2,p102,/media/storage/hadleigh/stegaphone_data/final_rec//p102/audioseal/sample_8/watermarked_outside2_recording_Yeti_Stereo_Microphone.wav,audioseal,0.5625
outside2,p102,/media/storage/hadleigh/stegaphone_data/final_rec//p102/audioseal/sample_8/watermarked_outside2_recording_iPhone_Microphone.wav,audioseal,0.4375
outside2,p102,/media/storage/hadleigh/stegaphone_data/final_rec//p102/audioseal/sample_8/watermarked_outside2_recording_USB_Lavalier_Microphone.wav,audioseal,0.5625
outside2,p102,/media/storage/hadleigh/stegaphone_data/final_rec//p102/audioseal/sample_10/watermarked_outside2_recording_Fifine_USB_PnP_Audio_Device.wav,audioseal,0.6250
outside2,p102,/media/storage/hadleigh/stegaphone_data/final_rec//p102/audioseal/sample_10/watermarked_outside2_recording_Yeti_Stereo_Microphone.wav,audioseal,0.7500
outside2,p102,/media/storage/hadleigh/stegaphone_data/final_rec//p102/audioseal/sample_10/watermarked_outside2_recording_iPhone_Microphone.wav,audioseal,0.6875
outside2,p102,/media/storage/hadleigh/stegaphone_data/final_rec//p102/audioseal/sample_10/watermarked_outside2_recording_USB_Lavalier_Microphone.wav,audioseal,0.7500
outside2,p102,/media/storage/hadleigh/stegaphone_data/final_rec//p102/audioseal/sample_4/watermarked_outside2_recording_Fifine_USB_PnP_Audio_Device.wav,audioseal,0.4375
outside2,p102,/media/storage/hadleigh/stegaphone_data/final_rec//p102/audioseal/sample_4/watermarked_outside2_recording_Yeti_Stereo_Microphone.wav,audioseal,0.4375
outside2,p102,/media/storage/hadleigh/stegaphone_data/final_rec//p102/audioseal/sample_4/watermarked_outside2_recording_iPhone_Microphone.wav,audioseal,0.5625
outside2,p102,/media/storage/hadleigh/stegaphone_data/final_rec//p102/audioseal/sample_4/watermarked_outside2_recording_USB_Lavalier_Microphone.wav,audioseal,0.5625
outside2,p102,/media/storage/hadleigh/stegaphone_data/final_rec//p102/audioseal/sample_9/watermarked_outside2_recording_Fifine_USB_PnP_Audio_Device.wav,audioseal,0.3750
outside2,p102,/media/storage/hadleigh/stegaphone_data/final_rec//p102/audioseal/sample_9/watermarked_outside2_recording_Yeti_Stereo_Microphone.wav,audioseal,0.3125
outside2,p102,/media/storage/hadleigh/stegaphone_data/final_rec//p102/audioseal/sample_9/watermarked_outside2_recording_iPhone_Microphone.wav,audioseal,0.3125
outside2,p102,/media/storage/hadleigh/stegaphone_data/final_rec//p102/audioseal/sample_9/watermarked_outside2_recording_USB_Lavalier_Microphone.wav,audioseal,0.4375
outside2,p102,/media/storage/hadleigh/stegaphone_data/final_rec//p102/audioseal/sample_6/watermarked_outside2_recording_Fifine_USB_PnP_Audio_Device.wav,audioseal,0.6250
outside2,p102,/media/storage/hadleigh/stegaphone_data/final_rec//p102/audioseal/sample_6/watermarked_outside2_recording_Yeti_Stereo_Microphone.wav,audioseal,0.6250
outside2,p102,/media/storage/hadleigh/stegaphone_data/final_rec//p102/audioseal/sample_6/watermarked_outside2_recording_iPhone_Microphone.wav,audioseal,0.6875
outside2,p102,/media/storage/hadleigh/stegaphone_data/final_rec//p102/audioseal/sample_6/watermarked_outside2_recording_USB_Lavalier_Microphone.wav,audioseal,0.5625
outside2,p102,/media/storage/hadleigh/stegaphone_data/final_rec//p102/audioseal/sample_1/watermarked_outside2_recording_Fifine_USB_PnP_Audio_Device.wav,audioseal,0.5625
outside2,p102,/media/storage/hadleigh/stegaphone_data/final_rec//p102/audioseal/sample_1/watermarked_outside2_recording_Yeti_Stereo_Microphone.wav,audioseal,0.6250
outside2,p102,/media/storage/hadleigh/stegaphone_data/final_rec//p102/audioseal/sample_1/watermarked_outside2_recording_iPhone_Microphone.wav,audioseal,0.5000
outside2,p102,/media/storage/hadleigh/stegaphone_data/final_rec//p102/audioseal/sample_1/watermarked_outside2_recording_USB_Lavalier_Microphone.wav,audioseal,0.5000
outside2,p103,/media/storage/hadleigh/stegaphone_data/final_rec//p103/audioseal/sample_7/watermarked_outside2_recording_Fifine_USB_PnP_Audio_Device.wav,audioseal,0.2500
outside2,p103,/media/storage/hadleigh/stegaphone_data/final_rec//p103/audioseal/sample_7/watermarked_outside2_recording_Yeti_Stereo_Microphone.wav,audioseal,0.3125
outside2,p103,/media/storage/hadleigh/stegaphone_data/final_rec//p103/audioseal/sample_7/watermarked_outside2_recording_iPhone_Microphone.wav,audioseal,0.3750
outside2,p103,/media/storage/hadleigh/stegaphone_data/final_rec//p103/audioseal/sample_7/watermarked_outside2_recording_USB_Lavalier_Microphone.wav,audioseal,0.3125
outside2,p103,/media/storage/hadleigh/stegaphone_data/final_rec//p103/audioseal/sample_2/watermarked_outside2_recording_Fifine_USB_PnP_Audio_Device.wav,audioseal,0.4375
outside2,p103,/media/storage/hadleigh/stegaphone_data/final_rec//p103/audioseal/sample_2/watermarked_outside2_recording_Yeti_Stereo_Microphone.wav,audioseal,0.5000
outside2,p103,/media/storage/hadleigh/stegaphone_data/final_rec//p103/audioseal/sample_2/watermarked_outside2_recording_iPhone_Microphone.wav,audioseal,0.5625
outside2,p103,/media/storage/hadleigh/stegaphone_data/final_rec//p103/audioseal/sample_2/watermarked_outside2_recording_USB_Lavalier_Microphone.wav,audioseal,0.3750
outside2,p103,/media/storage/hadleigh/stegaphone_data/final_rec//p103/audioseal/sample_3/watermarked_outside2_recording_Fifine_USB_PnP_Audio_Device.wav,audioseal,0.6250
outside2,p103,/media/storage/hadleigh/stegaphone_data/final_rec//p103/audioseal/sample_3/watermarked_outside2_recording_Yeti_Stereo_Microphone.wav,audioseal,0.6875
outside2,p103,/media/storage/hadleigh/stegaphone_data/final_rec//p103/audioseal/sample_3/watermarked_outside2_recording_iPhone_Microphone.wav,audioseal,0.6250
outside2,p103,/media/storage/hadleigh/stegaphone_data/final_rec//p103/audioseal/sample_3/watermarked_outside2_recording_USB_Lavalier_Microphone.wav,audioseal,0.6250
outside2,p103,/media/storage/hadleigh/stegaphone_data/final_rec//p103/audioseal/sample_5/watermarked_outside2_recording_Fifine_USB_PnP_Audio_Device.wav,audioseal,0.3750
outside2,p103,/media/storage/hadleigh/stegaphone_data/final_rec//p103/audioseal/sample_5/watermarked_outside2_recording_Yeti_Stereo_Microphone.wav,audioseal,0.3750
outside2,p103,/media/storage/hadleigh/stegaphone_data/final_rec//p103/audioseal/sample_5/watermarked_outside2_recording_iPhone_Microphone.wav,audioseal,0.3125
outside2,p103,/media/storage/hadleigh/stegaphone_data/final_rec//p103/audioseal/sample_5/watermarked_outside2_recording_USB_Lavalier_Microphone.wav,audioseal,0.3750
outside2,p103,/media/storage/hadleigh/stegaphone_data/final_rec//p103/audioseal/sample_8/watermarked_outside2_recording_Fifine_USB_PnP_Audio_Device.wav,audioseal,0.4375
outside2,p103,/media/storage/hadleigh/stegaphone_data/final_rec//p103/audioseal/sample_8/watermarked_outside2_recording_Yeti_Stereo_Microphone.wav,audioseal,0.5625
outside2,p103,/media/storage/hadleigh/stegaphone_data/final_rec//p103/audioseal/sample_8/watermarked_outside2_recording_iPhone_Microphone.wav,audioseal,0.3750
outside2,p103,/media/storage/hadleigh/stegaphone_data/final_rec//p103/audioseal/sample_8/watermarked_outside2_recording_USB_Lavalier_Microphone.wav,audioseal,0.3750
outside2,p103,/media/storage/hadleigh/stegaphone_data/final_rec//p103/audioseal/sample_10/watermarked_outside2_recording_Fifine_USB_PnP_Audio_Device.wav,audioseal,0.5625
outside2,p103,/media/storage/hadleigh/stegaphone_data/final_rec//p103/audioseal/sample_10/watermarked_outside2_recording_Yeti_Stereo_Microphone.wav,audioseal,0.4375
outside2,p103,/media/storage/hadleigh/stegaphone_data/final_rec//p103/audioseal/sample_10/watermarked_outside2_recording_iPhone_Microphone.wav,audioseal,0.6250
outside2,p103,/media/storage/hadleigh/stegaphone_data/final_rec//p103/audioseal/sample_10/watermarked_outside2_recording_USB_Lavalier_Microphone.wav,audioseal,0.6250
outside2,p103,/media/storage/hadleigh/stegaphone_data/final_rec//p103/audioseal/sample_4/watermarked_outside2_recording_Fifine_USB_PnP_Audio_Device.wav,audioseal,0.5625
outside2,p103,/media/storage/hadleigh/stegaphone_data/final_rec//p103/audioseal/sample_4/watermarked_outside2_recording_Yeti_Stereo_Microphone.wav,audioseal,0.4375
outside2,p103,/media/storage/hadleigh/stegaphone_data/final_rec//p103/audioseal/sample_4/watermarked_outside2_recording_iPhone_Microphone.wav,audioseal,0.6250
outside2,p103,/media/storage/hadleigh/stegaphone_data/final_rec//p103/audioseal/sample_4/watermarked_outside2_recording_USB_Lavalier_Microphone.wav,audioseal,0.5625
outside2,p103,/media/storage/hadleigh/stegaphone_data/final_rec//p103/audioseal/sample_9/watermarked_outside2_recording_Fifine_USB_PnP_Audio_Device.wav,audioseal,0.4375
outside2,p103,/media/storage/hadleigh/stegaphone_data/final_rec//p103/audioseal/sample_9/watermarked_outside2_recording_Yeti_Stereo_Microphone.wav,audioseal,0.4375
outside2,p103,/media/storage/hadleigh/stegaphone_data/final_rec//p103/audioseal/sample_9/watermarked_outside2_recording_iPhone_Microphone.wav,audioseal,0.4375
outside2,p103,/media/storage/hadleigh/stegaphone_data/final_rec//p103/audioseal/sample_9/watermarked_outside2_recording_USB_Lavalier_Microphone.wav,audioseal,0.3750
outside2,p103,/media/storage/hadleigh/stegaphone_data/final_rec//p103/audioseal/sample_6/watermarked_outside2_recording_Fifine_USB_PnP_Audio_Device.wav,audioseal,0.5625
outside2,p103,/media/storage/hadleigh/stegaphone_data/final_rec//p103/audioseal/sample_6/watermarked_outside2_recording_Yeti_Stereo_Microphone.wav,audioseal,0.5000
outside2,p103,/media/storage/hadleigh/stegaphone_data/final_rec//p103/audioseal/sample_6/watermarked_outside2_recording_iPhone_Microphone.wav,audioseal,0.5000
outside2,p103,/media/storage/hadleigh/stegaphone_data/final_rec//p103/audioseal/sample_6/watermarked_outside2_recording_USB_Lavalier_Microphone.wav,audioseal,0.4375
outside2,p103,/media/storage/hadleigh/stegaphone_data/final_rec//p103/audioseal/sample_1/watermarked_outside2_recording_Fifine_USB_PnP_Audio_Device.wav,audioseal,0.5625
outside2,p103,/media/storage/hadleigh/stegaphone_data/final_rec//p103/audioseal/sample_1/watermarked_outside2_recording_Yeti_Stereo_Microphone.wav,audioseal,0.5000
outside2,p103,/media/storage/hadleigh/stegaphone_data/final_rec//p103/audioseal/sample_1/watermarked_outside2_recording_iPhone_Microphone.wav,audioseal,0.5625
outside2,p103,/media/storage/hadleigh/stegaphone_data/final_rec//p103/audioseal/sample_1/watermarked_outside2_recording_USB_Lavalier_Microphone.wav,audioseal,0.5625
outside2,p104,/media/storage/hadleigh/stegaphone_data/final_rec//p104/audioseal/sample_7/watermarked_outside2_recording_Fifine_USB_PnP_Audio_Device.wav,audioseal,0.6250
outside2,p104,/media/storage/hadleigh/stegaphone_data/final_rec//p104/audioseal/sample_7/watermarked_outside2_recording_Yeti_Stereo_Microphone.wav,audioseal,0.6250
outside2,p104,/media/storage/hadleigh/stegaphone_data/final_rec//p104/audioseal/sample_7/watermarked_outside2_recording_iPhone_Microphone.wav,audioseal,0.6875
outside2,p104,/media/storage/hadleigh/stegaphone_data/final_rec//p104/audioseal/sample_7/watermarked_outside2_recording_USB_Lavalier_Microphone.wav,audioseal,0.5625
outside2,p104,/media/storage/hadleigh/stegaphone_data/final_rec//p104/audioseal/sample_2/watermarked_outside2_recording_Fifine_USB_PnP_Audio_Device.wav,audioseal,0.4375
outside2,p104,/media/storage/hadleigh/stegaphone_data/final_rec//p104/audioseal/sample_2/watermarked_outside2_recording_Yeti_Stereo_Microphone.wav,audioseal,0.3750
outside2,p104,/media/storage/hadleigh/stegaphone_data/final_rec//p104/audioseal/sample_2/watermarked_outside2_recording_iPhone_Microphone.wav,audioseal,0.4375
outside2,p104,/media/storage/hadleigh/stegaphone_data/final_rec//p104/audioseal/sample_2/watermarked_outside2_recording_USB_Lavalier_Microphone.wav,audioseal,0.4375
outside2,p104,/media/storage/hadleigh/stegaphone_data/final_rec//p104/audioseal/sample_3/watermarked_outside2_recording_Fifine_USB_PnP_Audio_Device.wav,audioseal,0.5000
outside2,p104,/media/storage/hadleigh/stegaphone_data/final_rec//p104/audioseal/sample_3/watermarked_outside2_recording_Yeti_Stereo_Microphone.wav,audioseal,0.3125
outside2,p104,/media/storage/hadleigh/stegaphone_data/final_rec//p104/audioseal/sample_3/watermarked_outside2_recording_iPhone_Microphone.wav,audioseal,0.5000
outside2,p104,/media/storage/hadleigh/stegaphone_data/final_rec//p104/audioseal/sample_3/watermarked_outside2_recording_USB_Lavalier_Microphone.wav,audioseal,0.3750
outside2,p104,/media/storage/hadleigh/stegaphone_data/final_rec//p104/audioseal/sample_5/watermarked_outside2_recording_Fifine_USB_PnP_Audio_Device.wav,audioseal,0.6875
outside2,p104,/media/storage/hadleigh/stegaphone_data/final_rec//p104/audioseal/sample_5/watermarked_outside2_recording_Yeti_Stereo_Microphone.wav,audioseal,0.6250
outside2,p104,/media/storage/hadleigh/stegaphone_data/final_rec//p104/audioseal/sample_5/watermarked_outside2_recording_iPhone_Microphone.wav,audioseal,0.6250
outside2,p104,/media/storage/hadleigh/stegaphone_data/final_rec//p104/audioseal/sample_5/watermarked_outside2_recording_USB_Lavalier_Microphone.wav,audioseal,0.7500
outside2,p104,/media/storage/hadleigh/stegaphone_data/final_rec//p104/audioseal/sample_8/watermarked_outside2_recording_Fifine_USB_PnP_Audio_Device.wav,audioseal,0.5000
outside2,p104,/media/storage/hadleigh/stegaphone_data/final_rec//p104/audioseal/sample_8/watermarked_outside2_recording_Yeti_Stereo_Microphone.wav,audioseal,0.5625
outside2,p104,/media/storage/hadleigh/stegaphone_data/final_rec//p104/audioseal/sample_8/watermarked_outside2_recording_iPhone_Microphone.wav,audioseal,0.6250
outside2,p104,/media/storage/hadleigh/stegaphone_data/final_rec//p104/audioseal/sample_8/watermarked_outside2_recording_USB_Lavalier_Microphone.wav,audioseal,0.5625
outside2,p104,/media/storage/hadleigh/stegaphone_data/final_rec//p104/audioseal/sample_10/watermarked_outside2_recording_Fifine_USB_PnP_Audio_Device.wav,audioseal,0.3750
outside2,p104,/media/storage/hadleigh/stegaphone_data/final_rec//p104/audioseal/sample_10/watermarked_outside2_recording_Yeti_Stereo_Microphone.wav,audioseal,0.3750
outside2,p104,/media/storage/hadleigh/stegaphone_data/final_rec//p104/audioseal/sample_10/watermarked_outside2_recording_iPhone_Microphone.wav,audioseal,0.3750
outside2,p104,/media/storage/hadleigh/stegaphone_data/final_rec//p104/audioseal/sample_10/watermarked_outside2_recording_USB_Lavalier_Microphone.wav,audioseal,0.4375
outside2,p104,/media/storage/hadleigh/stegaphone_data/final_rec//p104/audioseal/sample_4/watermarked_outside2_recording_Fifine_USB_PnP_Audio_Device.wav,audioseal,0.8125
outside2,p104,/media/storage/hadleigh/stegaphone_data/final_rec//p104/audioseal/sample_4/watermarked_outside2_recording_Yeti_Stereo_Microphone.wav,audioseal,0.8125
outside2,p104,/media/storage/hadleigh/stegaphone_data/final_rec//p104/audioseal/sample_4/watermarked_outside2_recording_iPhone_Microphone.wav,audioseal,0.7500
outside2,p104,/media/storage/hadleigh/stegaphone_data/final_rec//p104/audioseal/sample_4/watermarked_outside2_recording_USB_Lavalier_Microphone.wav,audioseal,0.7500
outside2,p104,/media/storage/hadleigh/stegaphone_data/final_rec//p104/audioseal/sample_9/watermarked_outside2_recording_Fifine_USB_PnP_Audio_Device.wav,audioseal,0.6875
outside2,p104,/media/storage/hadleigh/stegaphone_data/final_rec//p104/audioseal/sample_9/watermarked_outside2_recording_Yeti_Stereo_Microphone.wav,audioseal,0.6250
outside2,p104,/media/storage/hadleigh/stegaphone_data/final_rec//p104/audioseal/sample_9/watermarked_outside2_recording_iPhone_Microphone.wav,audioseal,0.6250
outside2,p104,/media/storage/hadleigh/stegaphone_data/final_rec//p104/audioseal/sample_9/watermarked_outside2_recording_USB_Lavalier_Microphone.wav,audioseal,0.6250
outside2,p104,/media/storage/hadleigh/stegaphone_data/final_rec//p104/audioseal/sample_6/watermarked_outside2_recording_Fifine_USB_PnP_Audio_Device.wav,audioseal,0.4375
outside2,p104,/media/storage/hadleigh/stegaphone_data/final_rec//p104/audioseal/sample_6/watermarked_outside2_recording_Yeti_Stereo_Microphone.wav,audioseal,0.4375
outside2,p104,/media/storage/hadleigh/stegaphone_data/final_rec//p104/audioseal/sample_6/watermarked_outside2_recording_iPhone_Microphone.wav,audioseal,0.3750
outside2,p104,/media/storage/hadleigh/stegaphone_data/final_rec//p104/audioseal/sample_6/watermarked_outside2_recording_USB_Lavalier_Microphone.wav,audioseal,0.3750
outside2,p104,/media/storage/hadleigh/stegaphone_data/final_rec//p104/audioseal/sample_1/watermarked_outside2_recording_Fifine_USB_PnP_Audio_Device.wav,audioseal,0.4375
outside2,p104,/media/storage/hadleigh/stegaphone_data/final_rec//p104/audioseal/sample_1/watermarked_outside2_recording_Yeti_Stereo_Microphone.wav,audioseal,0.5000
outside2,p104,/media/storage/hadleigh/stegaphone_data/final_rec//p104/audioseal/sample_1/watermarked_outside2_recording_iPhone_Microphone.wav,audioseal,0.3750
outside2,p104,/media/storage/hadleigh/stegaphone_data/final_rec//p104/audioseal/sample_1/watermarked_outside2_recording_USB_Lavalier_Microphone.wav,audioseal,0.3750
outside2,p105,/media/storage/hadleigh/stegaphone_data/final_rec//p105/audioseal/sample_7/watermarked_outside2_recording_Fifine_USB_PnP_Audio_Device.wav,audioseal,0.4375
outside2,p105,/media/storage/hadleigh/stegaphone_data/final_rec//p105/audioseal/sample_7/watermarked_outside2_recording_Yeti_Stereo_Microphone.wav,audioseal,0.3750
outside2,p105,/media/storage/hadleigh/stegaphone_data/final_rec//p105/audioseal/sample_7/watermarked_outside2_recording_iPhone_Microphone.wav,audioseal,0.5000
outside2,p105,/media/storage/hadleigh/stegaphone_data/final_rec//p105/audioseal/sample_7/watermarked_outside2_recording_USB_Lavalier_Microphone.wav,audioseal,0.3750
outside2,p105,/media/storage/hadleigh/stegaphone_data/final_rec//p105/audioseal/sample_2/watermarked_outside2_recording_Fifine_USB_PnP_Audio_Device.wav,audioseal,0.3750
outside2,p105,/media/storage/hadleigh/stegaphone_data/final_rec//p105/audioseal/sample_2/watermarked_outside2_recording_Yeti_Stereo_Microphone.wav,audioseal,0.4375
outside2,p105,/media/storage/hadleigh/stegaphone_data/final_rec//p105/audioseal/sample_2/watermarked_outside2_recording_iPhone_Microphone.wav,audioseal,0.4375
outside2,p105,/media/storage/hadleigh/stegaphone_data/final_rec//p105/audioseal/sample_2/watermarked_outside2_recording_USB_Lavalier_Microphone.wav,audioseal,0.3750
outside2,p105,/media/storage/hadleigh/stegaphone_data/final_rec//p105/audioseal/sample_3/watermarked_outside2_recording_Fifine_USB_PnP_Audio_Device.wav,audioseal,0.6250
outside2,p105,/media/storage/hadleigh/stegaphone_data/final_rec//p105/audioseal/sample_3/watermarked_outside2_recording_Yeti_Stereo_Microphone.wav,audioseal,0.6250
outside2,p105,/media/storage/hadleigh/stegaphone_data/final_rec//p105/audioseal/sample_3/watermarked_outside2_recording_iPhone_Microphone.wav,audioseal,0.6250
outside2,p105,/media/storage/hadleigh/stegaphone_data/final_rec//p105/audioseal/sample_3/watermarked_outside2_recording_USB_Lavalier_Microphone.wav,audioseal,0.5625
outside2,p105,/media/storage/hadleigh/stegaphone_data/final_rec//p105/audioseal/sample_5/watermarked_outside2_recording_Fifine_USB_PnP_Audio_Device.wav,audioseal,0.6250
outside2,p105,/media/storage/hadleigh/stegaphone_data/final_rec//p105/audioseal/sample_5/watermarked_outside2_recording_Yeti_Stereo_Microphone.wav,audioseal,0.6250
outside2,p105,/media/storage/hadleigh/stegaphone_data/final_rec//p105/audioseal/sample_5/watermarked_outside2_recording_iPhone_Microphone.wav,audioseal,0.6250
outside2,p105,/media/storage/hadleigh/stegaphone_data/final_rec//p105/audioseal/sample_5/watermarked_outside2_recording_USB_Lavalier_Microphone.wav,audioseal,0.6250
outside2,p105,/media/storage/hadleigh/stegaphone_data/final_rec//p105/audioseal/sample_8/watermarked_outside2_recording_Fifine_USB_PnP_Audio_Device.wav,audioseal,0.3750
outside2,p105,/media/storage/hadleigh/stegaphone_data/final_rec//p105/audioseal/sample_8/watermarked_outside2_recording_Yeti_Stereo_Microphone.wav,audioseal,0.3750
outside2,p105,/media/storage/hadleigh/stegaphone_data/final_rec//p105/audioseal/sample_8/watermarked_outside2_recording_iPhone_Microphone.wav,audioseal,0.4375
outside2,p105,/media/storage/hadleigh/stegaphone_data/final_rec//p105/audioseal/sample_8/watermarked_outside2_recording_USB_Lavalier_Microphone.wav,audioseal,0.4375
outside2,p105,/media/storage/hadleigh/stegaphone_data/final_rec//p105/audioseal/sample_10/watermarked_outside2_recording_Fifine_USB_PnP_Audio_Device.wav,audioseal,0.2500
outside2,p105,/media/storage/hadleigh/stegaphone_data/final_rec//p105/audioseal/sample_10/watermarked_outside2_recording_Yeti_Stereo_Microphone.wav,audioseal,0.2500
outside2,p105,/media/storage/hadleigh/stegaphone_data/final_rec//p105/audioseal/sample_10/watermarked_outside2_recording_iPhone_Microphone.wav,audioseal,0.1875
outside2,p105,/media/storage/hadleigh/stegaphone_data/final_rec//p105/audioseal/sample_10/watermarked_outside2_recording_USB_Lavalier_Microphone.wav,audioseal,0.2500
outside2,p105,/media/storage/hadleigh/stegaphone_data/final_rec//p105/audioseal/sample_4/watermarked_outside2_recording_Fifine_USB_PnP_Audio_Device.wav,audioseal,0.3750
outside2,p105,/media/storage/hadleigh/stegaphone_data/final_rec//p105/audioseal/sample_4/watermarked_outside2_recording_Yeti_Stereo_Microphone.wav,audioseal,0.3750
outside2,p105,/media/storage/hadleigh/stegaphone_data/final_rec//p105/audioseal/sample_4/watermarked_outside2_recording_iPhone_Microphone.wav,audioseal,0.3750
outside2,p105,/media/storage/hadleigh/stegaphone_data/final_rec//p105/audioseal/sample_4/watermarked_outside2_recording_USB_Lavalier_Microphone.wav,audioseal,0.3125
outside2,p105,/media/storage/hadleigh/stegaphone_data/final_rec//p105/audioseal/sample_9/watermarked_outside2_recording_Fifine_USB_PnP_Audio_Device.wav,audioseal,0.5000
outside2,p105,/media/storage/hadleigh/stegaphone_data/final_rec//p105/audioseal/sample_9/watermarked_outside2_recording_Yeti_Stereo_Microphone.wav,audioseal,0.4375
outside2,p105,/media/storage/hadleigh/stegaphone_data/final_rec//p105/audioseal/sample_9/watermarked_outside2_recording_iPhone_Microphone.wav,audioseal,0.5000
outside2,p105,/media/storage/hadleigh/stegaphone_data/final_rec//p105/audioseal/sample_9/watermarked_outside2_recording_USB_Lavalier_Microphone.wav,audioseal,0.4375
outside2,p105,/media/storage/hadleigh/stegaphone_data/final_rec//p105/audioseal/sample_6/watermarked_outside2_recording_Fifine_USB_PnP_Audio_Device.wav,audioseal,0.4375
outside2,p105,/media/storage/hadleigh/stegaphone_data/final_rec//p105/audioseal/sample_6/watermarked_outside2_recording_Yeti_Stereo_Microphone.wav,audioseal,0.4375
outside2,p105,/media/storage/hadleigh/stegaphone_data/final_rec//p105/audioseal/sample_6/watermarked_outside2_recording_iPhone_Microphone.wav,audioseal,0.3750
outside2,p105,/media/storage/hadleigh/stegaphone_data/final_rec//p105/audioseal/sample_6/watermarked_outside2_recording_USB_Lavalier_Microphone.wav,audioseal,0.3750
outside2,p105,/media/storage/hadleigh/stegaphone_data/final_rec//p105/audioseal/sample_1/watermarked_outside2_recording_Fifine_USB_PnP_Audio_Device.wav,audioseal,0.5625
outside2,p105,/media/storage/hadleigh/stegaphone_data/final_rec//p105/audioseal/sample_1/watermarked_outside2_recording_Yeti_Stereo_Microphone.wav,audioseal,0.5000
outside2,p105,/media/storage/hadleigh/stegaphone_data/final_rec//p105/audioseal/sample_1/watermarked_outside2_recording_iPhone_Microphone.wav,audioseal,0.5625
outside2,p105,/media/storage/hadleigh/stegaphone_data/final_rec//p105/audioseal/sample_1/watermarked_outside2_recording_USB_Lavalier_Microphone.wav,audioseal,0.5000
outside2,p106,/media/storage/hadleigh/stegaphone_data/final_rec//p106/audioseal/sample_7/watermarked_outside2_recording_Fifine_USB_PnP_Audio_Device.wav,audioseal,0.5625
outside2,p106,/media/storage/hadleigh/stegaphone_data/final_rec//p106/audioseal/sample_7/watermarked_outside2_recording_Yeti_Stereo_Microphone.wav,audioseal,0.6875
outside2,p106,/media/storage/hadleigh/stegaphone_data/final_rec//p106/audioseal/sample_7/watermarked_outside2_recording_iPhone_Microphone.wav,audioseal,0.5625
outside2,p106,/media/storage/hadleigh/stegaphone_data/final_rec//p106/audioseal/sample_7/watermarked_outside2_recording_USB_Lavalier_Microphone.wav,audioseal,0.6250
outside2,p106,/media/storage/hadleigh/stegaphone_data/final_rec//p106/audioseal/sample_2/watermarked_outside2_recording_Fifine_USB_PnP_Audio_Device.wav,audioseal,0.6875
outside2,p106,/media/storage/hadleigh/stegaphone_data/final_rec//p106/audioseal/sample_2/watermarked_outside2_recording_Yeti_Stereo_Microphone.wav,audioseal,0.7500
outside2,p106,/media/storage/hadleigh/stegaphone_data/final_rec//p106/audioseal/sample_2/watermarked_outside2_recording_iPhone_Microphone.wav,audioseal,0.5625
outside2,p106,/media/storage/hadleigh/stegaphone_data/final_rec//p106/audioseal/sample_2/watermarked_outside2_recording_USB_Lavalier_Microphone.wav,audioseal,0.5625
outside2,p106,/media/storage/hadleigh/stegaphone_data/final_rec//p106/audioseal/sample_3/watermarked_outside2_recording_Fifine_USB_PnP_Audio_Device.wav,audioseal,0.4375
outside2,p106,/media/storage/hadleigh/stegaphone_data/final_rec//p106/audioseal/sample_3/watermarked_outside2_recording_Yeti_Stereo_Microphone.wav,audioseal,0.3750
outside2,p106,/media/storage/hadleigh/stegaphone_data/final_rec//p106/audioseal/sample_3/watermarked_outside2_recording_iPhone_Microphone.wav,audioseal,0.4375
outside2,p106,/media/storage/hadleigh/stegaphone_data/final_rec//p106/audioseal/sample_3/watermarked_outside2_recording_USB_Lavalier_Microphone.wav,audioseal,0.3750
outside2,p106,/media/storage/hadleigh/stegaphone_data/final_rec//p106/audioseal/sample_5/watermarked_outside2_recording_Fifine_USB_PnP_Audio_Device.wav,audioseal,0.5625
outside2,p106,/media/storage/hadleigh/stegaphone_data/final_rec//p106/audioseal/sample_5/watermarked_outside2_recording_Yeti_Stereo_Microphone.wav,audioseal,0.5625
outside2,p106,/media/storage/hadleigh/stegaphone_data/final_rec//p106/audioseal/sample_5/watermarked_outside2_recording_iPhone_Microphone.wav,audioseal,0.5000
outside2,p106,/media/storage/hadleigh/stegaphone_data/final_rec//p106/audioseal/sample_5/watermarked_outside2_recording_USB_Lavalier_Microphone.wav,audioseal,0.5000
outside2,p106,/media/storage/hadleigh/stegaphone_data/final_rec//p106/audioseal/sample_8/watermarked_outside2_recording_Fifine_USB_PnP_Audio_Device.wav,audioseal,0.7500
outside2,p106,/media/storage/hadleigh/stegaphone_data/final_rec//p106/audioseal/sample_8/watermarked_outside2_recording_Yeti_Stereo_Microphone.wav,audioseal,0.6250
outside2,p106,/media/storage/hadleigh/stegaphone_data/final_rec//p106/audioseal/sample_8/watermarked_outside2_recording_iPhone_Microphone.wav,audioseal,0.6875
outside2,p106,/media/storage/hadleigh/stegaphone_data/final_rec//p106/audioseal/sample_8/watermarked_outside2_recording_USB_Lavalier_Microphone.wav,audioseal,0.6875
outside2,p106,/media/storage/hadleigh/stegaphone_data/final_rec//p106/audioseal/sample_10/watermarked_outside2_recording_Fifine_USB_PnP_Audio_Device.wav,audioseal,0.6250
outside2,p106,/media/storage/hadleigh/stegaphone_data/final_rec//p106/audioseal/sample_10/watermarked_outside2_recording_Yeti_Stereo_Microphone.wav,audioseal,0.6250
outside2,p106,/media/storage/hadleigh/stegaphone_data/final_rec//p106/audioseal/sample_10/watermarked_outside2_recording_iPhone_Microphone.wav,audioseal,0.5625
outside2,p106,/media/storage/hadleigh/stegaphone_data/final_rec//p106/audioseal/sample_10/watermarked_outside2_recording_USB_Lavalier_Microphone.wav,audioseal,0.6250
outside2,p106,/media/storage/hadleigh/stegaphone_data/final_rec//p106/audioseal/sample_4/watermarked_outside2_recording_Fifine_USB_PnP_Audio_Device.wav,audioseal,0.6875
outside2,p106,/media/storage/hadleigh/stegaphone_data/final_rec//p106/audioseal/sample_4/watermarked_outside2_recording_Yeti_Stereo_Microphone.wav,audioseal,0.5625
outside2,p106,/media/storage/hadleigh/stegaphone_data/final_rec//p106/audioseal/sample_4/watermarked_outside2_recording_iPhone_Microphone.wav,audioseal,0.5000
outside2,p106,/media/storage/hadleigh/stegaphone_data/final_rec//p106/audioseal/sample_4/watermarked_outside2_recording_USB_Lavalier_Microphone.wav,audioseal,0.5000
outside2,p106,/media/storage/hadleigh/stegaphone_data/final_rec//p106/audioseal/sample_9/watermarked_outside2_recording_Fifine_USB_PnP_Audio_Device.wav,audioseal,0.6875
outside2,p106,/media/storage/hadleigh/stegaphone_data/final_rec//p106/audioseal/sample_9/watermarked_outside2_recording_Yeti_Stereo_Microphone.wav,audioseal,0.6250
outside2,p106,/media/storage/hadleigh/stegaphone_data/final_rec//p106/audioseal/sample_9/watermarked_outside2_recording_iPhone_Microphone.wav,audioseal,0.6250
outside2,p106,/media/storage/hadleigh/stegaphone_data/final_rec//p106/audioseal/sample_9/watermarked_outside2_recording_USB_Lavalier_Microphone.wav,audioseal,0.4375
outside2,p106,/media/storage/hadleigh/stegaphone_data/final_rec//p106/audioseal/sample_6/watermarked_outside2_recording_Fifine_USB_PnP_Audio_Device.wav,audioseal,0.5000
outside2,p106,/media/storage/hadleigh/stegaphone_data/final_rec//p106/audioseal/sample_6/watermarked_outside2_recording_Yeti_Stereo_Microphone.wav,audioseal,0.5625
outside2,p106,/media/storage/hadleigh/stegaphone_data/final_rec//p106/audioseal/sample_6/watermarked_outside2_recording_iPhone_Microphone.wav,audioseal,0.5000
outside2,p106,/media/storage/hadleigh/stegaphone_data/final_rec//p106/audioseal/sample_6/watermarked_outside2_recording_USB_Lavalier_Microphone.wav,audioseal,0.5000
outside2,p106,/media/storage/hadleigh/stegaphone_data/final_rec//p106/audioseal/sample_1/watermarked_outside2_recording_Fifine_USB_PnP_Audio_Device.wav,audioseal,0.6250
outside2,p106,/media/storage/hadleigh/stegaphone_data/final_rec//p106/audioseal/sample_1/watermarked_outside2_recording_Yeti_Stereo_Microphone.wav,audioseal,0.4375
outside2,p106,/media/storage/hadleigh/stegaphone_data/final_rec//p106/audioseal/sample_1/watermarked_outside2_recording_iPhone_Microphone.wav,audioseal,0.6250
outside2,p106,/media/storage/hadleigh/stegaphone_data/final_rec//p106/audioseal/sample_1/watermarked_outside2_recording_USB_Lavalier_Microphone.wav,audioseal,0.5625
outside2,p107,/media/storage/hadleigh/stegaphone_data/final_rec//p107/audioseal/sample_7/watermarked_outside2_recording_Fifine_USB_PnP_Audio_Device.wav,audioseal,0.5625
outside2,p107,/media/storage/hadleigh/stegaphone_data/final_rec//p107/audioseal/sample_7/watermarked_outside2_recording_Yeti_Stereo_Microphone.wav,audioseal,0.5000
outside2,p107,/media/storage/hadleigh/stegaphone_data/final_rec//p107/audioseal/sample_7/watermarked_outside2_recording_iPhone_Microphone.wav,audioseal,0.5000
outside2,p107,/media/storage/hadleigh/stegaphone_data/final_rec//p107/audioseal/sample_7/watermarked_outside2_recording_USB_Lavalier_Microphone.wav,audioseal,0.5625
outside2,p107,/media/storage/hadleigh/stegaphone_data/final_rec//p107/audioseal/sample_2/watermarked_outside2_recording_Fifine_USB_PnP_Audio_Device.wav,audioseal,0.4375
outside2,p107,/media/storage/hadleigh/stegaphone_data/final_rec//p107/audioseal/sample_2/watermarked_outside2_recording_Yeti_Stereo_Microphone.wav,audioseal,0.5625
outside2,p107,/media/storage/hadleigh/stegaphone_data/final_rec//p107/audioseal/sample_2/watermarked_outside2_recording_iPhone_Microphone.wav,audioseal,0.5000
outside2,p107,/media/storage/hadleigh/stegaphone_data/final_rec//p107/audioseal/sample_2/watermarked_outside2_recording_USB_Lavalier_Microphone.wav,audioseal,0.4375
outside2,p107,/media/storage/hadleigh/stegaphone_data/final_rec//p107/audioseal/sample_3/watermarked_outside2_recording_Fifine_USB_PnP_Audio_Device.wav,audioseal,0.6875
outside2,p107,/media/storage/hadleigh/stegaphone_data/final_rec//p107/audioseal/sample_3/watermarked_outside2_recording_Yeti_Stereo_Microphone.wav,audioseal,0.6875
outside2,p107,/media/storage/hadleigh/stegaphone_data/final_rec//p107/audioseal/sample_3/watermarked_outside2_recording_iPhone_Microphone.wav,audioseal,0.7500
outside2,p107,/media/storage/hadleigh/stegaphone_data/final_rec//p107/audioseal/sample_3/watermarked_outside2_recording_USB_Lavalier_Microphone.wav,audioseal,0.6250
outside2,p107,/media/storage/hadleigh/stegaphone_data/final_rec//p107/audioseal/sample_5/watermarked_outside2_recording_Fifine_USB_PnP_Audio_Device.wav,audioseal,0.3750
outside2,p107,/media/storage/hadleigh/stegaphone_data/final_rec//p107/audioseal/sample_5/watermarked_outside2_recording_Yeti_Stereo_Microphone.wav,audioseal,0.4375
outside2,p107,/media/storage/hadleigh/stegaphone_data/final_rec//p107/audioseal/sample_5/watermarked_outside2_recording_iPhone_Microphone.wav,audioseal,0.4375
outside2,p107,/media/storage/hadleigh/stegaphone_data/final_rec//p107/audioseal/sample_5/watermarked_outside2_recording_USB_Lavalier_Microphone.wav,audioseal,0.4375
outside2,p107,/media/storage/hadleigh/stegaphone_data/final_rec//p107/audioseal/sample_8/watermarked_outside2_recording_Fifine_USB_PnP_Audio_Device.wav,audioseal,0.3125
outside2,p107,/media/storage/hadleigh/stegaphone_data/final_rec//p107/audioseal/sample_8/watermarked_outside2_recording_Yeti_Stereo_Microphone.wav,audioseal,0.2500
outside2,p107,/media/storage/hadleigh/stegaphone_data/final_rec//p107/audioseal/sample_8/watermarked_outside2_recording_iPhone_Microphone.wav,audioseal,0.2500
outside2,p107,/media/storage/hadleigh/stegaphone_data/final_rec//p107/audioseal/sample_8/watermarked_outside2_recording_USB_Lavalier_Microphone.wav,audioseal,0.2500
outside2,p107,/media/storage/hadleigh/stegaphone_data/final_rec//p107/audioseal/sample_10/watermarked_outside2_recording_Fifine_USB_PnP_Audio_Device.wav,audioseal,0.5625
outside2,p107,/media/storage/hadleigh/stegaphone_data/final_rec//p107/audioseal/sample_10/watermarked_outside2_recording_Yeti_Stereo_Microphone.wav,audioseal,0.5625
outside2,p107,/media/storage/hadleigh/stegaphone_data/final_rec//p107/audioseal/sample_10/watermarked_outside2_recording_iPhone_Microphone.wav,audioseal,0.6250
outside2,p107,/media/storage/hadleigh/stegaphone_data/final_rec//p107/audioseal/sample_10/watermarked_outside2_recording_USB_Lavalier_Microphone.wav,audioseal,0.5000
outside2,p107,/media/storage/hadleigh/stegaphone_data/final_rec//p107/audioseal/sample_4/watermarked_outside2_recording_Fifine_USB_PnP_Audio_Device.wav,audioseal,0.6250
outside2,p107,/media/storage/hadleigh/stegaphone_data/final_rec//p107/audioseal/sample_4/watermarked_outside2_recording_Yeti_Stereo_Microphone.wav,audioseal,0.6250
outside2,p107,/media/storage/hadleigh/stegaphone_data/final_rec//p107/audioseal/sample_4/watermarked_outside2_recording_iPhone_Microphone.wav,audioseal,0.6250
outside2,p107,/media/storage/hadleigh/stegaphone_data/final_rec//p107/audioseal/sample_4/watermarked_outside2_recording_USB_Lavalier_Microphone.wav,audioseal,0.6250
outside2,p107,/media/storage/hadleigh/stegaphone_data/final_rec//p107/audioseal/sample_9/watermarked_outside2_recording_Fifine_USB_PnP_Audio_Device.wav,audioseal,0.3750
outside2,p107,/media/storage/hadleigh/stegaphone_data/final_rec//p107/audioseal/sample_9/watermarked_outside2_recording_Yeti_Stereo_Microphone.wav,audioseal,0.4375
outside2,p107,/media/storage/hadleigh/stegaphone_data/final_rec//p107/audioseal/sample_9/watermarked_outside2_recording_iPhone_Microphone.wav,audioseal,0.3750
outside2,p107,/media/storage/hadleigh/stegaphone_data/final_rec//p107/audioseal/sample_9/watermarked_outside2_recording_USB_Lavalier_Microphone.wav,audioseal,0.4375
outside2,p107,/media/storage/hadleigh/stegaphone_data/final_rec//p107/audioseal/sample_6/watermarked_outside2_recording_Fifine_USB_PnP_Audio_Device.wav,audioseal,0.5625
outside2,p107,/media/storage/hadleigh/stegaphone_data/final_rec//p107/audioseal/sample_6/watermarked_outside2_recording_Yeti_Stereo_Microphone.wav,audioseal,0.5625
outside2,p107,/media/storage/hadleigh/stegaphone_data/final_rec//p107/audioseal/sample_6/watermarked_outside2_recording_iPhone_Microphone.wav,audioseal,0.5000
outside2,p107,/media/storage/hadleigh/stegaphone_data/final_rec//p107/audioseal/sample_6/watermarked_outside2_recording_USB_Lavalier_Microphone.wav,audioseal,0.5000
outside2,p107,/media/storage/hadleigh/stegaphone_data/final_rec//p107/audioseal/sample_1/watermarked_outside2_recording_Fifine_USB_PnP_Audio_Device.wav,audioseal,0.5000
outside2,p107,/media/storage/hadleigh/stegaphone_data/final_rec//p107/audioseal/sample_1/watermarked_outside2_recording_Yeti_Stereo_Microphone.wav,audioseal,0.3125
outside2,p107,/media/storage/hadleigh/stegaphone_data/final_rec//p107/audioseal/sample_1/watermarked_outside2_recording_iPhone_Microphone.wav,audioseal,0.5625
outside2,p107,/media/storage/hadleigh/stegaphone_data/final_rec//p107/audioseal/sample_1/watermarked_outside2_recording_USB_Lavalier_Microphone.wav,audioseal,0.5000
conference,p102,/media/storage/hadleigh/stegaphone_data/final_rec//p102/audioseal/sample_7/watermarked_conference_recording_USB_Lavalier_Microphone.wav,audioseal,0.4375
conference,p102,/media/storage/hadleigh/stegaphone_data/final_rec//p102/audioseal/sample_7/watermarked_conference_recording_iPhone_Microphone.wav,audioseal,0.9375
conference,p102,/media/storage/hadleigh/stegaphone_data/final_rec//p102/audioseal/sample_7/watermarked_conference_recording_Yeti_Stereo_Microphone.wav,audioseal,0.5000
conference,p102,/media/storage/hadleigh/stegaphone_data/final_rec//p102/audioseal/sample_7/watermarked_conference_recording_Fifine_USB_PnP_Audio_Device.wav,audioseal,0.6250
conference,p102,/media/storage/hadleigh/stegaphone_data/final_rec//p102/audioseal/sample_2/watermarked_conference_recording_USB_Lavalier_Microphone.wav,audioseal,0.4375
conference,p102,/media/storage/hadleigh/stegaphone_data/final_rec//p102/audioseal/sample_2/watermarked_conference_recording_iPhone_Microphone.wav,audioseal,0.2500
conference,p102,/media/storage/hadleigh/stegaphone_data/final_rec//p102/audioseal/sample_2/watermarked_conference_recording_Yeti_Stereo_Microphone.wav,audioseal,0.4375
conference,p102,/media/storage/hadleigh/stegaphone_data/final_rec//p102/audioseal/sample_2/watermarked_conference_recording_Fifine_USB_PnP_Audio_Device.wav,audioseal,0.3125
conference,p102,/media/storage/hadleigh/stegaphone_data/final_rec//p102/audioseal/sample_3/watermarked_conference_recording_USB_Lavalier_Microphone.wav,audioseal,0.6250
conference,p102,/media/storage/hadleigh/stegaphone_data/final_rec//p102/audioseal/sample_3/watermarked_conference_recording_iPhone_Microphone.wav,audioseal,0.5000
conference,p102,/media/storage/hadleigh/stegaphone_data/final_rec//p102/audioseal/sample_3/watermarked_conference_recording_Yeti_Stereo_Microphone.wav,audioseal,0.6875
conference,p102,/media/storage/hadleigh/stegaphone_data/final_rec//p102/audioseal/sample_3/watermarked_conference_recording_Fifine_USB_PnP_Audio_Device.wav,audioseal,0.6250
conference,p102,/media/storage/hadleigh/stegaphone_data/final_rec//p102/audioseal/sample_5/watermarked_conference_recording_USB_Lavalier_Microphone.wav,audioseal,0.4375
conference,p102,/media/storage/hadleigh/stegaphone_data/final_rec//p102/audioseal/sample_5/watermarked_conference_recording_iPhone_Microphone.wav,audioseal,0.3750
conference,p102,/media/storage/hadleigh/stegaphone_data/final_rec//p102/audioseal/sample_5/watermarked_conference_recording_Yeti_Stereo_Microphone.wav,audioseal,0.5000
conference,p102,/media/storage/hadleigh/stegaphone_data/final_rec//p102/audioseal/sample_5/watermarked_conference_recording_Fifine_USB_PnP_Audio_Device.wav,audioseal,0.4375
conference,p102,/media/storage/hadleigh/stegaphone_data/final_rec//p102/audioseal/sample_8/watermarked_conference_recording_USB_Lavalier_Microphone.wav,audioseal,0.3750
conference,p102,/media/storage/hadleigh/stegaphone_data/final_rec//p102/audioseal/sample_8/watermarked_conference_recording_iPhone_Microphone.wav,audioseal,0.4375
conference,p102,/media/storage/hadleigh/stegaphone_data/final_rec//p102/audioseal/sample_8/watermarked_conference_recording_Yeti_Stereo_Microphone.wav,audioseal,0.2500
conference,p102,/media/storage/hadleigh/stegaphone_data/final_rec//p102/audioseal/sample_8/watermarked_conference_recording_Fifine_USB_PnP_Audio_Device.wav,audioseal,0.3125
conference,p102,/media/storage/hadleigh/stegaphone_data/final_rec//p102/audioseal/sample_10/watermarked_conference_recording_USB_Lavalier_Microphone.wav,audioseal,0.8125
conference,p102,/media/storage/hadleigh/stegaphone_data/final_rec//p102/audioseal/sample_10/watermarked_conference_recording_iPhone_Microphone.wav,audioseal,0.5000
conference,p102,/media/storage/hadleigh/stegaphone_data/final_rec//p102/audioseal/sample_10/watermarked_conference_recording_Yeti_Stereo_Microphone.wav,audioseal,0.7500
conference,p102,/media/storage/hadleigh/stegaphone_data/final_rec//p102/audioseal/sample_10/watermarked_conference_recording_Fifine_USB_PnP_Audio_Device.wav,audioseal,0.7500
conference,p102,/media/storage/hadleigh/stegaphone_data/final_rec//p102/audioseal/sample_4/watermarked_conference_recording_USB_Lavalier_Microphone.wav,audioseal,0.5625
conference,p102,/media/storage/hadleigh/stegaphone_data/final_rec//p102/audioseal/sample_4/watermarked_conference_recording_iPhone_Microphone.wav,audioseal,0.5625
conference,p102,/media/storage/hadleigh/stegaphone_data/final_rec//p102/audioseal/sample_4/watermarked_conference_recording_Yeti_Stereo_Microphone.wav,audioseal,0.5000
conference,p102,/media/storage/hadleigh/stegaphone_data/final_rec//p102/audioseal/sample_4/watermarked_conference_recording_Fifine_USB_PnP_Audio_Device.wav,audioseal,0.5000
conference,p102,/media/storage/hadleigh/stegaphone_data/final_rec//p102/audioseal/sample_9/watermarked_conference_recording_USB_Lavalier_Microphone.wav,audioseal,0.7500
conference,p102,/media/storage/hadleigh/stegaphone_data/final_rec//p102/audioseal/sample_9/watermarked_conference_recording_iPhone_Microphone.wav,audioseal,0.3125
conference,p102,/media/storage/hadleigh/stegaphone_data/final_rec//p102/audioseal/sample_9/watermarked_conference_recording_Yeti_Stereo_Microphone.wav,audioseal,0.3125
conference,p102,/media/storage/hadleigh/stegaphone_data/final_rec//p102/audioseal/sample_9/watermarked_conference_recording_Fifine_USB_PnP_Audio_Device.wav,audioseal,0.2500
conference,p102,/media/storage/hadleigh/stegaphone_data/final_rec//p102/audioseal/sample_6/watermarked_conference_recording_USB_Lavalier_Microphone.wav,audioseal,0.5000
conference,p102,/media/storage/hadleigh/stegaphone_data/final_rec//p102/audioseal/sample_6/watermarked_conference_recording_iPhone_Microphone.wav,audioseal,0.6250
conference,p102,/media/storage/hadleigh/stegaphone_data/final_rec//p102/audioseal/sample_6/watermarked_conference_recording_Yeti_Stereo_Microphone.wav,audioseal,0.5000
conference,p102,/media/storage/hadleigh/stegaphone_data/final_rec//p102/audioseal/sample_6/watermarked_conference_recording_Fifine_USB_PnP_Audio_Device.wav,audioseal,0.6250
conference,p102,/media/storage/hadleigh/stegaphone_data/final_rec//p102/audioseal/sample_1/watermarked_conference_recording_USB_Lavalier_Microphone.wav,audioseal,0.3125
conference,p102,/media/storage/hadleigh/stegaphone_data/final_rec//p102/audioseal/sample_1/watermarked_conference_recording_iPhone_Microphone.wav,audioseal,0.5625
conference,p102,/media/storage/hadleigh/stegaphone_data/final_rec//p102/audioseal/sample_1/watermarked_conference_recording_Yeti_Stereo_Microphone.wav,audioseal,0.5000
conference,p102,/media/storage/hadleigh/stegaphone_data/final_rec//p102/audioseal/sample_1/watermarked_conference_recording_Fifine_USB_PnP_Audio_Device.wav,audioseal,0.5000
conference,p103,/media/storage/hadleigh/stegaphone_data/final_rec//p103/audioseal/sample_7/watermarked_conference_recording_USB_Lavalier_Microphone.wav,audioseal,0.6250
conference,p103,/media/storage/hadleigh/stegaphone_data/final_rec//p103/audioseal/sample_7/watermarked_conference_recording_iPhone_Microphone.wav,audioseal,0.3750
conference,p103,/media/storage/hadleigh/stegaphone_data/final_rec//p103/audioseal/sample_7/watermarked_conference_recording_Yeti_Stereo_Microphone.wav,audioseal,0.2500
conference,p103,/media/storage/hadleigh/stegaphone_data/final_rec//p103/audioseal/sample_7/watermarked_conference_recording_Fifine_USB_PnP_Audio_Device.wav,audioseal,0.5000
conference,p103,/media/storage/hadleigh/stegaphone_data/final_rec//p103/audioseal/sample_2/watermarked_conference_recording_USB_Lavalier_Microphone.wav,audioseal,0.5000
conference,p103,/media/storage/hadleigh/stegaphone_data/final_rec//p103/audioseal/sample_2/watermarked_conference_recording_iPhone_Microphone.wav,audioseal,0.5000
conference,p103,/media/storage/hadleigh/stegaphone_data/final_rec//p103/audioseal/sample_2/watermarked_conference_recording_Yeti_Stereo_Microphone.wav,audioseal,0.5000
conference,p103,/media/storage/hadleigh/stegaphone_data/final_rec//p103/audioseal/sample_2/watermarked_conference_recording_Fifine_USB_PnP_Audio_Device.wav,audioseal,0.4375
conference,p103,/media/storage/hadleigh/stegaphone_data/final_rec//p103/audioseal/sample_3/watermarked_conference_recording_USB_Lavalier_Microphone.wav,audioseal,0.5625
conference,p103,/media/storage/hadleigh/stegaphone_data/final_rec//p103/audioseal/sample_3/watermarked_conference_recording_iPhone_Microphone.wav,audioseal,0.6250
conference,p103,/media/storage/hadleigh/stegaphone_data/final_rec//p103/audioseal/sample_3/watermarked_conference_recording_Yeti_Stereo_Microphone.wav,audioseal,0.6250
conference,p103,/media/storage/hadleigh/stegaphone_data/final_rec//p103/audioseal/sample_3/watermarked_conference_recording_Fifine_USB_PnP_Audio_Device.wav,audioseal,0.5000
conference,p103,/media/storage/hadleigh/stegaphone_data/final_rec//p103/audioseal/sample_5/watermarked_conference_recording_USB_Lavalier_Microphone.wav,audioseal,0.3750
conference,p103,/media/storage/hadleigh/stegaphone_data/final_rec//p103/audioseal/sample_5/watermarked_conference_recording_iPhone_Microphone.wav,audioseal,0.4375
conference,p103,/media/storage/hadleigh/stegaphone_data/final_rec//p103/audioseal/sample_5/watermarked_conference_recording_Yeti_Stereo_Microphone.wav,audioseal,0.4375
conference,p103,/media/storage/hadleigh/stegaphone_data/final_rec//p103/audioseal/sample_5/watermarked_conference_recording_Fifine_USB_PnP_Audio_Device.wav,audioseal,0.4375
conference,p103,/media/storage/hadleigh/stegaphone_data/final_rec//p103/audioseal/sample_8/watermarked_conference_recording_USB_Lavalier_Microphone.wav,audioseal,0.5000
conference,p103,/media/storage/hadleigh/stegaphone_data/final_rec//p103/audioseal/sample_8/watermarked_conference_recording_iPhone_Microphone.wav,audioseal,0.6250
conference,p103,/media/storage/hadleigh/stegaphone_data/final_rec//p103/audioseal/sample_8/watermarked_conference_recording_Yeti_Stereo_Microphone.wav,audioseal,0.4375
conference,p103,/media/storage/hadleigh/stegaphone_data/final_rec//p103/audioseal/sample_8/watermarked_conference_recording_Fifine_USB_PnP_Audio_Device.wav,audioseal,0.5625
conference,p103,/media/storage/hadleigh/stegaphone_data/final_rec//p103/audioseal/sample_10/watermarked_conference_recording_USB_Lavalier_Microphone.wav,audioseal,0.5625
conference,p103,/media/storage/hadleigh/stegaphone_data/final_rec//p103/audioseal/sample_10/watermarked_conference_recording_iPhone_Microphone.wav,audioseal,0.3750
conference,p103,/media/storage/hadleigh/stegaphone_data/final_rec//p103/audioseal/sample_10/watermarked_conference_recording_Yeti_Stereo_Microphone.wav,audioseal,0.6875
conference,p103,/media/storage/hadleigh/stegaphone_data/final_rec//p103/audioseal/sample_10/watermarked_conference_recording_Fifine_USB_PnP_Audio_Device.wav,audioseal,0.5625
conference,p103,/media/storage/hadleigh/stegaphone_data/final_rec//p103/audioseal/sample_4/watermarked_conference_recording_USB_Lavalier_Microphone.wav,audioseal,0.5625
conference,p103,/media/storage/hadleigh/stegaphone_data/final_rec//p103/audioseal/sample_4/watermarked_conference_recording_iPhone_Microphone.wav,audioseal,0.5000
conference,p103,/media/storage/hadleigh/stegaphone_data/final_rec//p103/audioseal/sample_4/watermarked_conference_recording_Yeti_Stereo_Microphone.wav,audioseal,0.5625
conference,p103,/media/storage/hadleigh/stegaphone_data/final_rec//p103/audioseal/sample_4/watermarked_conference_recording_Fifine_USB_PnP_Audio_Device.wav,audioseal,0.5000
conference,p103,/media/storage/hadleigh/stegaphone_data/final_rec//p103/audioseal/sample_9/watermarked_conference_recording_USB_Lavalier_Microphone.wav,audioseal,0.3750
conference,p103,/media/storage/hadleigh/stegaphone_data/final_rec//p103/audioseal/sample_9/watermarked_conference_recording_iPhone_Microphone.wav,audioseal,0.5000
conference,p103,/media/storage/hadleigh/stegaphone_data/final_rec//p103/audioseal/sample_9/watermarked_conference_recording_Yeti_Stereo_Microphone.wav,audioseal,0.3750
conference,p103,/media/storage/hadleigh/stegaphone_data/final_rec//p103/audioseal/sample_9/watermarked_conference_recording_Fifine_USB_PnP_Audio_Device.wav,audioseal,0.4375
conference,p103,/media/storage/hadleigh/stegaphone_data/final_rec//p103/audioseal/sample_6/watermarked_conference_recording_USB_Lavalier_Microphone.wav,audioseal,0.5000
conference,p103,/media/storage/hadleigh/stegaphone_data/final_rec//p103/audioseal/sample_6/watermarked_conference_recording_iPhone_Microphone.wav,audioseal,0.5000
conference,p103,/media/storage/hadleigh/stegaphone_data/final_rec//p103/audioseal/sample_6/watermarked_conference_recording_Yeti_Stereo_Microphone.wav,audioseal,0.5000
conference,p103,/media/storage/hadleigh/stegaphone_data/final_rec//p103/audioseal/sample_6/watermarked_conference_recording_Fifine_USB_PnP_Audio_Device.wav,audioseal,0.4375
conference,p103,/media/storage/hadleigh/stegaphone_data/final_rec//p103/audioseal/sample_1/watermarked_conference_recording_USB_Lavalier_Microphone.wav,audioseal,0.5000
conference,p103,/media/storage/hadleigh/stegaphone_data/final_rec//p103/audioseal/sample_1/watermarked_conference_recording_iPhone_Microphone.wav,audioseal,0.5000
conference,p103,/media/storage/hadleigh/stegaphone_data/final_rec//p103/audioseal/sample_1/watermarked_conference_recording_Yeti_Stereo_Microphone.wav,audioseal,0.5625
conference,p103,/media/storage/hadleigh/stegaphone_data/final_rec//p103/audioseal/sample_1/watermarked_conference_recording_Fifine_USB_PnP_Audio_Device.wav,audioseal,0.5000
conference,p104,/media/storage/hadleigh/stegaphone_data/final_rec//p104/audioseal/sample_7/watermarked_conference_recording_USB_Lavalier_Microphone.wav,audioseal,0.5625
conference,p104,/media/storage/hadleigh/stegaphone_data/final_rec//p104/audioseal/sample_7/watermarked_conference_recording_iPhone_Microphone.wav,audioseal,0.6250
conference,p104,/media/storage/hadleigh/stegaphone_data/final_rec//p104/audioseal/sample_7/watermarked_conference_recording_Yeti_Stereo_Microphone.wav,audioseal,0.5625
conference,p104,/media/storage/hadleigh/stegaphone_data/final_rec//p104/audioseal/sample_7/watermarked_conference_recording_Fifine_USB_PnP_Audio_Device.wav,audioseal,0.1875
conference,p104,/media/storage/hadleigh/stegaphone_data/final_rec//p104/audioseal/sample_2/watermarked_conference_recording_USB_Lavalier_Microphone.wav,audioseal,0.6250
conference,p104,/media/storage/hadleigh/stegaphone_data/final_rec//p104/audioseal/sample_2/watermarked_conference_recording_iPhone_Microphone.wav,audioseal,0.4375
conference,p104,/media/storage/hadleigh/stegaphone_data/final_rec//p104/audioseal/sample_2/watermarked_conference_recording_Yeti_Stereo_Microphone.wav,audioseal,0.8750
conference,p104,/media/storage/hadleigh/stegaphone_data/final_rec//p104/audioseal/sample_2/watermarked_conference_recording_Fifine_USB_PnP_Audio_Device.wav,audioseal,0.5000
conference,p104,/media/storage/hadleigh/stegaphone_data/final_rec//p104/audioseal/sample_3/watermarked_conference_recording_USB_Lavalier_Microphone.wav,audioseal,0.4375
conference,p104,/media/storage/hadleigh/stegaphone_data/final_rec//p104/audioseal/sample_3/watermarked_conference_recording_iPhone_Microphone.wav,audioseal,0.5000
conference,p104,/media/storage/hadleigh/stegaphone_data/final_rec//p104/audioseal/sample_3/watermarked_conference_recording_Yeti_Stereo_Microphone.wav,audioseal,0.4375
conference,p104,/media/storage/hadleigh/stegaphone_data/final_rec//p104/audioseal/sample_3/watermarked_conference_recording_Fifine_USB_PnP_Audio_Device.wav,audioseal,0.3750
conference,p104,/media/storage/hadleigh/stegaphone_data/final_rec//p104/audioseal/sample_5/watermarked_conference_recording_USB_Lavalier_Microphone.wav,audioseal,0.5625
conference,p104,/media/storage/hadleigh/stegaphone_data/final_rec//p104/audioseal/sample_5/watermarked_conference_recording_iPhone_Microphone.wav,audioseal,0.6250
conference,p104,/media/storage/hadleigh/stegaphone_data/final_rec//p104/audioseal/sample_5/watermarked_conference_recording_Yeti_Stereo_Microphone.wav,audioseal,0.6250
conference,p104,/media/storage/hadleigh/stegaphone_data/final_rec//p104/audioseal/sample_5/watermarked_conference_recording_Fifine_USB_PnP_Audio_Device.wav,audioseal,0.8750
conference,p104,/media/storage/hadleigh/stegaphone_data/final_rec//p104/audioseal/sample_8/watermarked_conference_recording_USB_Lavalier_Microphone.wav,audioseal,0.6875
conference,p104,/media/storage/hadleigh/stegaphone_data/final_rec//p104/audioseal/sample_8/watermarked_conference_recording_iPhone_Microphone.wav,audioseal,0.6875
conference,p104,/media/storage/hadleigh/stegaphone_data/final_rec//p104/audioseal/sample_8/watermarked_conference_recording_Yeti_Stereo_Microphone.wav,audioseal,0.4375
conference,p104,/media/storage/hadleigh/stegaphone_data/final_rec//p104/audioseal/sample_8/watermarked_conference_recording_Fifine_USB_PnP_Audio_Device.wav,audioseal,0.5000
conference,p104,/media/storage/hadleigh/stegaphone_data/final_rec//p104/audioseal/sample_10/watermarked_conference_recording_USB_Lavalier_Microphone.wav,audioseal,0.4375
conference,p104,/media/storage/hadleigh/stegaphone_data/final_rec//p104/audioseal/sample_10/watermarked_conference_recording_iPhone_Microphone.wav,audioseal,0.5000
conference,p104,/media/storage/hadleigh/stegaphone_data/final_rec//p104/audioseal/sample_10/watermarked_conference_recording_Yeti_Stereo_Microphone.wav,audioseal,0.4375
conference,p104,/media/storage/hadleigh/stegaphone_data/final_rec//p104/audioseal/sample_10/watermarked_conference_recording_Fifine_USB_PnP_Audio_Device.wav,audioseal,0.5000
conference,p104,/media/storage/hadleigh/stegaphone_data/final_rec//p104/audioseal/sample_4/watermarked_conference_recording_USB_Lavalier_Microphone.wav,audioseal,0.2500
conference,p104,/media/storage/hadleigh/stegaphone_data/final_rec//p104/audioseal/sample_4/watermarked_conference_recording_iPhone_Microphone.wav,audioseal,0.6250
conference,p104,/media/storage/hadleigh/stegaphone_data/final_rec//p104/audioseal/sample_4/watermarked_conference_recording_Yeti_Stereo_Microphone.wav,audioseal,0.8750
conference,p104,/media/storage/hadleigh/stegaphone_data/final_rec//p104/audioseal/sample_4/watermarked_conference_recording_Fifine_USB_PnP_Audio_Device.wav,audioseal,0.4375
conference,p104,/media/storage/hadleigh/stegaphone_data/final_rec//p104/audioseal/sample_9/watermarked_conference_recording_USB_Lavalier_Microphone.wav,audioseal,0.5000
conference,p104,/media/storage/hadleigh/stegaphone_data/final_rec//p104/audioseal/sample_9/watermarked_conference_recording_iPhone_Microphone.wav,audioseal,0.5625
conference,p104,/media/storage/hadleigh/stegaphone_data/final_rec//p104/audioseal/sample_9/watermarked_conference_recording_Yeti_Stereo_Microphone.wav,audioseal,0.5625
conference,p104,/media/storage/hadleigh/stegaphone_data/final_rec//p104/audioseal/sample_9/watermarked_conference_recording_Fifine_USB_PnP_Audio_Device.wav,audioseal,0.3750
conference,p104,/media/storage/hadleigh/stegaphone_data/final_rec//p104/audioseal/sample_6/watermarked_conference_recording_USB_Lavalier_Microphone.wav,audioseal,0.4375
conference,p104,/media/storage/hadleigh/stegaphone_data/final_rec//p104/audioseal/sample_6/watermarked_conference_recording_iPhone_Microphone.wav,audioseal,0.4375
conference,p104,/media/storage/hadleigh/stegaphone_data/final_rec//p104/audioseal/sample_6/watermarked_conference_recording_Yeti_Stereo_Microphone.wav,audioseal,0.4375
conference,p104,/media/storage/hadleigh/stegaphone_data/final_rec//p104/audioseal/sample_6/watermarked_conference_recording_Fifine_USB_PnP_Audio_Device.wav,audioseal,0.4375
conference,p104,/media/storage/hadleigh/stegaphone_data/final_rec//p104/audioseal/sample_1/watermarked_conference_recording_USB_Lavalier_Microphone.wav,audioseal,0.5625
conference,p104,/media/storage/hadleigh/stegaphone_data/final_rec//p104/audioseal/sample_1/watermarked_conference_recording_iPhone_Microphone.wav,audioseal,0.3125
conference,p104,/media/storage/hadleigh/stegaphone_data/final_rec//p104/audioseal/sample_1/watermarked_conference_recording_Yeti_Stereo_Microphone.wav,audioseal,0.3750
conference,p104,/media/storage/hadleigh/stegaphone_data/final_rec//p104/audioseal/sample_1/watermarked_conference_recording_Fifine_USB_PnP_Audio_Device.wav,audioseal,0.5625
conference,p105,/media/storage/hadleigh/stegaphone_data/final_rec//p105/audioseal/sample_7/watermarked_conference_recording_USB_Lavalier_Microphone.wav,audioseal,0.3125
conference,p105,/media/storage/hadleigh/stegaphone_data/final_rec//p105/audioseal/sample_7/watermarked_conference_recording_iPhone_Microphone.wav,audioseal,0.7500
conference,p105,/media/storage/hadleigh/stegaphone_data/final_rec//p105/audioseal/sample_7/watermarked_conference_recording_Yeti_Stereo_Microphone.wav,audioseal,0.5000
conference,p105,/media/storage/hadleigh/stegaphone_data/final_rec//p105/audioseal/sample_7/watermarked_conference_recording_Fifine_USB_PnP_Audio_Device.wav,audioseal,0.4375
conference,p105,/media/storage/hadleigh/stegaphone_data/final_rec//p105/audioseal/sample_2/watermarked_conference_recording_USB_Lavalier_Microphone.wav,audioseal,0.3125
conference,p105,/media/storage/hadleigh/stegaphone_data/final_rec//p105/audioseal/sample_2/watermarked_conference_recording_iPhone_Microphone.wav,audioseal,0.3750
conference,p105,/media/storage/hadleigh/stegaphone_data/final_rec//p105/audioseal/sample_2/watermarked_conference_recording_Yeti_Stereo_Microphone.wav,audioseal,0.4375
conference,p105,/media/storage/hadleigh/stegaphone_data/final_rec//p105/audioseal/sample_2/watermarked_conference_recording_Fifine_USB_PnP_Audio_Device.wav,audioseal,0.3125
conference,p105,/media/storage/hadleigh/stegaphone_data/final_rec//p105/audioseal/sample_3/watermarked_conference_recording_USB_Lavalier_Microphone.wav,audioseal,0.6250
conference,p105,/media/storage/hadleigh/stegaphone_data/final_rec//p105/audioseal/sample_3/watermarked_conference_recording_iPhone_Microphone.wav,audioseal,0.5000
conference,p105,/media/storage/hadleigh/stegaphone_data/final_rec//p105/audioseal/sample_3/watermarked_conference_recording_Yeti_Stereo_Microphone.wav,audioseal,0.5000
conference,p105,/media/storage/hadleigh/stegaphone_data/final_rec//p105/audioseal/sample_3/watermarked_conference_recording_Fifine_USB_PnP_Audio_Device.wav,audioseal,0.5625
conference,p105,/media/storage/hadleigh/stegaphone_data/final_rec//p105/audioseal/sample_5/watermarked_conference_recording_USB_Lavalier_Microphone.wav,audioseal,0.3750
conference,p105,/media/storage/hadleigh/stegaphone_data/final_rec//p105/audioseal/sample_5/watermarked_conference_recording_iPhone_Microphone.wav,audioseal,0.6250
conference,p105,/media/storage/hadleigh/stegaphone_data/final_rec//p105/audioseal/sample_5/watermarked_conference_recording_Yeti_Stereo_Microphone.wav,audioseal,0.4375
conference,p105,/media/storage/hadleigh/stegaphone_data/final_rec//p105/audioseal/sample_5/watermarked_conference_recording_Fifine_USB_PnP_Audio_Device.wav,audioseal,0.6250
conference,p105,/media/storage/hadleigh/stegaphone_data/final_rec//p105/audioseal/sample_8/watermarked_conference_recording_USB_Lavalier_Microphone.wav,audioseal,0.5000
conference,p105,/media/storage/hadleigh/stegaphone_data/final_rec//p105/audioseal/sample_8/watermarked_conference_recording_iPhone_Microphone.wav,audioseal,0.5625
conference,p105,/media/storage/hadleigh/stegaphone_data/final_rec//p105/audioseal/sample_8/watermarked_conference_recording_Yeti_Stereo_Microphone.wav,audioseal,0.4375
conference,p105,/media/storage/hadleigh/stegaphone_data/final_rec//p105/audioseal/sample_8/watermarked_conference_recording_Fifine_USB_PnP_Audio_Device.wav,audioseal,0.3750
conference,p105,/media/storage/hadleigh/stegaphone_data/final_rec//p105/audioseal/sample_10/watermarked_conference_recording_USB_Lavalier_Microphone.wav,audioseal,0.2500
conference,p105,/media/storage/hadleigh/stegaphone_data/final_rec//p105/audioseal/sample_10/watermarked_conference_recording_iPhone_Microphone.wav,audioseal,0.3125
conference,p105,/media/storage/hadleigh/stegaphone_data/final_rec//p105/audioseal/sample_10/watermarked_conference_recording_Yeti_Stereo_Microphone.wav,audioseal,0.1875
conference,p105,/media/storage/hadleigh/stegaphone_data/final_rec//p105/audioseal/sample_10/watermarked_conference_recording_Fifine_USB_PnP_Audio_Device.wav,audioseal,0.5625
conference,p105,/media/storage/hadleigh/stegaphone_data/final_rec//p105/audioseal/sample_4/watermarked_conference_recording_USB_Lavalier_Microphone.wav,audioseal,0.4375
conference,p105,/media/storage/hadleigh/stegaphone_data/final_rec//p105/audioseal/sample_4/watermarked_conference_recording_iPhone_Microphone.wav,audioseal,0.4375
conference,p105,/media/storage/hadleigh/stegaphone_data/final_rec//p105/audioseal/sample_4/watermarked_conference_recording_Yeti_Stereo_Microphone.wav,audioseal,0.2500
conference,p105,/media/storage/hadleigh/stegaphone_data/final_rec//p105/audioseal/sample_4/watermarked_conference_recording_Fifine_USB_PnP_Audio_Device.wav,audioseal,0.4375
conference,p105,/media/storage/hadleigh/stegaphone_data/final_rec//p105/audioseal/sample_9/watermarked_conference_recording_USB_Lavalier_Microphone.wav,audioseal,0.5000
conference,p105,/media/storage/hadleigh/stegaphone_data/final_rec//p105/audioseal/sample_9/watermarked_conference_recording_iPhone_Microphone.wav,audioseal,0.5000
conference,p105,/media/storage/hadleigh/stegaphone_data/final_rec//p105/audioseal/sample_9/watermarked_conference_recording_Yeti_Stereo_Microphone.wav,audioseal,0.5625
conference,p105,/media/storage/hadleigh/stegaphone_data/final_rec//p105/audioseal/sample_9/watermarked_conference_recording_Fifine_USB_PnP_Audio_Device.wav,audioseal,0.3125
conference,p105,/media/storage/hadleigh/stegaphone_data/final_rec//p105/audioseal/sample_6/watermarked_conference_recording_USB_Lavalier_Microphone.wav,audioseal,0.5625
conference,p105,/media/storage/hadleigh/stegaphone_data/final_rec//p105/audioseal/sample_6/watermarked_conference_recording_iPhone_Microphone.wav,audioseal,0.5000
conference,p105,/media/storage/hadleigh/stegaphone_data/final_rec//p105/audioseal/sample_6/watermarked_conference_recording_Yeti_Stereo_Microphone.wav,audioseal,0.5000
conference,p105,/media/storage/hadleigh/stegaphone_data/final_rec//p105/audioseal/sample_6/watermarked_conference_recording_Fifine_USB_PnP_Audio_Device.wav,audioseal,0.4375
conference,p105,/media/storage/hadleigh/stegaphone_data/final_rec//p105/audioseal/sample_1/watermarked_conference_recording_USB_Lavalier_Microphone.wav,audioseal,0.6250
conference,p105,/media/storage/hadleigh/stegaphone_data/final_rec//p105/audioseal/sample_1/watermarked_conference_recording_iPhone_Microphone.wav,audioseal,0.4375
conference,p105,/media/storage/hadleigh/stegaphone_data/final_rec//p105/audioseal/sample_1/watermarked_conference_recording_Yeti_Stereo_Microphone.wav,audioseal,0.4375
conference,p105,/media/storage/hadleigh/stegaphone_data/final_rec//p105/audioseal/sample_1/watermarked_conference_recording_Fifine_USB_PnP_Audio_Device.wav,audioseal,0.3750
conference,p106,/media/storage/hadleigh/stegaphone_data/final_rec//p106/audioseal/sample_7/watermarked_conference_recording_USB_Lavalier_Microphone.wav,audioseal,0.6875
conference,p106,/media/storage/hadleigh/stegaphone_data/final_rec//p106/audioseal/sample_7/watermarked_conference_recording_iPhone_Microphone.wav,audioseal,0.6875
conference,p106,/media/storage/hadleigh/stegaphone_data/final_rec//p106/audioseal/sample_7/watermarked_conference_recording_Yeti_Stereo_Microphone.wav,audioseal,0.6875
conference,p106,/media/storage/hadleigh/stegaphone_data/final_rec//p106/audioseal/sample_7/watermarked_conference_recording_Fifine_USB_PnP_Audio_Device.wav,audioseal,0.5625
conference,p106,/media/storage/hadleigh/stegaphone_data/final_rec//p106/audioseal/sample_2/watermarked_conference_recording_USB_Lavalier_Microphone.wav,audioseal,0.6875
conference,p106,/media/storage/hadleigh/stegaphone_data/final_rec//p106/audioseal/sample_2/watermarked_conference_recording_iPhone_Microphone.wav,audioseal,0.4375
conference,p106,/media/storage/hadleigh/stegaphone_data/final_rec//p106/audioseal/sample_2/watermarked_conference_recording_Yeti_Stereo_Microphone.wav,audioseal,0.6250
conference,p106,/media/storage/hadleigh/stegaphone_data/final_rec//p106/audioseal/sample_2/watermarked_conference_recording_Fifine_USB_PnP_Audio_Device.wav,audioseal,0.3125
conference,p106,/media/storage/hadleigh/stegaphone_data/final_rec//p106/audioseal/sample_3/watermarked_conference_recording_USB_Lavalier_Microphone.wav,audioseal,0.4375
conference,p106,/media/storage/hadleigh/stegaphone_data/final_rec//p106/audioseal/sample_3/watermarked_conference_recording_iPhone_Microphone.wav,audioseal,0.5625
conference,p106,/media/storage/hadleigh/stegaphone_data/final_rec//p106/audioseal/sample_3/watermarked_conference_recording_Yeti_Stereo_Microphone.wav,audioseal,0.5625
conference,p106,/media/storage/hadleigh/stegaphone_data/final_rec//p106/audioseal/sample_3/watermarked_conference_recording_Fifine_USB_PnP_Audio_Device.wav,audioseal,0.5000
conference,p106,/media/storage/hadleigh/stegaphone_data/final_rec//p106/audioseal/sample_5/watermarked_conference_recording_USB_Lavalier_Microphone.wav,audioseal,0.5625
conference,p106,/media/storage/hadleigh/stegaphone_data/final_rec//p106/audioseal/sample_5/watermarked_conference_recording_iPhone_Microphone.wav,audioseal,0.5000
conference,p106,/media/storage/hadleigh/stegaphone_data/final_rec//p106/audioseal/sample_5/watermarked_conference_recording_Yeti_Stereo_Microphone.wav,audioseal,0.4375
conference,p106,/media/storage/hadleigh/stegaphone_data/final_rec//p106/audioseal/sample_5/watermarked_conference_recording_Fifine_USB_PnP_Audio_Device.wav,audioseal,0.3750
conference,p106,/media/storage/hadleigh/stegaphone_data/final_rec//p106/audioseal/sample_8/watermarked_conference_recording_USB_Lavalier_Microphone.wav,audioseal,0.8125
conference,p106,/media/storage/hadleigh/stegaphone_data/final_rec//p106/audioseal/sample_8/watermarked_conference_recording_iPhone_Microphone.wav,audioseal,0.7500
conference,p106,/media/storage/hadleigh/stegaphone_data/final_rec//p106/audioseal/sample_8/watermarked_conference_recording_Yeti_Stereo_Microphone.wav,audioseal,0.5625
conference,p106,/media/storage/hadleigh/stegaphone_data/final_rec//p106/audioseal/sample_8/watermarked_conference_recording_Fifine_USB_PnP_Audio_Device.wav,audioseal,0.7500
conference,p106,/media/storage/hadleigh/stegaphone_data/final_rec//p106/audioseal/sample_10/watermarked_conference_recording_USB_Lavalier_Microphone.wav,audioseal,0.5000
conference,p106,/media/storage/hadleigh/stegaphone_data/final_rec//p106/audioseal/sample_10/watermarked_conference_recording_iPhone_Microphone.wav,audioseal,0.8125
conference,p106,/media/storage/hadleigh/stegaphone_data/final_rec//p106/audioseal/sample_10/watermarked_conference_recording_Yeti_Stereo_Microphone.wav,audioseal,0.8750
conference,p106,/media/storage/hadleigh/stegaphone_data/final_rec//p106/audioseal/sample_10/watermarked_conference_recording_Fifine_USB_PnP_Audio_Device.wav,audioseal,0.5625
conference,p106,/media/storage/hadleigh/stegaphone_data/final_rec//p106/audioseal/sample_4/watermarked_conference_recording_USB_Lavalier_Microphone.wav,audioseal,0.5625
conference,p106,/media/storage/hadleigh/stegaphone_data/final_rec//p106/audioseal/sample_4/watermarked_conference_recording_iPhone_Microphone.wav,audioseal,0.5625
conference,p106,/media/storage/hadleigh/stegaphone_data/final_rec//p106/audioseal/sample_4/watermarked_conference_recording_Yeti_Stereo_Microphone.wav,audioseal,0.4375
conference,p106,/media/storage/hadleigh/stegaphone_data/final_rec//p106/audioseal/sample_4/watermarked_conference_recording_Fifine_USB_PnP_Audio_Device.wav,audioseal,0.4375
conference,p106,/media/storage/hadleigh/stegaphone_data/final_rec//p106/audioseal/sample_9/watermarked_conference_recording_USB_Lavalier_Microphone.wav,audioseal,0.4375
conference,p106,/media/storage/hadleigh/stegaphone_data/final_rec//p106/audioseal/sample_9/watermarked_conference_recording_iPhone_Microphone.wav,audioseal,0.5000
conference,p106,/media/storage/hadleigh/stegaphone_data/final_rec//p106/audioseal/sample_9/watermarked_conference_recording_Yeti_Stereo_Microphone.wav,audioseal,0.6875
conference,p106,/media/storage/hadleigh/stegaphone_data/final_rec//p106/audioseal/sample_9/watermarked_conference_recording_Fifine_USB_PnP_Audio_Device.wav,audioseal,0.6875
conference,p106,/media/storage/hadleigh/stegaphone_data/final_rec//p106/audioseal/sample_6/watermarked_conference_recording_USB_Lavalier_Microphone.wav,audioseal,0.7500
conference,p106,/media/storage/hadleigh/stegaphone_data/final_rec//p106/audioseal/sample_6/watermarked_conference_recording_iPhone_Microphone.wav,audioseal,0.4375
conference,p106,/media/storage/hadleigh/stegaphone_data/final_rec//p106/audioseal/sample_6/watermarked_conference_recording_Yeti_Stereo_Microphone.wav,audioseal,0.5000
conference,p106,/media/storage/hadleigh/stegaphone_data/final_rec//p106/audioseal/sample_6/watermarked_conference_recording_Fifine_USB_PnP_Audio_Device.wav,audioseal,0.6250
conference,p106,/media/storage/hadleigh/stegaphone_data/final_rec//p106/audioseal/sample_1/watermarked_conference_recording_USB_Lavalier_Microphone.wav,audioseal,0.6250
conference,p106,/media/storage/hadleigh/stegaphone_data/final_rec//p106/audioseal/sample_1/watermarked_conference_recording_iPhone_Microphone.wav,audioseal,0.3125
conference,p106,/media/storage/hadleigh/stegaphone_data/final_rec//p106/audioseal/sample_1/watermarked_conference_recording_Yeti_Stereo_Microphone.wav,audioseal,0.5625
conference,p106,/media/storage/hadleigh/stegaphone_data/final_rec//p106/audioseal/sample_1/watermarked_conference_recording_Fifine_USB_PnP_Audio_Device.wav,audioseal,0.5000
conference,p107,/media/storage/hadleigh/stegaphone_data/final_rec//p107/audioseal/sample_7/watermarked_conference_recording_USB_Lavalier_Microphone.wav,audioseal,0.5625
conference,p107,/media/storage/hadleigh/stegaphone_data/final_rec//p107/audioseal/sample_7/watermarked_conference_recording_iPhone_Microphone.wav,audioseal,0.7500
conference,p107,/media/storage/hadleigh/stegaphone_data/final_rec//p107/audioseal/sample_7/watermarked_conference_recording_Yeti_Stereo_Microphone.wav,audioseal,0.5000
conference,p107,/media/storage/hadleigh/stegaphone_data/final_rec//p107/audioseal/sample_7/watermarked_conference_recording_Fifine_USB_PnP_Audio_Device.wav,audioseal,0.6250
conference,p107,/media/storage/hadleigh/stegaphone_data/final_rec//p107/audioseal/sample_2/watermarked_conference_recording_USB_Lavalier_Microphone.wav,audioseal,0.5000
conference,p107,/media/storage/hadleigh/stegaphone_data/final_rec//p107/audioseal/sample_2/watermarked_conference_recording_iPhone_Microphone.wav,audioseal,0.5000
conference,p107,/media/storage/hadleigh/stegaphone_data/final_rec//p107/audioseal/sample_2/watermarked_conference_recording_Yeti_Stereo_Microphone.wav,audioseal,0.5625
conference,p107,/media/storage/hadleigh/stegaphone_data/final_rec//p107/audioseal/sample_2/watermarked_conference_recording_Fifine_USB_PnP_Audio_Device.wav,audioseal,0.5625
conference,p107,/media/storage/hadleigh/stegaphone_data/final_rec//p107/audioseal/sample_3/watermarked_conference_recording_USB_Lavalier_Microphone.wav,audioseal,0.6875
conference,p107,/media/storage/hadleigh/stegaphone_data/final_rec//p107/audioseal/sample_3/watermarked_conference_recording_iPhone_Microphone.wav,audioseal,0.5625
conference,p107,/media/storage/hadleigh/stegaphone_data/final_rec//p107/audioseal/sample_3/watermarked_conference_recording_Yeti_Stereo_Microphone.wav,audioseal,0.4375
conference,p107,/media/storage/hadleigh/stegaphone_data/final_rec//p107/audioseal/sample_3/watermarked_conference_recording_Fifine_USB_PnP_Audio_Device.wav,audioseal,0.6250
conference,p107,/media/storage/hadleigh/stegaphone_data/final_rec//p107/audioseal/sample_5/watermarked_conference_recording_USB_Lavalier_Microphone.wav,audioseal,0.5000
conference,p107,/media/storage/hadleigh/stegaphone_data/final_rec//p107/audioseal/sample_5/watermarked_conference_recording_iPhone_Microphone.wav,audioseal,0.5000
conference,p107,/media/storage/hadleigh/stegaphone_data/final_rec//p107/audioseal/sample_5/watermarked_conference_recording_Yeti_Stereo_Microphone.wav,audioseal,0.4375
conference,p107,/media/storage/hadleigh/stegaphone_data/final_rec//p107/audioseal/sample_5/watermarked_conference_recording_Fifine_USB_PnP_Audio_Device.wav,audioseal,0.4375
conference,p107,/media/storage/hadleigh/stegaphone_data/final_rec//p107/audioseal/sample_8/watermarked_conference_recording_USB_Lavalier_Microphone.wav,audioseal,0.5000
conference,p107,/media/storage/hadleigh/stegaphone_data/final_rec//p107/audioseal/sample_8/watermarked_conference_recording_iPhone_Microphone.wav,audioseal,0.3750
conference,p107,/media/storage/hadleigh/stegaphone_data/final_rec//p107/audioseal/sample_8/watermarked_conference_recording_Yeti_Stereo_Microphone.wav,audioseal,0.3125
conference,p107,/media/storage/hadleigh/stegaphone_data/final_rec//p107/audioseal/sample_8/watermarked_conference_recording_Fifine_USB_PnP_Audio_Device.wav,audioseal,0.1875
conference,p107,/media/storage/hadleigh/stegaphone_data/final_rec//p107/audioseal/sample_10/watermarked_conference_recording_USB_Lavalier_Microphone.wav,audioseal,0.1875
conference,p107,/media/storage/hadleigh/stegaphone_data/final_rec//p107/audioseal/sample_10/watermarked_conference_recording_iPhone_Microphone.wav,audioseal,0.5625
conference,p107,/media/storage/hadleigh/stegaphone_data/final_rec//p107/audioseal/sample_10/watermarked_conference_recording_Yeti_Stereo_Microphone.wav,audioseal,0.4375
conference,p107,/media/storage/hadleigh/stegaphone_data/final_rec//p107/audioseal/sample_10/watermarked_conference_recording_Fifine_USB_PnP_Audio_Device.wav,audioseal,0.6250
conference,p107,/media/storage/hadleigh/stegaphone_data/final_rec//p107/audioseal/sample_4/watermarked_conference_recording_USB_Lavalier_Microphone.wav,audioseal,0.5000
conference,p107,/media/storage/hadleigh/stegaphone_data/final_rec//p107/audioseal/sample_4/watermarked_conference_recording_iPhone_Microphone.wav,audioseal,0.5625
conference,p107,/media/storage/hadleigh/stegaphone_data/final_rec//p107/audioseal/sample_4/watermarked_conference_recording_Yeti_Stereo_Microphone.wav,audioseal,0.6250
conference,p107,/media/storage/hadleigh/stegaphone_data/final_rec//p107/audioseal/sample_4/watermarked_conference_recording_Fifine_USB_PnP_Audio_Device.wav,audioseal,0.5000
conference,p107,/media/storage/hadleigh/stegaphone_data/final_rec//p107/audioseal/sample_9/watermarked_conference_recording_USB_Lavalier_Microphone.wav,audioseal,0.5625
conference,p107,/media/storage/hadleigh/stegaphone_data/final_rec//p107/audioseal/sample_9/watermarked_conference_recording_iPhone_Microphone.wav,audioseal,0.4375
conference,p107,/media/storage/hadleigh/stegaphone_data/final_rec//p107/audioseal/sample_9/watermarked_conference_recording_Yeti_Stereo_Microphone.wav,audioseal,0.5625
conference,p107,/media/storage/hadleigh/stegaphone_data/final_rec//p107/audioseal/sample_9/watermarked_conference_recording_Fifine_USB_PnP_Audio_Device.wav,audioseal,0.3750
conference,p107,/media/storage/hadleigh/stegaphone_data/final_rec//p107/audioseal/sample_6/watermarked_conference_recording_USB_Lavalier_Microphone.wav,audioseal,0.5000
conference,p107,/media/storage/hadleigh/stegaphone_data/final_rec//p107/audioseal/sample_6/watermarked_conference_recording_iPhone_Microphone.wav,audioseal,0.5000
conference,p107,/media/storage/hadleigh/stegaphone_data/final_rec//p107/audioseal/sample_6/watermarked_conference_recording_Yeti_Stereo_Microphone.wav,audioseal,0.5000
conference,p107,/media/storage/hadleigh/stegaphone_data/final_rec//p107/audioseal/sample_6/watermarked_conference_recording_Fifine_USB_PnP_Audio_Device.wav,audioseal,0.5625
conference,p107,/media/storage/hadleigh/stegaphone_data/final_rec//p107/audioseal/sample_1/watermarked_conference_recording_USB_Lavalier_Microphone.wav,audioseal,0.5000
conference,p107,/media/storage/hadleigh/stegaphone_data/final_rec//p107/audioseal/sample_1/watermarked_conference_recording_iPhone_Microphone.wav,audioseal,0.5000
conference,p107,/media/storage/hadleigh/stegaphone_data/final_rec//p107/audioseal/sample_1/watermarked_conference_recording_Yeti_Stereo_Microphone.wav,audioseal,0.6875
conference,p107,/media/storage/hadleigh/stegaphone_data/final_rec//p107/audioseal/sample_1/watermarked_conference_recording_Fifine_USB_PnP_Audio_Device.wav,audioseal,0.4375
lobby,p102,/media/storage/hadleigh/stegaphone_data/final_rec//p102/audioseal/sample_7/watermarked_lobby_recording_Fifine_USB_PnP_Audio_Device.wav,audioseal,0.4375
lobby,p102,/media/storage/hadleigh/stegaphone_data/final_rec//p102/audioseal/sample_7/watermarked_lobby_recording_iPhone_Microphone.wav,audioseal,0.3125
lobby,p102,/media/storage/hadleigh/stegaphone_data/final_rec//p102/audioseal/sample_7/watermarked_lobby_recording_Yeti_Stereo_Microphone.wav,audioseal,0.3750
lobby,p102,/media/storage/hadleigh/stegaphone_data/final_rec//p102/audioseal/sample_7/watermarked_lobby_recording_USB_Lavalier_Microphone.wav,audioseal,0.4375
lobby,p102,/media/storage/hadleigh/stegaphone_data/final_rec//p102/audioseal/sample_2/watermarked_lobby_recording_Fifine_USB_PnP_Audio_Device.wav,audioseal,0.3125
lobby,p102,/media/storage/hadleigh/stegaphone_data/final_rec//p102/audioseal/sample_2/watermarked_lobby_recording_iPhone_Microphone.wav,audioseal,0.2500
lobby,p102,/media/storage/hadleigh/stegaphone_data/final_rec//p102/audioseal/sample_2/watermarked_lobby_recording_Yeti_Stereo_Microphone.wav,audioseal,0.1875
lobby,p102,/media/storage/hadleigh/stegaphone_data/final_rec//p102/audioseal/sample_2/watermarked_lobby_recording_USB_Lavalier_Microphone.wav,audioseal,0.3125
lobby,p102,/media/storage/hadleigh/stegaphone_data/final_rec//p102/audioseal/sample_3/watermarked_lobby_recording_Fifine_USB_PnP_Audio_Device.wav,audioseal,0.5000
lobby,p102,/media/storage/hadleigh/stegaphone_data/final_rec//p102/audioseal/sample_3/watermarked_lobby_recording_iPhone_Microphone.wav,audioseal,0.2500
lobby,p102,/media/storage/hadleigh/stegaphone_data/final_rec//p102/audioseal/sample_3/watermarked_lobby_recording_Yeti_Stereo_Microphone.wav,audioseal,0.5625
lobby,p102,/media/storage/hadleigh/stegaphone_data/final_rec//p102/audioseal/sample_3/watermarked_lobby_recording_USB_Lavalier_Microphone.wav,audioseal,0.5000
lobby,p102,/media/storage/hadleigh/stegaphone_data/final_rec//p102/audioseal/sample_5/watermarked_lobby_recording_Fifine_USB_PnP_Audio_Device.wav,audioseal,0.4375
lobby,p102,/media/storage/hadleigh/stegaphone_data/final_rec//p102/audioseal/sample_5/watermarked_lobby_recording_iPhone_Microphone.wav,audioseal,0.3750
lobby,p102,/media/storage/hadleigh/stegaphone_data/final_rec//p102/audioseal/sample_5/watermarked_lobby_recording_Yeti_Stereo_Microphone.wav,audioseal,0.4375
lobby,p102,/media/storage/hadleigh/stegaphone_data/final_rec//p102/audioseal/sample_5/watermarked_lobby_recording_USB_Lavalier_Microphone.wav,audioseal,0.4375
lobby,p102,/media/storage/hadleigh/stegaphone_data/final_rec//p102/audioseal/sample_8/watermarked_lobby_recording_Fifine_USB_PnP_Audio_Device.wav,audioseal,0.4375
lobby,p102,/media/storage/hadleigh/stegaphone_data/final_rec//p102/audioseal/sample_8/watermarked_lobby_recording_iPhone_Microphone.wav,audioseal,0.5000
lobby,p102,/media/storage/hadleigh/stegaphone_data/final_rec//p102/audioseal/sample_8/watermarked_lobby_recording_Yeti_Stereo_Microphone.wav,audioseal,0.5625
lobby,p102,/media/storage/hadleigh/stegaphone_data/final_rec//p102/audioseal/sample_8/watermarked_lobby_recording_USB_Lavalier_Microphone.wav,audioseal,0.5000
lobby,p102,/media/storage/hadleigh/stegaphone_data/final_rec//p102/audioseal/sample_10/watermarked_lobby_recording_Fifine_USB_PnP_Audio_Device.wav,audioseal,0.8125
lobby,p102,/media/storage/hadleigh/stegaphone_data/final_rec//p102/audioseal/sample_10/watermarked_lobby_recording_iPhone_Microphone.wav,audioseal,0.6875
lobby,p102,/media/storage/hadleigh/stegaphone_data/final_rec//p102/audioseal/sample_10/watermarked_lobby_recording_Yeti_Stereo_Microphone.wav,audioseal,0.6875
lobby,p102,/media/storage/hadleigh/stegaphone_data/final_rec//p102/audioseal/sample_10/watermarked_lobby_recording_USB_Lavalier_Microphone.wav,audioseal,0.7500
lobby,p102,/media/storage/hadleigh/stegaphone_data/final_rec//p102/audioseal/sample_4/watermarked_lobby_recording_Fifine_USB_PnP_Audio_Device.wav,audioseal,0.5625
lobby,p102,/media/storage/hadleigh/stegaphone_data/final_rec//p102/audioseal/sample_4/watermarked_lobby_recording_iPhone_Microphone.wav,audioseal,0.3750
lobby,p102,/media/storage/hadleigh/stegaphone_data/final_rec//p102/audioseal/sample_4/watermarked_lobby_recording_Yeti_Stereo_Microphone.wav,audioseal,0.5625
lobby,p102,/media/storage/hadleigh/stegaphone_data/final_rec//p102/audioseal/sample_4/watermarked_lobby_recording_USB_Lavalier_Microphone.wav,audioseal,0.6250
lobby,p102,/media/storage/hadleigh/stegaphone_data/final_rec//p102/audioseal/sample_9/watermarked_lobby_recording_Fifine_USB_PnP_Audio_Device.wav,audioseal,0.3125
lobby,p102,/media/storage/hadleigh/stegaphone_data/final_rec//p102/audioseal/sample_9/watermarked_lobby_recording_iPhone_Microphone.wav,audioseal,0.3750
lobby,p102,/media/storage/hadleigh/stegaphone_data/final_rec//p102/audioseal/sample_9/watermarked_lobby_recording_Yeti_Stereo_Microphone.wav,audioseal,0.3750
lobby,p102,/media/storage/hadleigh/stegaphone_data/final_rec//p102/audioseal/sample_9/watermarked_lobby_recording_USB_Lavalier_Microphone.wav,audioseal,0.4375
lobby,p102,/media/storage/hadleigh/stegaphone_data/final_rec//p102/audioseal/sample_6/watermarked_lobby_recording_Fifine_USB_PnP_Audio_Device.wav,audioseal,0.5000
lobby,p102,/media/storage/hadleigh/stegaphone_data/final_rec//p102/audioseal/sample_6/watermarked_lobby_recording_iPhone_Microphone.wav,audioseal,0.5625
lobby,p102,/media/storage/hadleigh/stegaphone_data/final_rec//p102/audioseal/sample_6/watermarked_lobby_recording_Yeti_Stereo_Microphone.wav,audioseal,0.6875
lobby,p102,/media/storage/hadleigh/stegaphone_data/final_rec//p102/audioseal/sample_6/watermarked_lobby_recording_USB_Lavalier_Microphone.wav,audioseal,0.6250
lobby,p102,/media/storage/hadleigh/stegaphone_data/final_rec//p102/audioseal/sample_1/watermarked_lobby_recording_Fifine_USB_PnP_Audio_Device.wav,audioseal,0.6250
lobby,p102,/media/storage/hadleigh/stegaphone_data/final_rec//p102/audioseal/sample_1/watermarked_lobby_recording_iPhone_Microphone.wav,audioseal,0.5625
lobby,p102,/media/storage/hadleigh/stegaphone_data/final_rec//p102/audioseal/sample_1/watermarked_lobby_recording_Yeti_Stereo_Microphone.wav,audioseal,0.5625
lobby,p102,/media/storage/hadleigh/stegaphone_data/final_rec//p102/audioseal/sample_1/watermarked_lobby_recording_USB_Lavalier_Microphone.wav,audioseal,0.5625
lobby,p103,/media/storage/hadleigh/stegaphone_data/final_rec//p103/audioseal/sample_7/watermarked_lobby_recording_Fifine_USB_PnP_Audio_Device.wav,audioseal,0.2500
lobby,p103,/media/storage/hadleigh/stegaphone_data/final_rec//p103/audioseal/sample_7/watermarked_lobby_recording_iPhone_Microphone.wav,audioseal,0.1250
lobby,p103,/media/storage/hadleigh/stegaphone_data/final_rec//p103/audioseal/sample_7/watermarked_lobby_recording_Yeti_Stereo_Microphone.wav,audioseal,0.3125
lobby,p103,/media/storage/hadleigh/stegaphone_data/final_rec//p103/audioseal/sample_7/watermarked_lobby_recording_USB_Lavalier_Microphone.wav,audioseal,0.1875
lobby,p103,/media/storage/hadleigh/stegaphone_data/final_rec//p103/audioseal/sample_2/watermarked_lobby_recording_Fifine_USB_PnP_Audio_Device.wav,audioseal,0.4375
lobby,p103,/media/storage/hadleigh/stegaphone_data/final_rec//p103/audioseal/sample_2/watermarked_lobby_recording_iPhone_Microphone.wav,audioseal,0.4375
lobby,p103,/media/storage/hadleigh/stegaphone_data/final_rec//p103/audioseal/sample_2/watermarked_lobby_recording_Yeti_Stereo_Microphone.wav,audioseal,0.3750
lobby,p103,/media/storage/hadleigh/stegaphone_data/final_rec//p103/audioseal/sample_2/watermarked_lobby_recording_USB_Lavalier_Microphone.wav,audioseal,0.3750
lobby,p103,/media/storage/hadleigh/stegaphone_data/final_rec//p103/audioseal/sample_3/watermarked_lobby_recording_Fifine_USB_PnP_Audio_Device.wav,audioseal,0.5000
lobby,p103,/media/storage/hadleigh/stegaphone_data/final_rec//p103/audioseal/sample_3/watermarked_lobby_recording_iPhone_Microphone.wav,audioseal,0.6250
lobby,p103,/media/storage/hadleigh/stegaphone_data/final_rec//p103/audioseal/sample_3/watermarked_lobby_recording_Yeti_Stereo_Microphone.wav,audioseal,0.6250
lobby,p103,/media/storage/hadleigh/stegaphone_data/final_rec//p103/audioseal/sample_3/watermarked_lobby_recording_USB_Lavalier_Microphone.wav,audioseal,0.6875
lobby,p103,/media/storage/hadleigh/stegaphone_data/final_rec//p103/audioseal/sample_5/watermarked_lobby_recording_Fifine_USB_PnP_Audio_Device.wav,audioseal,0.3125
lobby,p103,/media/storage/hadleigh/stegaphone_data/final_rec//p103/audioseal/sample_5/watermarked_lobby_recording_iPhone_Microphone.wav,audioseal,0.3125
lobby,p103,/media/storage/hadleigh/stegaphone_data/final_rec//p103/audioseal/sample_5/watermarked_lobby_recording_Yeti_Stereo_Microphone.wav,audioseal,0.3125
lobby,p103,/media/storage/hadleigh/stegaphone_data/final_rec//p103/audioseal/sample_5/watermarked_lobby_recording_USB_Lavalier_Microphone.wav,audioseal,0.3750
lobby,p103,/media/storage/hadleigh/stegaphone_data/final_rec//p103/audioseal/sample_8/watermarked_lobby_recording_Fifine_USB_PnP_Audio_Device.wav,audioseal,0.6250
lobby,p103,/media/storage/hadleigh/stegaphone_data/final_rec//p103/audioseal/sample_8/watermarked_lobby_recording_iPhone_Microphone.wav,audioseal,0.5000
lobby,p103,/media/storage/hadleigh/stegaphone_data/final_rec//p103/audioseal/sample_8/watermarked_lobby_recording_Yeti_Stereo_Microphone.wav,audioseal,0.5000
lobby,p103,/media/storage/hadleigh/stegaphone_data/final_rec//p103/audioseal/sample_8/watermarked_lobby_recording_USB_Lavalier_Microphone.wav,audioseal,0.5000
lobby,p103,/media/storage/hadleigh/stegaphone_data/final_rec//p103/audioseal/sample_10/watermarked_lobby_recording_Fifine_USB_PnP_Audio_Device.wav,audioseal,0.5625
lobby,p103,/media/storage/hadleigh/stegaphone_data/final_rec//p103/audioseal/sample_10/watermarked_lobby_recording_iPhone_Microphone.wav,audioseal,0.5625
lobby,p103,/media/storage/hadleigh/stegaphone_data/final_rec//p103/audioseal/sample_10/watermarked_lobby_recording_Yeti_Stereo_Microphone.wav,audioseal,0.6250
lobby,p103,/media/storage/hadleigh/stegaphone_data/final_rec//p103/audioseal/sample_10/watermarked_lobby_recording_USB_Lavalier_Microphone.wav,audioseal,0.5625
lobby,p103,/media/storage/hadleigh/stegaphone_data/final_rec//p103/audioseal/sample_4/watermarked_lobby_recording_Fifine_USB_PnP_Audio_Device.wav,audioseal,0.4375
lobby,p103,/media/storage/hadleigh/stegaphone_data/final_rec//p103/audioseal/sample_4/watermarked_lobby_recording_iPhone_Microphone.wav,audioseal,0.3125
lobby,p103,/media/storage/hadleigh/stegaphone_data/final_rec//p103/audioseal/sample_4/watermarked_lobby_recording_Yeti_Stereo_Microphone.wav,audioseal,0.5625
lobby,p103,/media/storage/hadleigh/stegaphone_data/final_rec//p103/audioseal/sample_4/watermarked_lobby_recording_USB_Lavalier_Microphone.wav,audioseal,0.6250
lobby,p103,/media/storage/hadleigh/stegaphone_data/final_rec//p103/audioseal/sample_9/watermarked_lobby_recording_Fifine_USB_PnP_Audio_Device.wav,audioseal,0.4375
lobby,p103,/media/storage/hadleigh/stegaphone_data/final_rec//p103/audioseal/sample_9/watermarked_lobby_recording_iPhone_Microphone.wav,audioseal,0.4375
lobby,p103,/media/storage/hadleigh/stegaphone_data/final_rec//p103/audioseal/sample_9/watermarked_lobby_recording_Yeti_Stereo_Microphone.wav,audioseal,0.5000
lobby,p103,/media/storage/hadleigh/stegaphone_data/final_rec//p103/audioseal/sample_9/watermarked_lobby_recording_USB_Lavalier_Microphone.wav,audioseal,0.5625
lobby,p103,/media/storage/hadleigh/stegaphone_data/final_rec//p103/audioseal/sample_6/watermarked_lobby_recording_Fifine_USB_PnP_Audio_Device.wav,audioseal,0.5000
lobby,p103,/media/storage/hadleigh/stegaphone_data/final_rec//p103/audioseal/sample_6/watermarked_lobby_recording_iPhone_Microphone.wav,audioseal,0.5625
lobby,p103,/media/storage/hadleigh/stegaphone_data/final_rec//p103/audioseal/sample_6/watermarked_lobby_recording_Yeti_Stereo_Microphone.wav,audioseal,0.4375
lobby,p103,/media/storage/hadleigh/stegaphone_data/final_rec//p103/audioseal/sample_6/watermarked_lobby_recording_USB_Lavalier_Microphone.wav,audioseal,0.5000
lobby,p103,/media/storage/hadleigh/stegaphone_data/final_rec//p103/audioseal/sample_1/watermarked_lobby_recording_Fifine_USB_PnP_Audio_Device.wav,audioseal,0.5000
lobby,p103,/media/storage/hadleigh/stegaphone_data/final_rec//p103/audioseal/sample_1/watermarked_lobby_recording_iPhone_Microphone.wav,audioseal,0.3125
lobby,p103,/media/storage/hadleigh/stegaphone_data/final_rec//p103/audioseal/sample_1/watermarked_lobby_recording_Yeti_Stereo_Microphone.wav,audioseal,0.5000
lobby,p103,/media/storage/hadleigh/stegaphone_data/final_rec//p103/audioseal/sample_1/watermarked_lobby_recording_USB_Lavalier_Microphone.wav,audioseal,0.6875
lobby,p104,/media/storage/hadleigh/stegaphone_data/final_rec//p104/audioseal/sample_7/watermarked_lobby_recording_Fifine_USB_PnP_Audio_Device.wav,audioseal,0.6875
lobby,p104,/media/storage/hadleigh/stegaphone_data/final_rec//p104/audioseal/sample_7/watermarked_lobby_recording_iPhone_Microphone.wav,audioseal,0.6875
lobby,p104,/media/storage/hadleigh/stegaphone_data/final_rec//p104/audioseal/sample_7/watermarked_lobby_recording_Yeti_Stereo_Microphone.wav,audioseal,0.6250
lobby,p104,/media/storage/hadleigh/stegaphone_data/final_rec//p104/audioseal/sample_7/watermarked_lobby_recording_USB_Lavalier_Microphone.wav,audioseal,0.6875
lobby,p104,/media/storage/hadleigh/stegaphone_data/final_rec//p104/audioseal/sample_2/watermarked_lobby_recording_Fifine_USB_PnP_Audio_Device.wav,audioseal,0.5625
lobby,p104,/media/storage/hadleigh/stegaphone_data/final_rec//p104/audioseal/sample_2/watermarked_lobby_recording_iPhone_Microphone.wav,audioseal,0.5625
lobby,p104,/media/storage/hadleigh/stegaphone_data/final_rec//p104/audioseal/sample_2/watermarked_lobby_recording_Yeti_Stereo_Microphone.wav,audioseal,0.5000
lobby,p104,/media/storage/hadleigh/stegaphone_data/final_rec//p104/audioseal/sample_2/watermarked_lobby_recording_USB_Lavalier_Microphone.wav,audioseal,0.5000
lobby,p104,/media/storage/hadleigh/stegaphone_data/final_rec//p104/audioseal/sample_3/watermarked_lobby_recording_Fifine_USB_PnP_Audio_Device.wav,audioseal,0.4375
lobby,p104,/media/storage/hadleigh/stegaphone_data/final_rec//p104/audioseal/sample_3/watermarked_lobby_recording_iPhone_Microphone.wav,audioseal,0.5625
lobby,p104,/media/storage/hadleigh/stegaphone_data/final_rec//p104/audioseal/sample_3/watermarked_lobby_recording_Yeti_Stereo_Microphone.wav,audioseal,0.5000
lobby,p104,/media/storage/hadleigh/stegaphone_data/final_rec//p104/audioseal/sample_3/watermarked_lobby_recording_USB_Lavalier_Microphone.wav,audioseal,0.4375
lobby,p104,/media/storage/hadleigh/stegaphone_data/final_rec//p104/audioseal/sample_5/watermarked_lobby_recording_Fifine_USB_PnP_Audio_Device.wav,audioseal,0.7500
lobby,p104,/media/storage/hadleigh/stegaphone_data/final_rec//p104/audioseal/sample_5/watermarked_lobby_recording_iPhone_Microphone.wav,audioseal,0.6250
lobby,p104,/media/storage/hadleigh/stegaphone_data/final_rec//p104/audioseal/sample_5/watermarked_lobby_recording_Yeti_Stereo_Microphone.wav,audioseal,0.6875
lobby,p104,/media/storage/hadleigh/stegaphone_data/final_rec//p104/audioseal/sample_5/watermarked_lobby_recording_USB_Lavalier_Microphone.wav,audioseal,0.7500
lobby,p104,/media/storage/hadleigh/stegaphone_data/final_rec//p104/audioseal/sample_8/watermarked_lobby_recording_Fifine_USB_PnP_Audio_Device.wav,audioseal,0.4375
lobby,p104,/media/storage/hadleigh/stegaphone_data/final_rec//p104/audioseal/sample_8/watermarked_lobby_recording_iPhone_Microphone.wav,audioseal,0.4375
lobby,p104,/media/storage/hadleigh/stegaphone_data/final_rec//p104/audioseal/sample_8/watermarked_lobby_recording_Yeti_Stereo_Microphone.wav,audioseal,0.5625
lobby,p104,/media/storage/hadleigh/stegaphone_data/final_rec//p104/audioseal/sample_8/watermarked_lobby_recording_USB_Lavalier_Microphone.wav,audioseal,0.5000
lobby,p104,/media/storage/hadleigh/stegaphone_data/final_rec//p104/audioseal/sample_10/watermarked_lobby_recording_Fifine_USB_PnP_Audio_Device.wav,audioseal,0.3750
lobby,p104,/media/storage/hadleigh/stegaphone_data/final_rec//p104/audioseal/sample_10/watermarked_lobby_recording_iPhone_Microphone.wav,audioseal,0.4375
lobby,p104,/media/storage/hadleigh/stegaphone_data/final_rec//p104/audioseal/sample_10/watermarked_lobby_recording_Yeti_Stereo_Microphone.wav,audioseal,0.3125
lobby,p104,/media/storage/hadleigh/stegaphone_data/final_rec//p104/audioseal/sample_10/watermarked_lobby_recording_USB_Lavalier_Microphone.wav,audioseal,0.3750
lobby,p104,/media/storage/hadleigh/stegaphone_data/final_rec//p104/audioseal/sample_4/watermarked_lobby_recording_Fifine_USB_PnP_Audio_Device.wav,audioseal,0.7500
lobby,p104,/media/storage/hadleigh/stegaphone_data/final_rec//p104/audioseal/sample_4/watermarked_lobby_recording_iPhone_Microphone.wav,audioseal,0.4375
lobby,p104,/media/storage/hadleigh/stegaphone_data/final_rec//p104/audioseal/sample_4/watermarked_lobby_recording_Yeti_Stereo_Microphone.wav,audioseal,0.8125
lobby,p104,/media/storage/hadleigh/stegaphone_data/final_rec//p104/audioseal/sample_4/watermarked_lobby_recording_USB_Lavalier_Microphone.wav,audioseal,0.7500
lobby,p104,/media/storage/hadleigh/stegaphone_data/final_rec//p104/audioseal/sample_9/watermarked_lobby_recording_Fifine_USB_PnP_Audio_Device.wav,audioseal,0.6250
lobby,p104,/media/storage/hadleigh/stegaphone_data/final_rec//p104/audioseal/sample_9/watermarked_lobby_recording_iPhone_Microphone.wav,audioseal,0.3750
lobby,p104,/media/storage/hadleigh/stegaphone_data/final_rec//p104/audioseal/sample_9/watermarked_lobby_recording_Yeti_Stereo_Microphone.wav,audioseal,0.6250
lobby,p104,/media/storage/hadleigh/stegaphone_data/final_rec//p104/audioseal/sample_9/watermarked_lobby_recording_USB_Lavalier_Microphone.wav,audioseal,0.6250
lobby,p104,/media/storage/hadleigh/stegaphone_data/final_rec//p104/audioseal/sample_6/watermarked_lobby_recording_Fifine_USB_PnP_Audio_Device.wav,audioseal,0.4375
lobby,p104,/media/storage/hadleigh/stegaphone_data/final_rec//p104/audioseal/sample_6/watermarked_lobby_recording_iPhone_Microphone.wav,audioseal,0.3750
lobby,p104,/media/storage/hadleigh/stegaphone_data/final_rec//p104/audioseal/sample_6/watermarked_lobby_recording_Yeti_Stereo_Microphone.wav,audioseal,0.4375
lobby,p104,/media/storage/hadleigh/stegaphone_data/final_rec//p104/audioseal/sample_6/watermarked_lobby_recording_USB_Lavalier_Microphone.wav,audioseal,0.4375
lobby,p104,/media/storage/hadleigh/stegaphone_data/final_rec//p104/audioseal/sample_1/watermarked_lobby_recording_Fifine_USB_PnP_Audio_Device.wav,audioseal,0.6250
lobby,p104,/media/storage/hadleigh/stegaphone_data/final_rec//p104/audioseal/sample_1/watermarked_lobby_recording_iPhone_Microphone.wav,audioseal,0.3125
lobby,p104,/media/storage/hadleigh/stegaphone_data/final_rec//p104/audioseal/sample_1/watermarked_lobby_recording_Yeti_Stereo_Microphone.wav,audioseal,0.3750
lobby,p104,/media/storage/hadleigh/stegaphone_data/final_rec//p104/audioseal/sample_1/watermarked_lobby_recording_USB_Lavalier_Microphone.wav,audioseal,0.4375
lobby,p105,/media/storage/hadleigh/stegaphone_data/final_rec//p105/audioseal/sample_7/watermarked_lobby_recording_Fifine_USB_PnP_Audio_Device.wav,audioseal,0.3125
lobby,p105,/media/storage/hadleigh/stegaphone_data/final_rec//p105/audioseal/sample_7/watermarked_lobby_recording_iPhone_Microphone.wav,audioseal,0.3750
lobby,p105,/media/storage/hadleigh/stegaphone_data/final_rec//p105/audioseal/sample_7/watermarked_lobby_recording_Yeti_Stereo_Microphone.wav,audioseal,0.4375
lobby,p105,/media/storage/hadleigh/stegaphone_data/final_rec//p105/audioseal/sample_7/watermarked_lobby_recording_USB_Lavalier_Microphone.wav,audioseal,0.4375
lobby,p105,/media/storage/hadleigh/stegaphone_data/final_rec//p105/audioseal/sample_2/watermarked_lobby_recording_Fifine_USB_PnP_Audio_Device.wav,audioseal,0.4375
lobby,p105,/media/storage/hadleigh/stegaphone_data/final_rec//p105/audioseal/sample_2/watermarked_lobby_recording_iPhone_Microphone.wav,audioseal,0.3750
lobby,p105,/media/storage/hadleigh/stegaphone_data/final_rec//p105/audioseal/sample_2/watermarked_lobby_recording_Yeti_Stereo_Microphone.wav,audioseal,0.4375
lobby,p105,/media/storage/hadleigh/stegaphone_data/final_rec//p105/audioseal/sample_2/watermarked_lobby_recording_USB_Lavalier_Microphone.wav,audioseal,0.5000
lobby,p105,/media/storage/hadleigh/stegaphone_data/final_rec//p105/audioseal/sample_3/watermarked_lobby_recording_Fifine_USB_PnP_Audio_Device.wav,audioseal,0.4375
lobby,p105,/media/storage/hadleigh/stegaphone_data/final_rec//p105/audioseal/sample_3/watermarked_lobby_recording_iPhone_Microphone.wav,audioseal,0.5000
lobby,p105,/media/storage/hadleigh/stegaphone_data/final_rec//p105/audioseal/sample_3/watermarked_lobby_recording_Yeti_Stereo_Microphone.wav,audioseal,0.6875
lobby,p105,/media/storage/hadleigh/stegaphone_data/final_rec//p105/audioseal/sample_3/watermarked_lobby_recording_USB_Lavalier_Microphone.wav,audioseal,0.5625
lobby,p105,/media/storage/hadleigh/stegaphone_data/final_rec//p105/audioseal/sample_5/watermarked_lobby_recording_Fifine_USB_PnP_Audio_Device.wav,audioseal,0.1875
lobby,p105,/media/storage/hadleigh/stegaphone_data/final_rec//p105/audioseal/sample_5/watermarked_lobby_recording_iPhone_Microphone.wav,audioseal,0.7500
lobby,p105,/media/storage/hadleigh/stegaphone_data/final_rec//p105/audioseal/sample_5/watermarked_lobby_recording_Yeti_Stereo_Microphone.wav,audioseal,0.5000
lobby,p105,/media/storage/hadleigh/stegaphone_data/final_rec//p105/audioseal/sample_5/watermarked_lobby_recording_USB_Lavalier_Microphone.wav,audioseal,0.5000
lobby,p105,/media/storage/hadleigh/stegaphone_data/final_rec//p105/audioseal/sample_8/watermarked_lobby_recording_Fifine_USB_PnP_Audio_Device.wav,audioseal,0.5000
lobby,p105,/media/storage/hadleigh/stegaphone_data/final_rec//p105/audioseal/sample_8/watermarked_lobby_recording_iPhone_Microphone.wav,audioseal,0.5000
lobby,p105,/media/storage/hadleigh/stegaphone_data/final_rec//p105/audioseal/sample_8/watermarked_lobby_recording_Yeti_Stereo_Microphone.wav,audioseal,0.4375
lobby,p105,/media/storage/hadleigh/stegaphone_data/final_rec//p105/audioseal/sample_8/watermarked_lobby_recording_USB_Lavalier_Microphone.wav,audioseal,0.4375
lobby,p105,/media/storage/hadleigh/stegaphone_data/final_rec//p105/audioseal/sample_10/watermarked_lobby_recording_Fifine_USB_PnP_Audio_Device.wav,audioseal,0.3125
lobby,p105,/media/storage/hadleigh/stegaphone_data/final_rec//p105/audioseal/sample_10/watermarked_lobby_recording_iPhone_Microphone.wav,audioseal,0.1875
lobby,p105,/media/storage/hadleigh/stegaphone_data/final_rec//p105/audioseal/sample_10/watermarked_lobby_recording_Yeti_Stereo_Microphone.wav,audioseal,0.2500
lobby,p105,/media/storage/hadleigh/stegaphone_data/final_rec//p105/audioseal/sample_10/watermarked_lobby_recording_USB_Lavalier_Microphone.wav,audioseal,0.4375
lobby,p105,/media/storage/hadleigh/stegaphone_data/final_rec//p105/audioseal/sample_4/watermarked_lobby_recording_Fifine_USB_PnP_Audio_Device.wav,audioseal,0.5625
lobby,p105,/media/storage/hadleigh/stegaphone_data/final_rec//p105/audioseal/sample_4/watermarked_lobby_recording_iPhone_Microphone.wav,audioseal,0.3750
lobby,p105,/media/storage/hadleigh/stegaphone_data/final_rec//p105/audioseal/sample_4/watermarked_lobby_recording_Yeti_Stereo_Microphone.wav,audioseal,0.4375
lobby,p105,/media/storage/hadleigh/stegaphone_data/final_rec//p105/audioseal/sample_4/watermarked_lobby_recording_USB_Lavalier_Microphone.wav,audioseal,0.4375
lobby,p105,/media/storage/hadleigh/stegaphone_data/final_rec//p105/audioseal/sample_9/watermarked_lobby_recording_Fifine_USB_PnP_Audio_Device.wav,audioseal,0.5000
lobby,p105,/media/storage/hadleigh/stegaphone_data/final_rec//p105/audioseal/sample_9/watermarked_lobby_recording_iPhone_Microphone.wav,audioseal,0.4375
lobby,p105,/media/storage/hadleigh/stegaphone_data/final_rec//p105/audioseal/sample_9/watermarked_lobby_recording_Yeti_Stereo_Microphone.wav,audioseal,0.3750
lobby,p105,/media/storage/hadleigh/stegaphone_data/final_rec//p105/audioseal/sample_9/watermarked_lobby_recording_USB_Lavalier_Microphone.wav,audioseal,0.4375
lobby,p105,/media/storage/hadleigh/stegaphone_data/final_rec//p105/audioseal/sample_6/watermarked_lobby_recording_Fifine_USB_PnP_Audio_Device.wav,audioseal,0.5000
lobby,p105,/media/storage/hadleigh/stegaphone_data/final_rec//p105/audioseal/sample_6/watermarked_lobby_recording_iPhone_Microphone.wav,audioseal,0.6250
lobby,p105,/media/storage/hadleigh/stegaphone_data/final_rec//p105/audioseal/sample_6/watermarked_lobby_recording_Yeti_Stereo_Microphone.wav,audioseal,0.4375
lobby,p105,/media/storage/hadleigh/stegaphone_data/final_rec//p105/audioseal/sample_6/watermarked_lobby_recording_USB_Lavalier_Microphone.wav,audioseal,0.5000
lobby,p105,/media/storage/hadleigh/stegaphone_data/final_rec//p105/audioseal/sample_1/watermarked_lobby_recording_Fifine_USB_PnP_Audio_Device.wav,audioseal,0.2500
lobby,p105,/media/storage/hadleigh/stegaphone_data/final_rec//p105/audioseal/sample_1/watermarked_lobby_recording_iPhone_Microphone.wav,audioseal,0.5000
lobby,p105,/media/storage/hadleigh/stegaphone_data/final_rec//p105/audioseal/sample_1/watermarked_lobby_recording_Yeti_Stereo_Microphone.wav,audioseal,0.6250
lobby,p105,/media/storage/hadleigh/stegaphone_data/final_rec//p105/audioseal/sample_1/watermarked_lobby_recording_USB_Lavalier_Microphone.wav,audioseal,0.5625
lobby,p106,/media/storage/hadleigh/stegaphone_data/final_rec//p106/audioseal/sample_7/watermarked_lobby_recording_Fifine_USB_PnP_Audio_Device.wav,audioseal,0.5000
lobby,p106,/media/storage/hadleigh/stegaphone_data/final_rec//p106/audioseal/sample_7/watermarked_lobby_recording_iPhone_Microphone.wav,audioseal,0.6250
lobby,p106,/media/storage/hadleigh/stegaphone_data/final_rec//p106/audioseal/sample_7/watermarked_lobby_recording_Yeti_Stereo_Microphone.wav,audioseal,0.5625
lobby,p106,/media/storage/hadleigh/stegaphone_data/final_rec//p106/audioseal/sample_7/watermarked_lobby_recording_USB_Lavalier_Microphone.wav,audioseal,0.5000
lobby,p106,/media/storage/hadleigh/stegaphone_data/final_rec//p106/audioseal/sample_2/watermarked_lobby_recording_Fifine_USB_PnP_Audio_Device.wav,audioseal,0.5000
lobby,p106,/media/storage/hadleigh/stegaphone_data/final_rec//p106/audioseal/sample_2/watermarked_lobby_recording_iPhone_Microphone.wav,audioseal,0.6250
lobby,p106,/media/storage/hadleigh/stegaphone_data/final_rec//p106/audioseal/sample_2/watermarked_lobby_recording_Yeti_Stereo_Microphone.wav,audioseal,0.6250
lobby,p106,/media/storage/hadleigh/stegaphone_data/final_rec//p106/audioseal/sample_2/watermarked_lobby_recording_USB_Lavalier_Microphone.wav,audioseal,0.6250
lobby,p106,/media/storage/hadleigh/stegaphone_data/final_rec//p106/audioseal/sample_3/watermarked_lobby_recording_Fifine_USB_PnP_Audio_Device.wav,audioseal,0.4375
lobby,p106,/media/storage/hadleigh/stegaphone_data/final_rec//p106/audioseal/sample_3/watermarked_lobby_recording_iPhone_Microphone.wav,audioseal,0.5000
lobby,p106,/media/storage/hadleigh/stegaphone_data/final_rec//p106/audioseal/sample_3/watermarked_lobby_recording_Yeti_Stereo_Microphone.wav,audioseal,0.5000
lobby,p106,/media/storage/hadleigh/stegaphone_data/final_rec//p106/audioseal/sample_3/watermarked_lobby_recording_USB_Lavalier_Microphone.wav,audioseal,0.5625
lobby,p106,/media/storage/hadleigh/stegaphone_data/final_rec//p106/audioseal/sample_5/watermarked_lobby_recording_Fifine_USB_PnP_Audio_Device.wav,audioseal,0.4375
lobby,p106,/media/storage/hadleigh/stegaphone_data/final_rec//p106/audioseal/sample_5/watermarked_lobby_recording_iPhone_Microphone.wav,audioseal,0.5625
lobby,p106,/media/storage/hadleigh/stegaphone_data/final_rec//p106/audioseal/sample_5/watermarked_lobby_recording_Yeti_Stereo_Microphone.wav,audioseal,0.5000
lobby,p106,/media/storage/hadleigh/stegaphone_data/final_rec//p106/audioseal/sample_5/watermarked_lobby_recording_USB_Lavalier_Microphone.wav,audioseal,0.4375
lobby,p106,/media/storage/hadleigh/stegaphone_data/final_rec//p106/audioseal/sample_8/watermarked_lobby_recording_Fifine_USB_PnP_Audio_Device.wav,audioseal,0.6875
lobby,p106,/media/storage/hadleigh/stegaphone_data/final_rec//p106/audioseal/sample_8/watermarked_lobby_recording_iPhone_Microphone.wav,audioseal,0.6875
lobby,p106,/media/storage/hadleigh/stegaphone_data/final_rec//p106/audioseal/sample_8/watermarked_lobby_recording_Yeti_Stereo_Microphone.wav,audioseal,0.6250
lobby,p106,/media/storage/hadleigh/stegaphone_data/final_rec//p106/audioseal/sample_8/watermarked_lobby_recording_USB_Lavalier_Microphone.wav,audioseal,0.3750
lobby,p106,/media/storage/hadleigh/stegaphone_data/final_rec//p106/audioseal/sample_10/watermarked_lobby_recording_Fifine_USB_PnP_Audio_Device.wav,audioseal,0.5000
lobby,p106,/media/storage/hadleigh/stegaphone_data/final_rec//p106/audioseal/sample_10/watermarked_lobby_recording_iPhone_Microphone.wav,audioseal,0.6875
lobby,p106,/media/storage/hadleigh/stegaphone_data/final_rec//p106/audioseal/sample_10/watermarked_lobby_recording_Yeti_Stereo_Microphone.wav,audioseal,0.5625
lobby,p106,/media/storage/hadleigh/stegaphone_data/final_rec//p106/audioseal/sample_10/watermarked_lobby_recording_USB_Lavalier_Microphone.wav,audioseal,0.5625
lobby,p106,/media/storage/hadleigh/stegaphone_data/final_rec//p106/audioseal/sample_4/watermarked_lobby_recording_Fifine_USB_PnP_Audio_Device.wav,audioseal,0.6250
lobby,p106,/media/storage/hadleigh/stegaphone_data/final_rec//p106/audioseal/sample_4/watermarked_lobby_recording_iPhone_Microphone.wav,audioseal,0.6875
lobby,p106,/media/storage/hadleigh/stegaphone_data/final_rec//p106/audioseal/sample_4/watermarked_lobby_recording_Yeti_Stereo_Microphone.wav,audioseal,0.5000
lobby,p106,/media/storage/hadleigh/stegaphone_data/final_rec//p106/audioseal/sample_4/watermarked_lobby_recording_USB_Lavalier_Microphone.wav,audioseal,0.5000
lobby,p106,/media/storage/hadleigh/stegaphone_data/final_rec//p106/audioseal/sample_9/watermarked_lobby_recording_Fifine_USB_PnP_Audio_Device.wav,audioseal,0.6250
lobby,p106,/media/storage/hadleigh/stegaphone_data/final_rec//p106/audioseal/sample_9/watermarked_lobby_recording_iPhone_Microphone.wav,audioseal,0.4375
lobby,p106,/media/storage/hadleigh/stegaphone_data/final_rec//p106/audioseal/sample_9/watermarked_lobby_recording_Yeti_Stereo_Microphone.wav,audioseal,0.5625
lobby,p106,/media/storage/hadleigh/stegaphone_data/final_rec//p106/audioseal/sample_9/watermarked_lobby_recording_USB_Lavalier_Microphone.wav,audioseal,0.5000
lobby,p106,/media/storage/hadleigh/stegaphone_data/final_rec//p106/audioseal/sample_6/watermarked_lobby_recording_Fifine_USB_PnP_Audio_Device.wav,audioseal,0.5000
lobby,p106,/media/storage/hadleigh/stegaphone_data/final_rec//p106/audioseal/sample_6/watermarked_lobby_recording_iPhone_Microphone.wav,audioseal,0.4375
lobby,p106,/media/storage/hadleigh/stegaphone_data/final_rec//p106/audioseal/sample_6/watermarked_lobby_recording_Yeti_Stereo_Microphone.wav,audioseal,0.5625
lobby,p106,/media/storage/hadleigh/stegaphone_data/final_rec//p106/audioseal/sample_6/watermarked_lobby_recording_USB_Lavalier_Microphone.wav,audioseal,0.5000
lobby,p106,/media/storage/hadleigh/stegaphone_data/final_rec//p106/audioseal/sample_1/watermarked_lobby_recording_Fifine_USB_PnP_Audio_Device.wav,audioseal,0.5000
lobby,p106,/media/storage/hadleigh/stegaphone_data/final_rec//p106/audioseal/sample_1/watermarked_lobby_recording_iPhone_Microphone.wav,audioseal,0.5000
lobby,p106,/media/storage/hadleigh/stegaphone_data/final_rec//p106/audioseal/sample_1/watermarked_lobby_recording_Yeti_Stereo_Microphone.wav,audioseal,0.4375
lobby,p106,/media/storage/hadleigh/stegaphone_data/final_rec//p106/audioseal/sample_1/watermarked_lobby_recording_USB_Lavalier_Microphone.wav,audioseal,0.6250
lobby,p107,/media/storage/hadleigh/stegaphone_data/final_rec//p107/audioseal/sample_7/watermarked_lobby_recording_Fifine_USB_PnP_Audio_Device.wav,audioseal,0.5000
lobby,p107,/media/storage/hadleigh/stegaphone_data/final_rec//p107/audioseal/sample_7/watermarked_lobby_recording_iPhone_Microphone.wav,audioseal,0.6875
lobby,p107,/media/storage/hadleigh/stegaphone_data/final_rec//p107/audioseal/sample_7/watermarked_lobby_recording_Yeti_Stereo_Microphone.wav,audioseal,0.5625
lobby,p107,/media/storage/hadleigh/stegaphone_data/final_rec//p107/audioseal/sample_7/watermarked_lobby_recording_USB_Lavalier_Microphone.wav,audioseal,0.5625
lobby,p107,/media/storage/hadleigh/stegaphone_data/final_rec//p107/audioseal/sample_2/watermarked_lobby_recording_Fifine_USB_PnP_Audio_Device.wav,audioseal,0.5000
lobby,p107,/media/storage/hadleigh/stegaphone_data/final_rec//p107/audioseal/sample_2/watermarked_lobby_recording_iPhone_Microphone.wav,audioseal,0.3750
lobby,p107,/media/storage/hadleigh/stegaphone_data/final_rec//p107/audioseal/sample_2/watermarked_lobby_recording_Yeti_Stereo_Microphone.wav,audioseal,0.4375
lobby,p107,/media/storage/hadleigh/stegaphone_data/final_rec//p107/audioseal/sample_2/watermarked_lobby_recording_USB_Lavalier_Microphone.wav,audioseal,0.3750
lobby,p107,/media/storage/hadleigh/stegaphone_data/final_rec//p107/audioseal/sample_3/watermarked_lobby_recording_Fifine_USB_PnP_Audio_Device.wav,audioseal,0.6250
lobby,p107,/media/storage/hadleigh/stegaphone_data/final_rec//p107/audioseal/sample_3/watermarked_lobby_recording_iPhone_Microphone.wav,audioseal,0.3125
lobby,p107,/media/storage/hadleigh/stegaphone_data/final_rec//p107/audioseal/sample_3/watermarked_lobby_recording_Yeti_Stereo_Microphone.wav,audioseal,0.6875
lobby,p107,/media/storage/hadleigh/stegaphone_data/final_rec//p107/audioseal/sample_3/watermarked_lobby_recording_USB_Lavalier_Microphone.wav,audioseal,0.6875
lobby,p107,/media/storage/hadleigh/stegaphone_data/final_rec//p107/audioseal/sample_5/watermarked_lobby_recording_Fifine_USB_PnP_Audio_Device.wav,audioseal,0.3750
lobby,p107,/media/storage/hadleigh/stegaphone_data/final_rec//p107/audioseal/sample_5/watermarked_lobby_recording_iPhone_Microphone.wav,audioseal,0.5000
lobby,p107,/media/storage/hadleigh/stegaphone_data/final_rec//p107/audioseal/sample_5/watermarked_lobby_recording_Yeti_Stereo_Microphone.wav,audioseal,0.5625
lobby,p107,/media/storage/hadleigh/stegaphone_data/final_rec//p107/audioseal/sample_5/watermarked_lobby_recording_USB_Lavalier_Microphone.wav,audioseal,0.5000
lobby,p107,/media/storage/hadleigh/stegaphone_data/final_rec//p107/audioseal/sample_8/watermarked_lobby_recording_Fifine_USB_PnP_Audio_Device.wav,audioseal,0.2500
lobby,p107,/media/storage/hadleigh/stegaphone_data/final_rec//p107/audioseal/sample_8/watermarked_lobby_recording_iPhone_Microphone.wav,audioseal,0.3125
lobby,p107,/media/storage/hadleigh/stegaphone_data/final_rec//p107/audioseal/sample_8/watermarked_lobby_recording_Yeti_Stereo_Microphone.wav,audioseal,0.3125
lobby,p107,/media/storage/hadleigh/stegaphone_data/final_rec//p107/audioseal/sample_8/watermarked_lobby_recording_USB_Lavalier_Microphone.wav,audioseal,0.3750
lobby,p107,/media/storage/hadleigh/stegaphone_data/final_rec//p107/audioseal/sample_10/watermarked_lobby_recording_Fifine_USB_PnP_Audio_Device.wav,audioseal,0.5625
lobby,p107,/media/storage/hadleigh/stegaphone_data/final_rec//p107/audioseal/sample_10/watermarked_lobby_recording_iPhone_Microphone.wav,audioseal,0.4375
lobby,p107,/media/storage/hadleigh/stegaphone_data/final_rec//p107/audioseal/sample_10/watermarked_lobby_recording_Yeti_Stereo_Microphone.wav,audioseal,0.5000
lobby,p107,/media/storage/hadleigh/stegaphone_data/final_rec//p107/audioseal/sample_10/watermarked_lobby_recording_USB_Lavalier_Microphone.wav,audioseal,0.3750
lobby,p107,/media/storage/hadleigh/stegaphone_data/final_rec//p107/audioseal/sample_4/watermarked_lobby_recording_Fifine_USB_PnP_Audio_Device.wav,audioseal,0.5625
lobby,p107,/media/storage/hadleigh/stegaphone_data/final_rec//p107/audioseal/sample_4/watermarked_lobby_recording_iPhone_Microphone.wav,audioseal,0.4375
lobby,p107,/media/storage/hadleigh/stegaphone_data/final_rec//p107/audioseal/sample_4/watermarked_lobby_recording_Yeti_Stereo_Microphone.wav,audioseal,0.5625
lobby,p107,/media/storage/hadleigh/stegaphone_data/final_rec//p107/audioseal/sample_4/watermarked_lobby_recording_USB_Lavalier_Microphone.wav,audioseal,0.6250
lobby,p107,/media/storage/hadleigh/stegaphone_data/final_rec//p107/audioseal/sample_9/watermarked_lobby_recording_Fifine_USB_PnP_Audio_Device.wav,audioseal,0.5000
lobby,p107,/media/storage/hadleigh/stegaphone_data/final_rec//p107/audioseal/sample_9/watermarked_lobby_recording_iPhone_Microphone.wav,audioseal,0.3750
lobby,p107,/media/storage/hadleigh/stegaphone_data/final_rec//p107/audioseal/sample_9/watermarked_lobby_recording_Yeti_Stereo_Microphone.wav,audioseal,0.3125
lobby,p107,/media/storage/hadleigh/stegaphone_data/final_rec//p107/audioseal/sample_9/watermarked_lobby_recording_USB_Lavalier_Microphone.wav,audioseal,0.4375
lobby,p107,/media/storage/hadleigh/stegaphone_data/final_rec//p107/audioseal/sample_6/watermarked_lobby_recording_Fifine_USB_PnP_Audio_Device.wav,audioseal,0.5000
lobby,p107,/media/storage/hadleigh/stegaphone_data/final_rec//p107/audioseal/sample_6/watermarked_lobby_recording_iPhone_Microphone.wav,audioseal,0.5000
lobby,p107,/media/storage/hadleigh/stegaphone_data/final_rec//p107/audioseal/sample_6/watermarked_lobby_recording_Yeti_Stereo_Microphone.wav,audioseal,0.5000
lobby,p107,/media/storage/hadleigh/stegaphone_data/final_rec//p107/audioseal/sample_6/watermarked_lobby_recording_USB_Lavalier_Microphone.wav,audioseal,0.5625
lobby,p107,/media/storage/hadleigh/stegaphone_data/final_rec//p107/audioseal/sample_1/watermarked_lobby_recording_Fifine_USB_PnP_Audio_Device.wav,audioseal,0.5000
lobby,p107,/media/storage/hadleigh/stegaphone_data/final_rec//p107/audioseal/sample_1/watermarked_lobby_recording_iPhone_Microphone.wav,audioseal,0.5000
lobby,p107,/media/storage/hadleigh/stegaphone_data/final_rec//p107/audioseal/sample_1/watermarked_lobby_recording_Yeti_Stereo_Microphone.wav,audioseal,0.4375
lobby,p107,/media/storage/hadleigh/stegaphone_data/final_rec//p107/audioseal/sample_1/watermarked_lobby_recording_USB_Lavalier_Microphone.wav,audioseal,0.5625
apartment,p102,/media/storage/hadleigh/stegaphone_data/final_rec//p102/audioseal/sample_7/watermarked_apartment_recording_iPhone_Microphone.wav,audioseal,0.6875
apartment,p102,/media/storage/hadleigh/stegaphone_data/final_rec//p102/audioseal/sample_7/watermarked_apartment_recording_Fifine_USB_PnP_Audio_Device.wav,audioseal,0.3125
apartment,p102,/media/storage/hadleigh/stegaphone_data/final_rec//p102/audioseal/sample_7/watermarked_apartment_recording_Yeti_Stereo_Microphone.wav,audioseal,0.5000
apartment,p102,/media/storage/hadleigh/stegaphone_data/final_rec//p102/audioseal/sample_7/watermarked_apartment_recording_USB_Lavalier_Microphone.wav,audioseal,0.3750
apartment,p102,/media/storage/hadleigh/stegaphone_data/final_rec//p102/audioseal/sample_2/watermarked_apartment_recording_iPhone_Microphone.wav,audioseal,0.4375
apartment,p102,/media/storage/hadleigh/stegaphone_data/final_rec//p102/audioseal/sample_2/watermarked_apartment_recording_Fifine_USB_PnP_Audio_Device.wav,audioseal,0.4375
apartment,p102,/media/storage/hadleigh/stegaphone_data/final_rec//p102/audioseal/sample_2/watermarked_apartment_recording_Yeti_Stereo_Microphone.wav,audioseal,0.3125
apartment,p102,/media/storage/hadleigh/stegaphone_data/final_rec//p102/audioseal/sample_2/watermarked_apartment_recording_USB_Lavalier_Microphone.wav,audioseal,0.3125
apartment,p102,/media/storage/hadleigh/stegaphone_data/final_rec//p102/audioseal/sample_3/watermarked_apartment_recording_iPhone_Microphone.wav,audioseal,0.4375
apartment,p102,/media/storage/hadleigh/stegaphone_data/final_rec//p102/audioseal/sample_3/watermarked_apartment_recording_Fifine_USB_PnP_Audio_Device.wav,audioseal,0.3750
apartment,p102,/media/storage/hadleigh/stegaphone_data/final_rec//p102/audioseal/sample_3/watermarked_apartment_recording_Yeti_Stereo_Microphone.wav,audioseal,0.5625
apartment,p102,/media/storage/hadleigh/stegaphone_data/final_rec//p102/audioseal/sample_3/watermarked_apartment_recording_USB_Lavalier_Microphone.wav,audioseal,0.6250
apartment,p102,/media/storage/hadleigh/stegaphone_data/final_rec//p102/audioseal/sample_5/watermarked_apartment_recording_iPhone_Microphone.wav,audioseal,0.5000
apartment,p102,/media/storage/hadleigh/stegaphone_data/final_rec//p102/audioseal/sample_5/watermarked_apartment_recording_Fifine_USB_PnP_Audio_Device.wav,audioseal,0.3750
apartment,p102,/media/storage/hadleigh/stegaphone_data/final_rec//p102/audioseal/sample_5/watermarked_apartment_recording_Yeti_Stereo_Microphone.wav,audioseal,0.4375
apartment,p102,/media/storage/hadleigh/stegaphone_data/final_rec//p102/audioseal/sample_5/watermarked_apartment_recording_USB_Lavalier_Microphone.wav,audioseal,0.4375
apartment,p102,/media/storage/hadleigh/stegaphone_data/final_rec//p102/audioseal/sample_8/watermarked_apartment_recording_iPhone_Microphone.wav,audioseal,0.5000
apartment,p102,/media/storage/hadleigh/stegaphone_data/final_rec//p102/audioseal/sample_8/watermarked_apartment_recording_Fifine_USB_PnP_Audio_Device.wav,audioseal,0.6250
apartment,p102,/media/storage/hadleigh/stegaphone_data/final_rec//p102/audioseal/sample_8/watermarked_apartment_recording_Yeti_Stereo_Microphone.wav,audioseal,0.4375
apartment,p102,/media/storage/hadleigh/stegaphone_data/final_rec//p102/audioseal/sample_8/watermarked_apartment_recording_USB_Lavalier_Microphone.wav,audioseal,0.3750
apartment,p102,/media/storage/hadleigh/stegaphone_data/final_rec//p102/audioseal/sample_10/watermarked_apartment_recording_iPhone_Microphone.wav,audioseal,0.4375
apartment,p102,/media/storage/hadleigh/stegaphone_data/final_rec//p102/audioseal/sample_10/watermarked_apartment_recording_Fifine_USB_PnP_Audio_Device.wav,audioseal,0.7500
apartment,p102,/media/storage/hadleigh/stegaphone_data/final_rec//p102/audioseal/sample_10/watermarked_apartment_recording_Yeti_Stereo_Microphone.wav,audioseal,0.6250
apartment,p102,/media/storage/hadleigh/stegaphone_data/final_rec//p102/audioseal/sample_10/watermarked_apartment_recording_USB_Lavalier_Microphone.wav,audioseal,0.7500
apartment,p102,/media/storage/hadleigh/stegaphone_data/final_rec//p102/audioseal/sample_4/watermarked_apartment_recording_iPhone_Microphone.wav,audioseal,0.4375
apartment,p102,/media/storage/hadleigh/stegaphone_data/final_rec//p102/audioseal/sample_4/watermarked_apartment_recording_Fifine_USB_PnP_Audio_Device.wav,audioseal,0.5625
apartment,p102,/media/storage/hadleigh/stegaphone_data/final_rec//p102/audioseal/sample_4/watermarked_apartment_recording_Yeti_Stereo_Microphone.wav,audioseal,0.5625
apartment,p102,/media/storage/hadleigh/stegaphone_data/final_rec//p102/audioseal/sample_4/watermarked_apartment_recording_USB_Lavalier_Microphone.wav,audioseal,0.6250
apartment,p102,/media/storage/hadleigh/stegaphone_data/final_rec//p102/audioseal/sample_9/watermarked_apartment_recording_iPhone_Microphone.wav,audioseal,0.1875
apartment,p102,/media/storage/hadleigh/stegaphone_data/final_rec//p102/audioseal/sample_9/watermarked_apartment_recording_Fifine_USB_PnP_Audio_Device.wav,audioseal,0.3125
apartment,p102,/media/storage/hadleigh/stegaphone_data/final_rec//p102/audioseal/sample_9/watermarked_apartment_recording_Yeti_Stereo_Microphone.wav,audioseal,0.3125
apartment,p102,/media/storage/hadleigh/stegaphone_data/final_rec//p102/audioseal/sample_9/watermarked_apartment_recording_USB_Lavalier_Microphone.wav,audioseal,0.3125
apartment,p102,/media/storage/hadleigh/stegaphone_data/final_rec//p102/audioseal/sample_6/watermarked_apartment_recording_iPhone_Microphone.wav,audioseal,0.5625
apartment,p102,/media/storage/hadleigh/stegaphone_data/final_rec//p102/audioseal/sample_6/watermarked_apartment_recording_Fifine_USB_PnP_Audio_Device.wav,audioseal,0.4375
apartment,p102,/media/storage/hadleigh/stegaphone_data/final_rec//p102/audioseal/sample_6/watermarked_apartment_recording_Yeti_Stereo_Microphone.wav,audioseal,0.5625
apartment,p102,/media/storage/hadleigh/stegaphone_data/final_rec//p102/audioseal/sample_6/watermarked_apartment_recording_USB_Lavalier_Microphone.wav,audioseal,0.7500
apartment,p102,/media/storage/hadleigh/stegaphone_data/final_rec//p102/audioseal/sample_1/watermarked_apartment_recording_iPhone_Microphone.wav,audioseal,0.5000
apartment,p102,/media/storage/hadleigh/stegaphone_data/final_rec//p102/audioseal/sample_1/watermarked_apartment_recording_Fifine_USB_PnP_Audio_Device.wav,audioseal,0.3750
apartment,p102,/media/storage/hadleigh/stegaphone_data/final_rec//p102/audioseal/sample_1/watermarked_apartment_recording_Yeti_Stereo_Microphone.wav,audioseal,0.5625
apartment,p102,/media/storage/hadleigh/stegaphone_data/final_rec//p102/audioseal/sample_1/watermarked_apartment_recording_USB_Lavalier_Microphone.wav,audioseal,0.5625
apartment,p103,/media/storage/hadleigh/stegaphone_data/final_rec//p103/audioseal/sample_7/watermarked_apartment_recording_iPhone_Microphone.wav,audioseal,0.4375
apartment,p103,/media/storage/hadleigh/stegaphone_data/final_rec//p103/audioseal/sample_7/watermarked_apartment_recording_Fifine_USB_PnP_Audio_Device.wav,audioseal,0.3125
apartment,p103,/media/storage/hadleigh/stegaphone_data/final_rec//p103/audioseal/sample_7/watermarked_apartment_recording_Yeti_Stereo_Microphone.wav,audioseal,0.4375
apartment,p103,/media/storage/hadleigh/stegaphone_data/final_rec//p103/audioseal/sample_7/watermarked_apartment_recording_USB_Lavalier_Microphone.wav,audioseal,0.3125
apartment,p103,/media/storage/hadleigh/stegaphone_data/final_rec//p103/audioseal/sample_2/watermarked_apartment_recording_iPhone_Microphone.wav,audioseal,0.5000
apartment,p103,/media/storage/hadleigh/stegaphone_data/final_rec//p103/audioseal/sample_2/watermarked_apartment_recording_Fifine_USB_PnP_Audio_Device.wav,audioseal,0.3125
apartment,p103,/media/storage/hadleigh/stegaphone_data/final_rec//p103/audioseal/sample_2/watermarked_apartment_recording_Yeti_Stereo_Microphone.wav,audioseal,0.4375
apartment,p103,/media/storage/hadleigh/stegaphone_data/final_rec//p103/audioseal/sample_2/watermarked_apartment_recording_USB_Lavalier_Microphone.wav,audioseal,0.5000
apartment,p103,/media/storage/hadleigh/stegaphone_data/final_rec//p103/audioseal/sample_3/watermarked_apartment_recording_iPhone_Microphone.wav,audioseal,0.5000
apartment,p103,/media/storage/hadleigh/stegaphone_data/final_rec//p103/audioseal/sample_3/watermarked_apartment_recording_Fifine_USB_PnP_Audio_Device.wav,audioseal,0.7500
apartment,p103,/media/storage/hadleigh/stegaphone_data/final_rec//p103/audioseal/sample_3/watermarked_apartment_recording_Yeti_Stereo_Microphone.wav,audioseal,0.6250
apartment,p103,/media/storage/hadleigh/stegaphone_data/final_rec//p103/audioseal/sample_3/watermarked_apartment_recording_USB_Lavalier_Microphone.wav,audioseal,0.7500
apartment,p103,/media/storage/hadleigh/stegaphone_data/final_rec//p103/audioseal/sample_5/watermarked_apartment_recording_iPhone_Microphone.wav,audioseal,0.3125
apartment,p103,/media/storage/hadleigh/stegaphone_data/final_rec//p103/audioseal/sample_5/watermarked_apartment_recording_Fifine_USB_PnP_Audio_Device.wav,audioseal,0.3750
apartment,p103,/media/storage/hadleigh/stegaphone_data/final_rec//p103/audioseal/sample_5/watermarked_apartment_recording_Yeti_Stereo_Microphone.wav,audioseal,0.4375
apartment,p103,/media/storage/hadleigh/stegaphone_data/final_rec//p103/audioseal/sample_5/watermarked_apartment_recording_USB_Lavalier_Microphone.wav,audioseal,0.3750
apartment,p103,/media/storage/hadleigh/stegaphone_data/final_rec//p103/audioseal/sample_8/watermarked_apartment_recording_iPhone_Microphone.wav,audioseal,0.3750
apartment,p103,/media/storage/hadleigh/stegaphone_data/final_rec//p103/audioseal/sample_8/watermarked_apartment_recording_Fifine_USB_PnP_Audio_Device.wav,audioseal,0.5000
apartment,p103,/media/storage/hadleigh/stegaphone_data/final_rec//p103/audioseal/sample_8/watermarked_apartment_recording_Yeti_Stereo_Microphone.wav,audioseal,0.6250
apartment,p103,/media/storage/hadleigh/stegaphone_data/final_rec//p103/audioseal/sample_8/watermarked_apartment_recording_USB_Lavalier_Microphone.wav,audioseal,0.6250
apartment,p103,/media/storage/hadleigh/stegaphone_data/final_rec//p103/audioseal/sample_10/watermarked_apartment_recording_iPhone_Microphone.wav,audioseal,0.5625
apartment,p103,/media/storage/hadleigh/stegaphone_data/final_rec//p103/audioseal/sample_10/watermarked_apartment_recording_Fifine_USB_PnP_Audio_Device.wav,audioseal,0.5000
apartment,p103,/media/storage/hadleigh/stegaphone_data/final_rec//p103/audioseal/sample_10/watermarked_apartment_recording_Yeti_Stereo_Microphone.wav,audioseal,0.5625
apartment,p103,/media/storage/hadleigh/stegaphone_data/final_rec//p103/audioseal/sample_10/watermarked_apartment_recording_USB_Lavalier_Microphone.wav,audioseal,0.6250
apartment,p103,/media/storage/hadleigh/stegaphone_data/final_rec//p103/audioseal/sample_4/watermarked_apartment_recording_iPhone_Microphone.wav,audioseal,0.5625
apartment,p103,/media/storage/hadleigh/stegaphone_data/final_rec//p103/audioseal/sample_4/watermarked_apartment_recording_Fifine_USB_PnP_Audio_Device.wav,audioseal,0.5000
apartment,p103,/media/storage/hadleigh/stegaphone_data/final_rec//p103/audioseal/sample_4/watermarked_apartment_recording_Yeti_Stereo_Microphone.wav,audioseal,0.5000
apartment,p103,/media/storage/hadleigh/stegaphone_data/final_rec//p103/audioseal/sample_4/watermarked_apartment_recording_USB_Lavalier_Microphone.wav,audioseal,0.6875
apartment,p103,/media/storage/hadleigh/stegaphone_data/final_rec//p103/audioseal/sample_9/watermarked_apartment_recording_iPhone_Microphone.wav,audioseal,0.4375
apartment,p103,/media/storage/hadleigh/stegaphone_data/final_rec//p103/audioseal/sample_9/watermarked_apartment_recording_Fifine_USB_PnP_Audio_Device.wav,audioseal,0.3125
apartment,p103,/media/storage/hadleigh/stegaphone_data/final_rec//p103/audioseal/sample_9/watermarked_apartment_recording_Yeti_Stereo_Microphone.wav,audioseal,0.5000
apartment,p103,/media/storage/hadleigh/stegaphone_data/final_rec//p103/audioseal/sample_9/watermarked_apartment_recording_USB_Lavalier_Microphone.wav,audioseal,0.4375
apartment,p103,/media/storage/hadleigh/stegaphone_data/final_rec//p103/audioseal/sample_6/watermarked_apartment_recording_iPhone_Microphone.wav,audioseal,0.4375
apartment,p103,/media/storage/hadleigh/stegaphone_data/final_rec//p103/audioseal/sample_6/watermarked_apartment_recording_Fifine_USB_PnP_Audio_Device.wav,audioseal,0.2500
apartment,p103,/media/storage/hadleigh/stegaphone_data/final_rec//p103/audioseal/sample_6/watermarked_apartment_recording_Yeti_Stereo_Microphone.wav,audioseal,0.5000
apartment,p103,/media/storage/hadleigh/stegaphone_data/final_rec//p103/audioseal/sample_6/watermarked_apartment_recording_USB_Lavalier_Microphone.wav,audioseal,0.4375
apartment,p103,/media/storage/hadleigh/stegaphone_data/final_rec//p103/audioseal/sample_1/watermarked_apartment_recording_iPhone_Microphone.wav,audioseal,0.1250
apartment,p103,/media/storage/hadleigh/stegaphone_data/final_rec//p103/audioseal/sample_1/watermarked_apartment_recording_Fifine_USB_PnP_Audio_Device.wav,audioseal,0.5000
apartment,p103,/media/storage/hadleigh/stegaphone_data/final_rec//p103/audioseal/sample_1/watermarked_apartment_recording_Yeti_Stereo_Microphone.wav,audioseal,0.6250
apartment,p103,/media/storage/hadleigh/stegaphone_data/final_rec//p103/audioseal/sample_1/watermarked_apartment_recording_USB_Lavalier_Microphone.wav,audioseal,0.5000
apartment,p104,/media/storage/hadleigh/stegaphone_data/final_rec//p104/audioseal/sample_7/watermarked_apartment_recording_iPhone_Microphone.wav,audioseal,0.3750
apartment,p104,/media/storage/hadleigh/stegaphone_data/final_rec//p104/audioseal/sample_7/watermarked_apartment_recording_Fifine_USB_PnP_Audio_Device.wav,audioseal,0.5625
apartment,p104,/media/storage/hadleigh/stegaphone_data/final_rec//p104/audioseal/sample_7/watermarked_apartment_recording_Yeti_Stereo_Microphone.wav,audioseal,0.5000
apartment,p104,/media/storage/hadleigh/stegaphone_data/final_rec//p104/audioseal/sample_7/watermarked_apartment_recording_USB_Lavalier_Microphone.wav,audioseal,0.6250
apartment,p104,/media/storage/hadleigh/stegaphone_data/final_rec//p104/audioseal/sample_2/watermarked_apartment_recording_iPhone_Microphone.wav,audioseal,0.6875
apartment,p104,/media/storage/hadleigh/stegaphone_data/final_rec//p104/audioseal/sample_2/watermarked_apartment_recording_Fifine_USB_PnP_Audio_Device.wav,audioseal,0.3125
apartment,p104,/media/storage/hadleigh/stegaphone_data/final_rec//p104/audioseal/sample_2/watermarked_apartment_recording_Yeti_Stereo_Microphone.wav,audioseal,0.5000
apartment,p104,/media/storage/hadleigh/stegaphone_data/final_rec//p104/audioseal/sample_2/watermarked_apartment_recording_USB_Lavalier_Microphone.wav,audioseal,0.5625
apartment,p104,/media/storage/hadleigh/stegaphone_data/final_rec//p104/audioseal/sample_3/watermarked_apartment_recording_iPhone_Microphone.wav,audioseal,0.3750
apartment,p104,/media/storage/hadleigh/stegaphone_data/final_rec//p104/audioseal/sample_3/watermarked_apartment_recording_Fifine_USB_PnP_Audio_Device.wav,audioseal,0.4375
apartment,p104,/media/storage/hadleigh/stegaphone_data/final_rec//p104/audioseal/sample_3/watermarked_apartment_recording_Yeti_Stereo_Microphone.wav,audioseal,0.4375
apartment,p104,/media/storage/hadleigh/stegaphone_data/final_rec//p104/audioseal/sample_3/watermarked_apartment_recording_USB_Lavalier_Microphone.wav,audioseal,0.3750
apartment,p104,/media/storage/hadleigh/stegaphone_data/final_rec//p104/audioseal/sample_5/watermarked_apartment_recording_iPhone_Microphone.wav,audioseal,0.7500
apartment,p104,/media/storage/hadleigh/stegaphone_data/final_rec//p104/audioseal/sample_5/watermarked_apartment_recording_Fifine_USB_PnP_Audio_Device.wav,audioseal,0.6250
apartment,p104,/media/storage/hadleigh/stegaphone_data/final_rec//p104/audioseal/sample_5/watermarked_apartment_recording_Yeti_Stereo_Microphone.wav,audioseal,0.6250
apartment,p104,/media/storage/hadleigh/stegaphone_data/final_rec//p104/audioseal/sample_5/watermarked_apartment_recording_USB_Lavalier_Microphone.wav,audioseal,0.6250
apartment,p104,/media/storage/hadleigh/stegaphone_data/final_rec//p104/audioseal/sample_8/watermarked_apartment_recording_iPhone_Microphone.wav,audioseal,0.4375
apartment,p104,/media/storage/hadleigh/stegaphone_data/final_rec//p104/audioseal/sample_8/watermarked_apartment_recording_Fifine_USB_PnP_Audio_Device.wav,audioseal,0.6250
apartment,p104,/media/storage/hadleigh/stegaphone_data/final_rec//p104/audioseal/sample_8/watermarked_apartment_recording_Yeti_Stereo_Microphone.wav,audioseal,0.5000
apartment,p104,/media/storage/hadleigh/stegaphone_data/final_rec//p104/audioseal/sample_8/watermarked_apartment_recording_USB_Lavalier_Microphone.wav,audioseal,0.5000
apartment,p104,/media/storage/hadleigh/stegaphone_data/final_rec//p104/audioseal/sample_10/watermarked_apartment_recording_iPhone_Microphone.wav,audioseal,0.3750
apartment,p104,/media/storage/hadleigh/stegaphone_data/final_rec//p104/audioseal/sample_10/watermarked_apartment_recording_Fifine_USB_PnP_Audio_Device.wav,audioseal,0.4375
apartment,p104,/media/storage/hadleigh/stegaphone_data/final_rec//p104/audioseal/sample_10/watermarked_apartment_recording_Yeti_Stereo_Microphone.wav,audioseal,0.3750
apartment,p104,/media/storage/hadleigh/stegaphone_data/final_rec//p104/audioseal/sample_10/watermarked_apartment_recording_USB_Lavalier_Microphone.wav,audioseal,0.4375
apartment,p104,/media/storage/hadleigh/stegaphone_data/final_rec//p104/audioseal/sample_4/watermarked_apartment_recording_iPhone_Microphone.wav,audioseal,0.8125
apartment,p104,/media/storage/hadleigh/stegaphone_data/final_rec//p104/audioseal/sample_4/watermarked_apartment_recording_Fifine_USB_PnP_Audio_Device.wav,audioseal,0.3125
apartment,p104,/media/storage/hadleigh/stegaphone_data/final_rec//p104/audioseal/sample_4/watermarked_apartment_recording_Yeti_Stereo_Microphone.wav,audioseal,0.7500
apartment,p104,/media/storage/hadleigh/stegaphone_data/final_rec//p104/audioseal/sample_4/watermarked_apartment_recording_USB_Lavalier_Microphone.wav,audioseal,0.6875
apartment,p104,/media/storage/hadleigh/stegaphone_data/final_rec//p104/audioseal/sample_9/watermarked_apartment_recording_iPhone_Microphone.wav,audioseal,0.4375
apartment,p104,/media/storage/hadleigh/stegaphone_data/final_rec//p104/audioseal/sample_9/watermarked_apartment_recording_Fifine_USB_PnP_Audio_Device.wav,audioseal,0.4375
apartment,p104,/media/storage/hadleigh/stegaphone_data/final_rec//p104/audioseal/sample_9/watermarked_apartment_recording_Yeti_Stereo_Microphone.wav,audioseal,0.5625
apartment,p104,/media/storage/hadleigh/stegaphone_data/final_rec//p104/audioseal/sample_9/watermarked_apartment_recording_USB_Lavalier_Microphone.wav,audioseal,0.5625
apartment,p104,/media/storage/hadleigh/stegaphone_data/final_rec//p104/audioseal/sample_6/watermarked_apartment_recording_iPhone_Microphone.wav,audioseal,0.3750
apartment,p104,/media/storage/hadleigh/stegaphone_data/final_rec//p104/audioseal/sample_6/watermarked_apartment_recording_Fifine_USB_PnP_Audio_Device.wav,audioseal,0.5000
apartment,p104,/media/storage/hadleigh/stegaphone_data/final_rec//p104/audioseal/sample_6/watermarked_apartment_recording_Yeti_Stereo_Microphone.wav,audioseal,0.5000
apartment,p104,/media/storage/hadleigh/stegaphone_data/final_rec//p104/audioseal/sample_6/watermarked_apartment_recording_USB_Lavalier_Microphone.wav,audioseal,0.3750
apartment,p104,/media/storage/hadleigh/stegaphone_data/final_rec//p104/audioseal/sample_1/watermarked_apartment_recording_iPhone_Microphone.wav,audioseal,0.4375
apartment,p104,/media/storage/hadleigh/stegaphone_data/final_rec//p104/audioseal/sample_1/watermarked_apartment_recording_Fifine_USB_PnP_Audio_Device.wav,audioseal,0.4375
apartment,p104,/media/storage/hadleigh/stegaphone_data/final_rec//p104/audioseal/sample_1/watermarked_apartment_recording_Yeti_Stereo_Microphone.wav,audioseal,0.6250
apartment,p104,/media/storage/hadleigh/stegaphone_data/final_rec//p104/audioseal/sample_1/watermarked_apartment_recording_USB_Lavalier_Microphone.wav,audioseal,0.3750
apartment,p105,/media/storage/hadleigh/stegaphone_data/final_rec//p105/audioseal/sample_7/watermarked_apartment_recording_iPhone_Microphone.wav,audioseal,0.3125
apartment,p105,/media/storage/hadleigh/stegaphone_data/final_rec//p105/audioseal/sample_7/watermarked_apartment_recording_Fifine_USB_PnP_Audio_Device.wav,audioseal,0.4375
apartment,p105,/media/storage/hadleigh/stegaphone_data/final_rec//p105/audioseal/sample_7/watermarked_apartment_recording_Yeti_Stereo_Microphone.wav,audioseal,0.4375
apartment,p105,/media/storage/hadleigh/stegaphone_data/final_rec//p105/audioseal/sample_7/watermarked_apartment_recording_USB_Lavalier_Microphone.wav,audioseal,0.4375
apartment,p105,/media/storage/hadleigh/stegaphone_data/final_rec//p105/audioseal/sample_2/watermarked_apartment_recording_iPhone_Microphone.wav,audioseal,0.4375
apartment,p105,/media/storage/hadleigh/stegaphone_data/final_rec//p105/audioseal/sample_2/watermarked_apartment_recording_Fifine_USB_PnP_Audio_Device.wav,audioseal,0.4375
apartment,p105,/media/storage/hadleigh/stegaphone_data/final_rec//p105/audioseal/sample_2/watermarked_apartment_recording_Yeti_Stereo_Microphone.wav,audioseal,0.3125
apartment,p105,/media/storage/hadleigh/stegaphone_data/final_rec//p105/audioseal/sample_2/watermarked_apartment_recording_USB_Lavalier_Microphone.wav,audioseal,0.4375
apartment,p105,/media/storage/hadleigh/stegaphone_data/final_rec//p105/audioseal/sample_3/watermarked_apartment_recording_iPhone_Microphone.wav,audioseal,0.5000
apartment,p105,/media/storage/hadleigh/stegaphone_data/final_rec//p105/audioseal/sample_3/watermarked_apartment_recording_Fifine_USB_PnP_Audio_Device.wav,audioseal,0.4375
apartment,p105,/media/storage/hadleigh/stegaphone_data/final_rec//p105/audioseal/sample_3/watermarked_apartment_recording_Yeti_Stereo_Microphone.wav,audioseal,0.5625
apartment,p105,/media/storage/hadleigh/stegaphone_data/final_rec//p105/audioseal/sample_3/watermarked_apartment_recording_USB_Lavalier_Microphone.wav,audioseal,0.5000
apartment,p105,/media/storage/hadleigh/stegaphone_data/final_rec//p105/audioseal/sample_5/watermarked_apartment_recording_iPhone_Microphone.wav,audioseal,0.6875
apartment,p105,/media/storage/hadleigh/stegaphone_data/final_rec//p105/audioseal/sample_5/watermarked_apartment_recording_Fifine_USB_PnP_Audio_Device.wav,audioseal,0.5625
apartment,p105,/media/storage/hadleigh/stegaphone_data/final_rec//p105/audioseal/sample_5/watermarked_apartment_recording_Yeti_Stereo_Microphone.wav,audioseal,0.6875
apartment,p105,/media/storage/hadleigh/stegaphone_data/final_rec//p105/audioseal/sample_5/watermarked_apartment_recording_USB_Lavalier_Microphone.wav,audioseal,0.5625
apartment,p105,/media/storage/hadleigh/stegaphone_data/final_rec//p105/audioseal/sample_8/watermarked_apartment_recording_iPhone_Microphone.wav,audioseal,0.4375
apartment,p105,/media/storage/hadleigh/stegaphone_data/final_rec//p105/audioseal/sample_8/watermarked_apartment_recording_Fifine_USB_PnP_Audio_Device.wav,audioseal,0.6250
apartment,p105,/media/storage/hadleigh/stegaphone_data/final_rec//p105/audioseal/sample_8/watermarked_apartment_recording_Yeti_Stereo_Microphone.wav,audioseal,0.5000
apartment,p105,/media/storage/hadleigh/stegaphone_data/final_rec//p105/audioseal/sample_8/watermarked_apartment_recording_USB_Lavalier_Microphone.wav,audioseal,0.3125
apartment,p105,/media/storage/hadleigh/stegaphone_data/final_rec//p105/audioseal/sample_10/watermarked_apartment_recording_iPhone_Microphone.wav,audioseal,0.3125
apartment,p105,/media/storage/hadleigh/stegaphone_data/final_rec//p105/audioseal/sample_10/watermarked_apartment_recording_Fifine_USB_PnP_Audio_Device.wav,audioseal,0.2500
apartment,p105,/media/storage/hadleigh/stegaphone_data/final_rec//p105/audioseal/sample_10/watermarked_apartment_recording_Yeti_Stereo_Microphone.wav,audioseal,0.3750
apartment,p105,/media/storage/hadleigh/stegaphone_data/final_rec//p105/audioseal/sample_10/watermarked_apartment_recording_USB_Lavalier_Microphone.wav,audioseal,0.3125
apartment,p105,/media/storage/hadleigh/stegaphone_data/final_rec//p105/audioseal/sample_4/watermarked_apartment_recording_iPhone_Microphone.wav,audioseal,0.2500
apartment,p105,/media/storage/hadleigh/stegaphone_data/final_rec//p105/audioseal/sample_4/watermarked_apartment_recording_Fifine_USB_PnP_Audio_Device.wav,audioseal,0.3750
apartment,p105,/media/storage/hadleigh/stegaphone_data/final_rec//p105/audioseal/sample_4/watermarked_apartment_recording_Yeti_Stereo_Microphone.wav,audioseal,0.4375
apartment,p105,/media/storage/hadleigh/stegaphone_data/final_rec//p105/audioseal/sample_4/watermarked_apartment_recording_USB_Lavalier_Microphone.wav,audioseal,0.3750
apartment,p105,/media/storage/hadleigh/stegaphone_data/final_rec//p105/audioseal/sample_9/watermarked_apartment_recording_iPhone_Microphone.wav,audioseal,0.6875
apartment,p105,/media/storage/hadleigh/stegaphone_data/final_rec//p105/audioseal/sample_9/watermarked_apartment_recording_Fifine_USB_PnP_Audio_Device.wav,audioseal,0.3125
apartment,p105,/media/storage/hadleigh/stegaphone_data/final_rec//p105/audioseal/sample_9/watermarked_apartment_recording_Yeti_Stereo_Microphone.wav,audioseal,0.4375
apartment,p105,/media/storage/hadleigh/stegaphone_data/final_rec//p105/audioseal/sample_9/watermarked_apartment_recording_USB_Lavalier_Microphone.wav,audioseal,0.5625
apartment,p105,/media/storage/hadleigh/stegaphone_data/final_rec//p105/audioseal/sample_6/watermarked_apartment_recording_iPhone_Microphone.wav,audioseal,0.5000
apartment,p105,/media/storage/hadleigh/stegaphone_data/final_rec//p105/audioseal/sample_6/watermarked_apartment_recording_Fifine_USB_PnP_Audio_Device.wav,audioseal,0.5000
apartment,p105,/media/storage/hadleigh/stegaphone_data/final_rec//p105/audioseal/sample_6/watermarked_apartment_recording_Yeti_Stereo_Microphone.wav,audioseal,0.3750
apartment,p105,/media/storage/hadleigh/stegaphone_data/final_rec//p105/audioseal/sample_6/watermarked_apartment_recording_USB_Lavalier_Microphone.wav,audioseal,0.3750
apartment,p105,/media/storage/hadleigh/stegaphone_data/final_rec//p105/audioseal/sample_1/watermarked_apartment_recording_iPhone_Microphone.wav,audioseal,0.5000
apartment,p105,/media/storage/hadleigh/stegaphone_data/final_rec//p105/audioseal/sample_1/watermarked_apartment_recording_Fifine_USB_PnP_Audio_Device.wav,audioseal,0.5000
apartment,p105,/media/storage/hadleigh/stegaphone_data/final_rec//p105/audioseal/sample_1/watermarked_apartment_recording_Yeti_Stereo_Microphone.wav,audioseal,0.5625
apartment,p105,/media/storage/hadleigh/stegaphone_data/final_rec//p105/audioseal/sample_1/watermarked_apartment_recording_USB_Lavalier_Microphone.wav,audioseal,0.4375
apartment,p106,/media/storage/hadleigh/stegaphone_data/final_rec//p106/audioseal/sample_7/watermarked_apartment_recording_iPhone_Microphone.wav,audioseal,0.5000
apartment,p106,/media/storage/hadleigh/stegaphone_data/final_rec//p106/audioseal/sample_7/watermarked_apartment_recording_Fifine_USB_PnP_Audio_Device.wav,audioseal,0.6875
apartment,p106,/media/storage/hadleigh/stegaphone_data/final_rec//p106/audioseal/sample_7/watermarked_apartment_recording_Yeti_Stereo_Microphone.wav,audioseal,0.5000
apartment,p106,/media/storage/hadleigh/stegaphone_data/final_rec//p106/audioseal/sample_7/watermarked_apartment_recording_USB_Lavalier_Microphone.wav,audioseal,0.4375
apartment,p106,/media/storage/hadleigh/stegaphone_data/final_rec//p106/audioseal/sample_2/watermarked_apartment_recording_iPhone_Microphone.wav,audioseal,0.5000
apartment,p106,/media/storage/hadleigh/stegaphone_data/final_rec//p106/audioseal/sample_2/watermarked_apartment_recording_Fifine_USB_PnP_Audio_Device.wav,audioseal,0.6875
apartment,p106,/media/storage/hadleigh/stegaphone_data/final_rec//p106/audioseal/sample_2/watermarked_apartment_recording_Yeti_Stereo_Microphone.wav,audioseal,0.4375
apartment,p106,/media/storage/hadleigh/stegaphone_data/final_rec//p106/audioseal/sample_2/watermarked_apartment_recording_USB_Lavalier_Microphone.wav,audioseal,0.5625
apartment,p106,/media/storage/hadleigh/stegaphone_data/final_rec//p106/audioseal/sample_3/watermarked_apartment_recording_iPhone_Microphone.wav,audioseal,0.5625
apartment,p106,/media/storage/hadleigh/stegaphone_data/final_rec//p106/audioseal/sample_3/watermarked_apartment_recording_Fifine_USB_PnP_Audio_Device.wav,audioseal,0.6250
apartment,p106,/media/storage/hadleigh/stegaphone_data/final_rec//p106/audioseal/sample_3/watermarked_apartment_recording_Yeti_Stereo_Microphone.wav,audioseal,0.4375
apartment,p106,/media/storage/hadleigh/stegaphone_data/final_rec//p106/audioseal/sample_3/watermarked_apartment_recording_USB_Lavalier_Microphone.wav,audioseal,0.5625
apartment,p106,/media/storage/hadleigh/stegaphone_data/final_rec//p106/audioseal/sample_5/watermarked_apartment_recording_iPhone_Microphone.wav,audioseal,0.6250
apartment,p106,/media/storage/hadleigh/stegaphone_data/final_rec//p106/audioseal/sample_5/watermarked_apartment_recording_Fifine_USB_PnP_Audio_Device.wav,audioseal,0.4375
apartment,p106,/media/storage/hadleigh/stegaphone_data/final_rec//p106/audioseal/sample_5/watermarked_apartment_recording_Yeti_Stereo_Microphone.wav,audioseal,0.5000
apartment,p106,/media/storage/hadleigh/stegaphone_data/final_rec//p106/audioseal/sample_5/watermarked_apartment_recording_USB_Lavalier_Microphone.wav,audioseal,0.5000
apartment,p106,/media/storage/hadleigh/stegaphone_data/final_rec//p106/audioseal/sample_8/watermarked_apartment_recording_iPhone_Microphone.wav,audioseal,0.5625
apartment,p106,/media/storage/hadleigh/stegaphone_data/final_rec//p106/audioseal/sample_8/watermarked_apartment_recording_Fifine_USB_PnP_Audio_Device.wav,audioseal,0.7500
apartment,p106,/media/storage/hadleigh/stegaphone_data/final_rec//p106/audioseal/sample_8/watermarked_apartment_recording_Yeti_Stereo_Microphone.wav,audioseal,0.5625
apartment,p106,/media/storage/hadleigh/stegaphone_data/final_rec//p106/audioseal/sample_8/watermarked_apartment_recording_USB_Lavalier_Microphone.wav,audioseal,0.6875
apartment,p106,/media/storage/hadleigh/stegaphone_data/final_rec//p106/audioseal/sample_10/watermarked_apartment_recording_iPhone_Microphone.wav,audioseal,0.4375
apartment,p106,/media/storage/hadleigh/stegaphone_data/final_rec//p106/audioseal/sample_10/watermarked_apartment_recording_Fifine_USB_PnP_Audio_Device.wav,audioseal,0.5625
apartment,p106,/media/storage/hadleigh/stegaphone_data/final_rec//p106/audioseal/sample_10/watermarked_apartment_recording_Yeti_Stereo_Microphone.wav,audioseal,0.6875
apartment,p106,/media/storage/hadleigh/stegaphone_data/final_rec//p106/audioseal/sample_10/watermarked_apartment_recording_USB_Lavalier_Microphone.wav,audioseal,0.6250
apartment,p106,/media/storage/hadleigh/stegaphone_data/final_rec//p106/audioseal/sample_4/watermarked_apartment_recording_iPhone_Microphone.wav,audioseal,0.6250
apartment,p106,/media/storage/hadleigh/stegaphone_data/final_rec//p106/audioseal/sample_4/watermarked_apartment_recording_Fifine_USB_PnP_Audio_Device.wav,audioseal,0.1875
apartment,p106,/media/storage/hadleigh/stegaphone_data/final_rec//p106/audioseal/sample_4/watermarked_apartment_recording_Yeti_Stereo_Microphone.wav,audioseal,0.5625
apartment,p106,/media/storage/hadleigh/stegaphone_data/final_rec//p106/audioseal/sample_4/watermarked_apartment_recording_USB_Lavalier_Microphone.wav,audioseal,0.6250
apartment,p106,/media/storage/hadleigh/stegaphone_data/final_rec//p106/audioseal/sample_9/watermarked_apartment_recording_iPhone_Microphone.wav,audioseal,0.5625
apartment,p106,/media/storage/hadleigh/stegaphone_data/final_rec//p106/audioseal/sample_9/watermarked_apartment_recording_Fifine_USB_PnP_Audio_Device.wav,audioseal,0.5000
apartment,p106,/media/storage/hadleigh/stegaphone_data/final_rec//p106/audioseal/sample_9/watermarked_apartment_recording_Yeti_Stereo_Microphone.wav,audioseal,0.5000
apartment,p106,/media/storage/hadleigh/stegaphone_data/final_rec//p106/audioseal/sample_9/watermarked_apartment_recording_USB_Lavalier_Microphone.wav,audioseal,0.5625
apartment,p106,/media/storage/hadleigh/stegaphone_data/final_rec//p106/audioseal/sample_6/watermarked_apartment_recording_iPhone_Microphone.wav,audioseal,0.5625
apartment,p106,/media/storage/hadleigh/stegaphone_data/final_rec//p106/audioseal/sample_6/watermarked_apartment_recording_Fifine_USB_PnP_Audio_Device.wav,audioseal,0.5000
apartment,p106,/media/storage/hadleigh/stegaphone_data/final_rec//p106/audioseal/sample_6/watermarked_apartment_recording_Yeti_Stereo_Microphone.wav,audioseal,0.3750
apartment,p106,/media/storage/hadleigh/stegaphone_data/final_rec//p106/audioseal/sample_6/watermarked_apartment_recording_USB_Lavalier_Microphone.wav,audioseal,0.5625
apartment,p106,/media/storage/hadleigh/stegaphone_data/final_rec//p106/audioseal/sample_1/watermarked_apartment_recording_iPhone_Microphone.wav,audioseal,0.3750
apartment,p106,/media/storage/hadleigh/stegaphone_data/final_rec//p106/audioseal/sample_1/watermarked_apartment_recording_Fifine_USB_PnP_Audio_Device.wav,audioseal,0.3750
apartment,p106,/media/storage/hadleigh/stegaphone_data/final_rec//p106/audioseal/sample_1/watermarked_apartment_recording_Yeti_Stereo_Microphone.wav,audioseal,0.5000
apartment,p106,/media/storage/hadleigh/stegaphone_data/final_rec//p106/audioseal/sample_1/watermarked_apartment_recording_USB_Lavalier_Microphone.wav,audioseal,0.6250
apartment,p107,/media/storage/hadleigh/stegaphone_data/final_rec//p107/audioseal/sample_7/watermarked_apartment_recording_iPhone_Microphone.wav,audioseal,0.4375
apartment,p107,/media/storage/hadleigh/stegaphone_data/final_rec//p107/audioseal/sample_7/watermarked_apartment_recording_Fifine_USB_PnP_Audio_Device.wav,audioseal,0.5625
apartment,p107,/media/storage/hadleigh/stegaphone_data/final_rec//p107/audioseal/sample_7/watermarked_apartment_recording_Yeti_Stereo_Microphone.wav,audioseal,0.7500
apartment,p107,/media/storage/hadleigh/stegaphone_data/final_rec//p107/audioseal/sample_7/watermarked_apartment_recording_USB_Lavalier_Microphone.wav,audioseal,0.5625
apartment,p107,/media/storage/hadleigh/stegaphone_data/final_rec//p107/audioseal/sample_2/watermarked_apartment_recording_iPhone_Microphone.wav,audioseal,0.3750
apartment,p107,/media/storage/hadleigh/stegaphone_data/final_rec//p107/audioseal/sample_2/watermarked_apartment_recording_Fifine_USB_PnP_Audio_Device.wav,audioseal,0.5000
apartment,p107,/media/storage/hadleigh/stegaphone_data/final_rec//p107/audioseal/sample_2/watermarked_apartment_recording_Yeti_Stereo_Microphone.wav,audioseal,0.5625
apartment,p107,/media/storage/hadleigh/stegaphone_data/final_rec//p107/audioseal/sample_2/watermarked_apartment_recording_USB_Lavalier_Microphone.wav,audioseal,0.5000
apartment,p107,/media/storage/hadleigh/stegaphone_data/final_rec//p107/audioseal/sample_3/watermarked_apartment_recording_iPhone_Microphone.wav,audioseal,0.6250
apartment,p107,/media/storage/hadleigh/stegaphone_data/final_rec//p107/audioseal/sample_3/watermarked_apartment_recording_Fifine_USB_PnP_Audio_Device.wav,audioseal,0.6875
apartment,p107,/media/storage/hadleigh/stegaphone_data/final_rec//p107/audioseal/sample_3/watermarked_apartment_recording_Yeti_Stereo_Microphone.wav,audioseal,0.5000
apartment,p107,/media/storage/hadleigh/stegaphone_data/final_rec//p107/audioseal/sample_3/watermarked_apartment_recording_USB_Lavalier_Microphone.wav,audioseal,0.7500
apartment,p107,/media/storage/hadleigh/stegaphone_data/final_rec//p107/audioseal/sample_5/watermarked_apartment_recording_iPhone_Microphone.wav,audioseal,0.5625
apartment,p107,/media/storage/hadleigh/stegaphone_data/final_rec//p107/audioseal/sample_5/watermarked_apartment_recording_Fifine_USB_PnP_Audio_Device.wav,audioseal,0.5000
apartment,p107,/media/storage/hadleigh/stegaphone_data/final_rec//p107/audioseal/sample_5/watermarked_apartment_recording_Yeti_Stereo_Microphone.wav,audioseal,0.4375
apartment,p107,/media/storage/hadleigh/stegaphone_data/final_rec//p107/audioseal/sample_5/watermarked_apartment_recording_USB_Lavalier_Microphone.wav,audioseal,0.5000
apartment,p107,/media/storage/hadleigh/stegaphone_data/final_rec//p107/audioseal/sample_8/watermarked_apartment_recording_iPhone_Microphone.wav,audioseal,0.3750
apartment,p107,/media/storage/hadleigh/stegaphone_data/final_rec//p107/audioseal/sample_8/watermarked_apartment_recording_Fifine_USB_PnP_Audio_Device.wav,audioseal,0.5000
apartment,p107,/media/storage/hadleigh/stegaphone_data/final_rec//p107/audioseal/sample_8/watermarked_apartment_recording_Yeti_Stereo_Microphone.wav,audioseal,0.3125
apartment,p107,/media/storage/hadleigh/stegaphone_data/final_rec//p107/audioseal/sample_8/watermarked_apartment_recording_USB_Lavalier_Microphone.wav,audioseal,0.2500
apartment,p107,/media/storage/hadleigh/stegaphone_data/final_rec//p107/audioseal/sample_10/watermarked_apartment_recording_iPhone_Microphone.wav,audioseal,0.3125
apartment,p107,/media/storage/hadleigh/stegaphone_data/final_rec//p107/audioseal/sample_10/watermarked_apartment_recording_Fifine_USB_PnP_Audio_Device.wav,audioseal,0.6250
apartment,p107,/media/storage/hadleigh/stegaphone_data/final_rec//p107/audioseal/sample_10/watermarked_apartment_recording_Yeti_Stereo_Microphone.wav,audioseal,0.6250
apartment,p107,/media/storage/hadleigh/stegaphone_data/final_rec//p107/audioseal/sample_10/watermarked_apartment_recording_USB_Lavalier_Microphone.wav,audioseal,0.5000
apartment,p107,/media/storage/hadleigh/stegaphone_data/final_rec//p107/audioseal/sample_4/watermarked_apartment_recording_iPhone_Microphone.wav,audioseal,0.5625
apartment,p107,/media/storage/hadleigh/stegaphone_data/final_rec//p107/audioseal/sample_4/watermarked_apartment_recording_Fifine_USB_PnP_Audio_Device.wav,audioseal,0.6875
apartment,p107,/media/storage/hadleigh/stegaphone_data/final_rec//p107/audioseal/sample_4/watermarked_apartment_recording_Yeti_Stereo_Microphone.wav,audioseal,0.7500
apartment,p107,/media/storage/hadleigh/stegaphone_data/final_rec//p107/audioseal/sample_4/watermarked_apartment_recording_USB_Lavalier_Microphone.wav,audioseal,0.6250
apartment,p107,/media/storage/hadleigh/stegaphone_data/final_rec//p107/audioseal/sample_9/watermarked_apartment_recording_iPhone_Microphone.wav,audioseal,0.1875
apartment,p107,/media/storage/hadleigh/stegaphone_data/final_rec//p107/audioseal/sample_9/watermarked_apartment_recording_Fifine_USB_PnP_Audio_Device.wav,audioseal,0.6250
apartment,p107,/media/storage/hadleigh/stegaphone_data/final_rec//p107/audioseal/sample_9/watermarked_apartment_recording_Yeti_Stereo_Microphone.wav,audioseal,0.5000
apartment,p107,/media/storage/hadleigh/stegaphone_data/final_rec//p107/audioseal/sample_9/watermarked_apartment_recording_USB_Lavalier_Microphone.wav,audioseal,0.3125
apartment,p107,/media/storage/hadleigh/stegaphone_data/final_rec//p107/audioseal/sample_6/watermarked_apartment_recording_iPhone_Microphone.wav,audioseal,0.5000
apartment,p107,/media/storage/hadleigh/stegaphone_data/final_rec//p107/audioseal/sample_6/watermarked_apartment_recording_Fifine_USB_PnP_Audio_Device.wav,audioseal,0.5000
apartment,p107,/media/storage/hadleigh/stegaphone_data/final_rec//p107/audioseal/sample_6/watermarked_apartment_recording_Yeti_Stereo_Microphone.wav,audioseal,0.5000
apartment,p107,/media/storage/hadleigh/stegaphone_data/final_rec//p107/audioseal/sample_6/watermarked_apartment_recording_USB_Lavalier_Microphone.wav,audioseal,0.5625
apartment,p107,/media/storage/hadleigh/stegaphone_data/final_rec//p107/audioseal/sample_1/watermarked_apartment_recording_iPhone_Microphone.wav,audioseal,0.2500
apartment,p107,/media/storage/hadleigh/stegaphone_data/final_rec//p107/audioseal/sample_1/watermarked_apartment_recording_Fifine_USB_PnP_Audio_Device.wav,audioseal,0.6875
apartment,p107,/media/storage/hadleigh/stegaphone_data/final_rec//p107/audioseal/sample_1/watermarked_apartment_recording_Yeti_Stereo_Microphone.wav,audioseal,0.5625
apartment,p107,/media/storage/hadleigh/stegaphone_data/final_rec//p107/audioseal/sample_1/watermarked_apartment_recording_USB_Lavalier_Microphone.wav,audioseal,0.5000
